tree
version=v4
num_class=1
num_tree_per_iteration=1
label_index=0
max_feature_idx=87
objective=binary sigmoid:1
feature_names=hour minute minute_of_day dir_long vix vix3m vvix atr atr_5 atr_20 trend_dir_ord har_rv_forecast stop_mult hmm_state_ord hmm_bull_prob hmm_strong_prob hmm_neutral_prob hmm_stress_prob hmm_bear_prob gex_bias_ord gex_ratio tsmom_bias_ord tsmom_return_30m tsmom_conviction tsmom_available occ_first_bar_ret sector_rs_ratio sector_rs_vs_sma smh_rs_slope macro_dxy_ret macro_tnx_chg_bps nq_es_zscore cot_index breadth_addn rvol lambda_val lambda_zscore lambda_aligned avwap_near avwap_confluence risk_pts reward_pts_planned rr_planned setup_atr_ratio vwap_at_entry deviation_std score bd_tsmom bd_gex bd_es bd_hmm bd_cvd bd_overnight bd_vix_term bd_sector bd_macro bd_nq_es_spread bd_conviction bd_open_type bd_rvol bd_occ bd_absorption bd_lambda bd_smh bd_cot bd_avwap bd_breadth bd_memory vol_regime_cat vix_regime_cat trend_dir_cat vix_term_cat open_type_cat overnight_type_cat har_vol_regime_cat hmm_state_cat gex_bias_cat tsmom_bias_cat occ_dir_cat occ_conviction_cat sector_bias_cat smh_signal_cat macro_combined_cat nq_es_signal_cat cot_bias_cat breadth_bias_cat rvol_regime_cat entry_type_cat
feature_infos=[9:11] [0:55] [595:685] [0:1] none none none [18:1595.8499999999999] [18:1595.8499999999999] [18:879.54999999999995] [-2:2] [0:0.0036004457364391187] [0.84999999999999998:1.3] [-2:2] [0:1] [0:1] [0:1] [0:1] [0:1] none none none [-0.018208620154651137:0.027020700485458855] [0:1] none [-0.0073801468114995748:0.0087052119090888693] none none none none none none [0:100] none [0.026109173376968237:3.9992282107352213] [-0.042105263157894736:0.064722617354196307] [-1.9555088341092388:1.9089642160087834] [0:1] [0:1] none [3:308.46125000000029] [5:1911.75] [0.050782497154064118:36.335865589451764] none none none [14:21] [0:1] none none [0:1] [0:1] none none none none none none [0:1] [0:1] [0:1] none [0:1] none none none none none -1:3:2:0:1 none -1:2:1:0:3 -1:0:1 -1:3:2:0:1 -1:1:2:0 -1:2:0 -1:2:1:3:4:0 -1:1:0 -1:2:0:1 -1:0:2:1 -1:1:0 -1:2:1 none -1:0:2 none -1:2:0:1 none -1:2:3:1 none
tree_sizes=1067 993 1100 1225 1211 1197 1104 1205 1106 1114 1103 1000 1183 1194 995 1103 1224 1107 1011 1305 1201 1104 993 994 983 1327 886 1024 1002 892 1226 1102 1308 1091 1088 1117 1118 915 1094 1302 1109 1306 911 886 1090 976 903 1334 1100 1094 1104 1110 1160 1216 1112 1091 1112 892 1099 1084 1217 1102 1434 1104 1416 1317 1214 911 1426 783 1424 995 1018 887 1101 1001 1090 1002 1096 1005 1173 1201 1192 878 1317 1213 1001 1198 1104 1001 1116 685 995 1208 1225 1107 1198 993 1299 789 1227 993 1416 990 1094 1342 1112 1110 790 1081 892 1444 1110 1142 1116 1094 974 1107 998 1239 1282 1137 1226 1218 1203 1133 793 1114 1209 891 911 687 1118 1463 1111 1110 879 1098 793 998 1118 1096 787 1225 1198 888 1102 916 1444 1302 1205 683 1202 1007 1112 1233 1173 1095 1418 797 1217 1423 1226 1210 875 1007 791 1210 1335 1003 1134 1194 813 994 1448 915 902 977 1436 976 1286 1212 1201 1205 1323 1026 871 1108 1412 1204 1109 1120 1423 901 1100 989 1220 992 1207 690 1013 1137 1306 1098 805 1004 882 887 885 1199 1010 1420 1122 1005 789 678 1084 1192 1105 1311 888 1338 872 1113 1107 693 1420 1082 1106 990 1212 1324 1208 1323 897 1407 1202 684 781 765 1322 1315 888 1214 1079 1204 1214 1103 1319 789

Tree=0
num_leaves=9
num_cat=0
split_feature=37 17 25 40 23 22 40 25
split_gain=35.5579 7.0133 6.5749 7.87492 6.09091 6.47093 5.29372 2.18924
threshold=1.0000000180025095e-35 2.4031339157365474e-10 -0.0012538430540296108 14.823124999999893 0.59612858471586339 0.00016212419570264941 27.002249999999552 -0.0023157199273418877
decision_type=2 2 2 2 2 2 2 2
left_child=6 4 7 -4 5 -2 -1 -3
right_child=1 2 3 -5 -6 -7 -8 -9
leaf_value=0.5934398959094026 0.54304068163995867 0.56933628059784802 0.57368283789794317 0.55994669170837386 0.56752978960314127 0.56495521635314849 0.57487878501326151 0.58216275549546559
leaf_weight=21.701083242893219 13.620892673730852 10.850541621446611 24.47143429517746 46.172517538070679 17.314694076776505 10.157953858375548 11.081404209136961 12.697442322969435
leaf_count=94 59 47 106 200 75 44 48 55
internal_value=0.56934 0.564817 0.567918 0.564799 0.558026 0.551653 0.587728 0.576786
internal_weight=168.068 135.285 94.1919 70.644 41.0935 23.7788 32.7825 23.548
internal_count=728 586 408 306 178 103 142 102
is_linear=0
shrinkage=1


Tree=1
num_leaves=8
num_cat=0
split_feature=37 42 42 42 8 11 42
split_gain=23.1166 10.8926 8.37146 7.50821 7.00111 4.31181 0.319131
threshold=1.0000000180025095e-35 2.2386341969723422 5.3586319590954874 0.46233558417808346 46.150000000000013 9.3748925165932428e-05 4.2648549840792045
decision_type=2 2 2 2 2 2 2
left_child=1 -1 3 -2 -5 -4 -3
right_child=2 6 5 4 -6 -7 -8
leaf_value=-0.00022976878945230186 0.0087978394623624938 0.013738792734007244 0.016307760647457786 0.0062346027307298105 -0.0099885878577018056 -0.0013811846105374012 0.025593812137482873
leaf_weight=13.804067820310591 10.39956423640251 9.1869599372148532 9.4669099599123019 10.849067538976668 92.916745290160179 10.162170112133024 13.072788208723066
leaf_count=60 45 40 41 47 402 44 57
internal_value=-0.000549717 0.0134021 -0.00442641 -0.00652913 -0.00819181 0.00723614 0.02176
internal_weight=169.858 36.0638 133.794 114.165 103.766 19.6291 22.2597
internal_count=736 157 579 494 449 85 97
is_linear=0
shrinkage=0.02


Tree=2
num_leaves=9
num_cat=0
split_feature=62 40 40 17 11 8 14 8
split_gain=25.5265 13.473 6.79483 5.89966 5.4763 7.55247 4.15222 1.14738
threshold=1.0000000180025095e-35 14.565968749999231 31.756312499999698 3.2370418989112883e-29 6.6520334176661027e-05 74.225000000000009 0.0047831650622233912 121.87500000000001
decision_type=2 2 2 2 2 2 2 2
left_child=2 4 7 -3 5 -2 -5 -1
right_child=1 3 -4 6 -6 -7 -8 -9
leaf_value=0.011439296075681435 0.00067362741881564058 -0.022924273158266152 0.00036384073561128314 -0.011151642447874621 -0.0052325214910475893 0.022196198436865534 -0.0013452273017329744 0.025160548434077858
leaf_weight=9.1272540688514727 18.474583774805073 11.592660233378409 10.584411233663557 47.471147209405899 16.634220868349075 9.68755856156349 29.644355744123459 12.535558491945265
leaf_count=40 80 50 46 205 72 42 128 55
internal_value=-0.00143769 -0.00534081 0.0142155 -0.00983672 0.00345159 0.00879022 -0.0075242 0.0204039
internal_weight=165.752 133.505 32.2472 88.7082 44.7964 28.1621 77.1155 21.6628
internal_count=718 577 141 383 194 122 333 95
is_linear=0
shrinkage=0.02


Tree=3
num_leaves=10
num_cat=1
split_feature=37 47 36 77 34 34 34 9 0
split_gain=29.8724 5.44859 4.29171 9.14804 5.5403 4.00199 6.47572 3.97896 2.40068
threshold=1.0000000180025095e-35 1.0000000180025095e-35 0.10348866317832141 0 0.83780338574156465 1.1532398756952682 0.71887088691643986 185.01250000000002 9.5000000000000018
decision_type=2 2 2 1 2 2 2 2 2
left_child=8 2 4 -4 -2 6 -3 -7 -1
right_child=1 5 3 -5 -6 7 -8 -9 -10
leaf_value=0.010605100674895332 -0.00027563892459387881 -0.0072584420663881558 -0.013382951937630063 0.012212264114295044 -0.019631583499432618 -0.014729717340768875 0.0064729958467293885 2.8983616023891329e-05 0.023553457713540251
leaf_weight=17.573828667402267 9.2592189908027667 18.761925369501114 11.139805570244789 9.2608561217784882 19.456417307257652 12.523053020238878 42.867494881153107 14.152567625045775 15.229244813323019
leaf_count=77 40 81 48 40 84 54 185 61 67
internal_value=0.000428771 -0.00365418 -0.00893078 -0.00145594 -0.0138116 -0.000584942 0.00214777 -0.00696467 0.017313
internal_weight=170.224 137.421 49.1163 20.4007 28.7156 88.305 61.6294 26.6756 32.8031
internal_count=737 593 212 88 124 381 266 115 144
cat_boundaries=0 1
cat_threshold=4
is_linear=0
shrinkage=0.02


Tree=4
num_leaves=10
num_cat=0
split_feature=42 17 37 41 42 14 1 42 14
split_gain=22.2632 13.4737 8.41316 7.28302 9.42406 5.49587 4.39228 4.21672 5.59095
threshold=4.3554715794058767 2.1378556423500529e-15 1.0000000180025095e-35 97.125000000000014 1.8134805553707973 3.8729762796200656e-05 52.500000000000007 1.2189178025609255 0.053154355424946946
decision_type=2 2 2 2 2 2 2 2 2
left_child=1 7 -2 4 -3 -5 -4 -1 -9
right_child=2 3 6 5 -6 -7 -8 8 -10
leaf_value=-0.0052684776197157116 0.024459267386348588 -0.0048173750278036574 -0.0061519051620052305 -0.023369646596930239 0.0093262198105634568 -0.0023745563288475216 0.01027924014007928 -0.031812314440371886 -0.0089198163767641708
leaf_weight=9.9938784837722796 11.917335107922552 49.943877667188644 9.2551884204149246 9.2899989783763903 28.852168992161751 11.575137436389921 15.941992551088333 11.384451881051065 9.5124062448739988
leaf_count=43 53 216 40 40 125 50 69 49 41
internal_value=-0.00221739 -0.00613453 0.0112034 -0.00241744 0.000338264 -0.0126381 0.00401043 -0.0174868 -0.0225488
internal_weight=167.666 130.552 37.1145 99.6612 78.796 20.8651 25.1972 30.8907 20.8969
internal_count=726 564 162 431 341 90 109 133 90
is_linear=0
shrinkage=0.02


Tree=5
num_leaves=10
num_cat=0
split_feature=40 42 40 23 40 42 34 40 36
split_gain=23.471 8.11381 7.19379 10.0643 5.65569 5.3151 3.92886 1.02827 0.469849
threshold=11.502843750000467 0.99881526436099655 30.965625000000731 0.42397255634496095 65.263656250000182 3.0541997206788047 0.98024099830155209 8.7374062500002783 -0.087089063941090741
decision_type=2 2 2 2 2 2 2 2 2
left_child=5 4 3 -3 -2 -1 -4 8 -7
right_child=1 2 6 -5 -6 7 -8 -9 -10
leaf_value=0.0034541901960618631 -0.0015802701459876715 -0.010067361197005683 -0.0045487636680586968 0.0084272763645668498 0.015817847374973409 0.013296786103331844 -0.016613089089785257 0.0095549911676841223 0.025929781449861897
leaf_weight=16.844322130084038 16.690732672810558 21.760596305131912 21.835538983345032 23.305770099163055 11.589676231145857 9.0971984565258062 27.251333817839622 9.1366450190544111 10.686885043978691
leaf_count=73 72 94 94 101 50 40 117 40 47
internal_value=0.00103697 -0.00350259 -0.00634264 -0.00039742 0.0056415 0.013125 -0.0115642 0.0182534 0.0213288
internal_weight=168.199 122.434 94.1532 45.0664 28.2804 45.7651 49.0869 28.9207 19.7841
internal_count=728 528 406 195 122 200 211 127 87
is_linear=0
shrinkage=0.02


Tree=6
num_leaves=9
num_cat=1
split_feature=37 41 42 42 40 74 42 9
split_gain=20.7937 15.9053 12.9935 13.2257 9.421 8.07853 6.15669 2.55464
threshold=1.0000000180025095e-35 90.625000000000014 3.2395024522315916 1.1908967135871638 68.478250000000131 0 2.5422619047619048 147.44375000000005
decision_type=2 2 2 2 2 9 2 2
left_child=6 2 3 -2 5 -3 -1 -4
right_child=1 4 7 -5 -6 -7 -8 -9
leaf_value=0.0046039677691064318 0.0068499739908620743 -0.013045100143223957 0.0064885602091036641 -0.0096619090440262772 -0.026666754591504041 0.0086593406301234185 0.022379015275477206 0.022749859782029543
leaf_weight=15.558027490973471 36.177710175514221 18.822949141263962 9.4223407357931155 39.305269300937653 12.407143682241438 9.3123440146446246 18.81300875544548 10.567323982715605
leaf_count=68 156 81 41 169 53 40 84 46
internal_value=0.0011718 -0.00232673 0.00209408 -0.00168351 -0.0126815 -0.00560469 0.0148604 0.0160451
internal_weight=170.386 136.015 95.4726 75.483 40.5424 28.1353 34.371 19.9897
internal_count=738 586 412 325 174 121 152 87
cat_boundaries=0 1
cat_threshold=4
is_linear=0
shrinkage=0.02


Tree=7
num_leaves=10
num_cat=0
split_feature=42 17 42 36 36 18 13 37 18
split_gain=26.3635 15.9977 10.136 7.85858 10.2227 4.98056 4.86182 3.69439 2.57091
threshold=4.4758891771313793 2.6823368450519749e-05 1.0752297529127142 0.21279831006675037 0.025041131946484833 4.6228212979753583e-17 1.5000000000000002 1.0000000180025095e-35 2.9802269900130726e-24
decision_type=2 2 2 2 2 2 2 2 2
left_child=1 2 -1 4 -3 -5 -4 -2 -9
right_child=7 3 6 5 -6 -7 -8 8 -10
leaf_value=0.0038341436697913885 0.025465534925965445 0.0037686631071004329 -0.010335549947222345 0.0028622999008369242 -0.018191183068314881 0.021824852350948044 -0.026304924121998995 0.003083834758428149 0.016714747968317942
leaf_weight=14.11705633997917 11.910646811127661 35.818064317107201 33.797056585550308 12.234769091010095 9.9706416577100736 11.31130690872669 11.461901545524595 12.418603196740152 12.637306794524191
leaf_count=61 54 155 145 53 43 49 49 54 55
internal_value=0.00139411 -0.00286587 -0.0104262 0.00357946 -0.00117152 0.0127342 -0.0149907 0.0160694 0.0105667
internal_weight=165.677 128.711 59.376 69.3348 45.7887 23.5461 45.259 36.9666 25.0559
internal_count=718 555 255 300 198 102 194 163 109
is_linear=0
shrinkage=0.02


Tree=8
num_leaves=9
num_cat=0
split_feature=37 17 51 11 15 15 17 36
split_gain=23.9838 7.56298 9.4982 5.75373 4.50982 7.36551 2.03578 0.694224
threshold=1.0000000180025095e-35 2.6823368450519749e-05 1.0000000180025095e-35 0.00017291377612339043 0.028984963892593238 1.1928812182808021e-06 4.4940067546725727e-15 0.60361277597946417
decision_type=2 2 2 2 2 2 2 2
left_child=6 4 -3 -4 5 -2 -1 -8
right_child=1 2 3 -5 -6 -7 7 -9
leaf_value=0.0047996471272418973 -0.0097662008655001568 0.015756742892741517 -0.006257777914219307 0.0084945732829000194 -0.017495933668910613 0.0063343910722983903 0.021448430549676253 0.010718046374493116
leaf_weight=8.9944216907024366 38.651533409953117 12.93021512031555 42.603573679924011 12.761287599802015 16.121634215116501 14.664990052580832 14.523368939757349 11.008967265486715
leaf_count=40 166 56 184 55 69 63 65 49
internal_value=0 -0.00373412 0.000916798 -0.00266062 -0.00834172 -0.0051921 0.0146829 0.0176262
internal_weight=172.26 137.733 68.2951 55.3649 69.4382 53.3165 34.5268 25.5323
internal_count=747 593 295 239 298 229 154 114
is_linear=0
shrinkage=0.02


Tree=9
num_leaves=9
num_cat=1
split_feature=40 37 41 40 8 16 73 18
split_gain=18.78 12.2359 11.01 15.8309 8.2149 6.47125 3.90748 3.17064
threshold=9.9873749999997035 1.0000000180025095e-35 90.625000000000014 59.774749999999592 87.325000000000003 0.00018876685117592181 0 1.3811444665575952e-30
decision_type=2 2 2 2 2 2 1 2
left_child=4 5 3 -3 7 -2 -4 -1
right_child=1 2 6 -5 -6 -7 -8 -9
leaf_value=-0.0033119249711968382 -0.0010001627079078731 -0.0066220583689661763 -0.0061345172712368844 0.018345769874162216 0.022844693016799873 0.018945064335775367 -0.020756183831289774 0.010876751529497004
leaf_weight=11.92507976293564 13.088560059666635 61.222229391336441 13.827647835016251 11.084757521748541 14.372930586338041 10.821319177746771 24.128308966755867 10.749817565083502
leaf_count=52 58 263 59 48 64 48 103 47
internal_value=-0.000910551 -0.00443135 -0.00726984 -0.00251456 0.0114641 0.00818409 -0.0158776 0.00333657
internal_weight=171.221 134.173 110.263 72.307 37.0478 23.9099 37.956 22.6749
internal_count=742 579 473 311 163 106 162 99
cat_boundaries=0 1
cat_threshold=4
is_linear=0
shrinkage=0.02


Tree=10
num_leaves=9
num_cat=0
split_feature=37 40 47 40 34 40 18 18
split_gain=25.2738 11.2543 7.37703 6.49014 6.08107 3.84632 3.41162 0.111977
threshold=1.0000000180025095e-35 8.0066249999999872 1.0000000180025095e-35 44.910156250000007 0.57027857119022207 24.772593749999945 5.5000486022267579e-30 1.3016169870862871e-33
decision_type=2 2 2 2 2 2 2 2
left_child=5 6 3 -3 -4 7 -2 -1
right_child=1 2 4 -5 -6 -7 -8 -9
leaf_value=0.014030051370990835 0.0021002053213713778 -0.0055762055284694842 -0.01529120854282773 -0.023030048534364175 0.0011036943123005393 0.0057996377316441436 0.019564798732587058 0.025506258998005286
leaf_weight=8.8379444032907504 9.8903740048408526 29.631215423345566 9.3214581012725812 12.487592712044714 69.941143274307251 10.900367230176924 9.3438069075345975 12.677609756588934
leaf_count=40 43 127 40 53 300 48 41 58
internal_value=0.00133424 -0.0023282 -0.0046327 -0.0113043 -0.000916121 0.0169952 0.0114285 0.0218912
internal_weight=173.032 140.616 121.381 42.1188 79.2626 32.4159 19.2342 21.5156
internal_count=750 604 520 180 340 146 84 98
is_linear=0
shrinkage=0.02


Tree=11
num_leaves=8
num_cat=0
split_feature=62 40 11 17 41 17 2
split_gain=18.7912 9.92016 8.55528 7.4431 6.74585 3.21313 2.35665
threshold=1.0000000180025095e-35 11.502843750000467 0.00024061574912154516 2.6823368450519749e-05 14.375000000000002 9.2570637875701816e-07 597.50000000000011
decision_type=2 2 2 2 2 2 2
left_child=5 4 3 -3 -2 -1 -6
right_child=1 2 -4 -5 6 -7 -8
leaf_value=0.0045757242832723949 -0.0061880675364177316 -0.014388100632648199 0.0062482698934667206 -0.0027408951377643209 0.018350354600531315 0.018501223761373062 0.004448567429035548
leaf_weight=12.917698413133619 10.85707116127014 44.202823176980019 17.557491213083267 46.77750101685524 11.597154274582865 19.832415133714676 11.676504999399183
leaf_count=58 47 188 75 201 51 90 51
internal_value=2.21475e-05 -0.00309881 -0.00607447 -0.00855983 0.00609672 0.0134847 0.0120935
internal_weight=175.419 142.669 108.538 90.9803 34.1307 32.7501 23.2737
internal_count=761 613 464 389 149 148 102
is_linear=0
shrinkage=0.02


Tree=12
num_leaves=10
num_cat=0
split_feature=42 25 47 9 11 42 25 46 18
split_gain=23.81 9.15761 6.45119 6.19078 5.82446 5.68781 4.52913 3.01542 0.935876
threshold=4.3554715794058767 -0.0012538430540296108 1.0000000180025095e-35 291.40000000000003 0.00017672339816323789 0.64822320747680362 -0.0017319786336030816 18.500000000000004 1.1466098249195232e-25
decision_type=2 2 2 2 2 2 2 2 2
left_child=1 6 4 8 -3 -4 7 -1 -2
right_child=3 2 5 -5 -6 -7 -8 -9 -10
leaf_value=0.0078071372567060085 0.010959430110247184 -0.018497509087752956 0.0098625058160360986 0.0004369285338434368 0 -0.005657575207045849 0.016190917042112483 -0.0065956210712553118 0.022312326210997872
leaf_weight=9.7643369436264091 11.051650434732439 26.114443495869637 10.11581678688526 11.351644620299338 9.3377716690301877 57.065152615308762 9.2610954493284208 11.644607692956923 16.431142598390579
leaf_count=42 49 112 44 50 40 246 40 50 74
internal_value=-2.85485e-05 -0.00409036 -0.00696808 0.0135161 -0.0138056 -0.00312225 0.00526605 0 0.0185027
internal_weight=172.138 133.303 102.633 38.8344 35.4522 67.181 30.67 21.4089 27.4828
internal_count=747 574 442 173 152 290 132 92 123
is_linear=0
shrinkage=0.02


Tree=13
num_leaves=10
num_cat=0
split_feature=37 17 23 34 40 40 36 8 7
split_gain=15.4379 9.35485 5.5806 5.40212 8.02612 5.2741 5.10341 4.09394 1.33783
threshold=1.0000000180025095e-35 2.6823368450519749e-05 0.15868925337255679 1.111170687949208 37.101843749999723 33.594031249999723 -0.083906579878473511 217.02500000000001 166.27500000000003
decision_type=2 2 2 2 2 2 2 2 2
left_child=5 3 -3 4 -2 8 -4 -5 -1
right_child=1 2 6 7 -6 -7 -8 -9 -10
leaf_value=0.0095103084539767836 0.0025555801580282567 0.014863105092868076 0.0072354037578011166 -0.020508346965663095 -0.015514383440519211 0.00073847713631080311 -0.0045663649369742159 -0.0029903135254847587 0.023456730017508233
leaf_weight=8.7386284619569832 29.768141686916351 11.040864720940588 22.726756855845451 16.931515604257587 13.266583636403082 10.895999699831007 37.329979330301285 9.3960120975971204 11.713395208120344
leaf_count=40 128 48 98 72 56 48 161 40 54
internal_value=0.000229652 -0.00258682 0.00243571 -0.00778173 -0.00310452 0.0127246 0 -0.0148141 0.0184986
internal_weight=171.808 140.46 71.0976 69.3623 43.0347 31.348 60.0567 26.3275 20.452
internal_count=745 603 307 296 184 142 259 112 94
is_linear=0
shrinkage=0.02


Tree=14
num_leaves=8
num_cat=0
split_feature=37 42 42 9 18 42 15
split_gain=16.8465 11.2814 14.665 10.2381 9.41188 6.0405 4.90419
threshold=1.0000000180025095e-35 0.46233558417808346 1.8134805553707973 276.41250000000008 5.5000486022267579e-30 4.1771320431394425 3.3101373354650866e-05
decision_type=2 2 2 2 2 2 2
left_child=5 -2 4 -4 -3 6 -1
right_child=1 2 3 -5 -6 -7 -8
leaf_value=0.013647702384869492 0.016832715125705382 -0.021428600136071268 0.0054222672069758737 -0.01250242539310604 -0.0039815052415215664 0.024394128765781273 -0.0041783024785875776
leaf_weight=13.356597378849985 9.9013311713933927 23.733024641871452 56.974165394902229 15.259145915508268 27.943526551127434 11.444190934300421 9.4866121858358365
leaf_count=60 43 101 246 65 119 54 42
internal_value=0.000585589 -0.00260113 -0.0043244 0.00143477 -0.0123629 0.0129135 0.0061283
internal_weight=168.099 133.811 123.91 72.2333 51.6766 34.2874 22.8432
internal_count=730 574 531 311 220 156 102
is_linear=0
shrinkage=0.02


Tree=15
num_leaves=9
num_cat=0
split_feature=37 42 42 42 17 14 22 11
split_gain=19.8357 8.79051 7.78273 9.63434 7.92835 4.29661 3.49225 2.41201
threshold=1.0000000180025095e-35 3.7559523809523814 3.206460206460207 0.46233558417808346 0.15132298173530687 0.010633486192246461 0.00084114965819881015 7.9115811175283835e-05
decision_type=2 2 2 2 2 2 2 2
left_child=1 5 3 -2 -5 -1 7 -4
right_child=2 -3 6 4 -6 -7 -8 -9
leaf_value=0.013078288278824297 0.010514924576365822 0.026251220243481903 0.0073393039591569745 -0.011742154108508185 0.0022306734623593529 -0.0040049469066665549 0.011770499539058451 -0.0052385077901939874
leaf_weight=11.611417949199678 11.475347667932509 13.463084474205969 9.0837609618902224 62.54392696917057 20.53503155708313 9.6283219605684263 15.36251527070999 14.365127637982367
leaf_count=52 50 64 40 265 88 43 67 62
internal_value=0.000788014 0.0140617 -0.00270021 -0.00580746 -0.00823161 0.00523252 0.00467485 -1.97373e-05
internal_weight=168.069 34.7028 133.366 94.5543 83.079 21.2397 38.8114 23.4489
internal_count=731 159 572 403 353 95 169 102
is_linear=0
shrinkage=0.02


Tree=16
num_leaves=10
num_cat=0
split_feature=40 17 25 17 17 11 25 14 40
split_gain=9.5545 8.17043 6.28225 5.72077 7.36319 5.76343 4.20357 3.63911 2.98013
threshold=9.9873749999997035 1.9845819328217922e-13 -0.00124354563256557 2.6823368450519749e-05 0.0006320095317802534 0.00023194570772237005 -0.0020470661149524696 8.0123121183705721e-05 30.965625000000731
decision_type=2 2 2 2 2 2 2 2 2
left_child=1 -1 6 5 -5 -4 8 -3 -2
right_child=2 7 3 4 -6 -7 -8 -9 -10
leaf_value=-0.0038063263012173111 0.0057441911092863049 0.0043576203137268019 -0.014029955345960743 0.013760190909139785 -0.0044018509697009633 0.0025292622285746219 0.011661635208967434 0.022184596528227792 -0.0087763827428066696
leaf_weight=11.905128583312033 9.8460536003112811 8.8966595679521578 35.887492775917053 10.153359055519102 43.177789196372032 9.7839582264423353 16.106899976730347 13.704144746065138 10.466950684785841
leaf_count=53 43 40 153 44 187 42 70 62 45
internal_value=-0.000186499 0.0090185 -0.00262485 -0.00525232 -0.000644045 -0.0103758 0.00430674 0.0159033 -0.00151722
internal_weight=169.928 34.5059 135.423 99.0026 53.3311 45.6715 36.4199 22.6008 20.313
internal_count=739 155 584 426 231 195 158 102 88
is_linear=0
shrinkage=0.02


Tree=17
num_leaves=9
num_cat=0
split_feature=37 40 17 34 15 40 2 16
split_gain=20.5946 5.66729 6.30676 5.51452 4.68332 4.14013 3.95888 0.044707
threshold=1.0000000180025095e-35 14.985437499999536 8.3011821310773493e-34 0.79311511874444396 8.671037514218518e-32 27.002249999999552 607.50000000000011 7.550835091367569e-05
decision_type=2 2 2 2 2 2 2 2
left_child=5 3 -3 -2 -4 7 -5 -1
right_child=1 2 4 6 -6 -7 -8 -9
leaf_value=0.024369680743184356 -0.0050718989149998337 -0.017902053925142096 -0.0085773492639473915 0.014799604607052532 0.0010599732385445646 0.0046075724450726782 -0.00026675571024486707 0.013937652090688972
leaf_weight=11.219541266560556 15.644586265087126 11.694025501608847 31.020371437072754 17.492949768900875 51.637493684887886 11.967682152986525 9.916636645793913 10.644283995032309
leaf_count=53 68 49 132 77 220 53 43 50
internal_value=0.00151002 -0.00192006 -0.00467851 0.00395778 -0.00254436 0.0152686 0.00931996 0.0203851
internal_weight=171.238 137.406 94.3519 43.0542 82.6579 33.8315 27.4096 21.8638
internal_count=745 589 401 188 352 156 120 103
is_linear=0
shrinkage=0.02


Tree=18
num_leaves=8
num_cat=0
split_feature=36 3 16 8 35 13 35
split_gain=6.12595 11.7692 7.06472 7.08904 4.95056 3.24266 3.06493
threshold=-0.4789398020879973 1.0000000180025095e-35 1.1347014596964864e-14 231.82500000000002 0.00043126757342426585 1.0000000180025095e-35 0.0018896995565564638
decision_type=2 2 2 2 2 2 2
left_child=1 -1 3 -2 5 -4 -6
right_child=2 -3 4 -5 6 -7 -8
leaf_value=-0.0047446395601077147 0.016268394676353225 0.019854294966377944 -0.0032875363266228808 -0.0041506659917827102 0.0047731681580786521 -0.012980354064803188 -0.0046527384949587884
leaf_weight=13.686137452721596 14.69674462080002 15.31401352584362 34.462553709745407 10.752141550183294 29.925126254558563 26.197116315364838 23.690015316009521
leaf_count=58 64 71 148 46 131 112 104
internal_value=3.49181e-05 0.00827405 -0.00167915 0.00758375 -0.00384193 -0.00771351 0.00048951
internal_weight=168.724 29.0002 139.724 25.4489 114.275 60.6597 53.6151
internal_count=734 129 605 110 495 260 235
is_linear=0
shrinkage=0.02


Tree=19
num_leaves=11
num_cat=0
split_feature=62 40 22 22 36 16 40 18 40 40
split_gain=13.4834 6.74117 9.33225 6.73983 5.85441 4.64939 4.27062 4.41383 3.27101 2.65248
threshold=1.0000000180025095e-35 23.068000000000215 0.00098990220155217011 -0.0032860506195098171 0.11119842330838604 4.1452847184891963e-09 27.002249999999552 6.9200193128545099e-23 65.758531250000502 9.3750000000000018
decision_type=2 2 2 2 2 2 2 2 2 2
left_child=6 4 3 -3 5 -2 7 -1 -4 -6
right_child=1 2 8 -5 9 -7 -8 -9 -10 -11
leaf_value=0.0048931962982064255 0.0088827575727417826 -0.00063206863657836593 -0.003035167679268598 -0.017263840148164098 0.017505378090108711 -0.0061414286691285069 0.0019841769924736781 0.025465357385907602 0.01036875229120191 0.0033723152302577602
leaf_weight=8.7433716952800768 9.631775811314581 15.03362028300762 17.231291666626934 31.976676821708679 9.2970091998577136 33.579257726669312 13.67856629192829 10.594655454158781 10.800943046808241 15.122471630573271
leaf_count=41 42 64 73 135 41 145 61 51 46 65
internal_value=0 -0.00271252 -0.0068174 -0.012194 0.00178778 -0.00253164 0.0112905 0.0171569 0.00210201 0.00946609
internal_weight=175.69 142.673 75.0425 47.0103 67.6305 43.211 33.0166 19.338 28.0322 24.4195
internal_count=764 611 318 199 293 187 153 92 119 106
is_linear=0
shrinkage=0.02


Tree=20
num_leaves=10
num_cat=0
split_feature=62 25 25 46 16 34 15 36 15
split_gain=17.5913 4.57098 5.82772 4.95706 5.99032 3.44137 3.07652 1.56986 2.16773
threshold=1.0000000180025095e-35 -0.0012538430540296108 -0.0028774104358336035 18.500000000000004 0.00013682739715428118 1.0080654308471793 2.2082774172762018e-10 0.61376633020097848 7.8979673513614691e-09
decision_type=2 2 2 2 2 2 2 2 2
left_child=7 2 -2 4 -3 -5 -4 8 -1
right_child=1 3 6 5 -6 -7 -8 -9 -10
leaf_value=0.022962120275005354 -0.01057744023475147 -0.0023498396189642118 0 0.0014532469948055256 -0.018519660341208145 -0.0074521222640585418 0.013777442338353081 0.0053955330220456068 0.0074469014035275314
leaf_weight=8.5869102478027362 9.4086247533559781 17.124054372310638 12.559203341603281 34.308092907071114 22.448797389864922 31.901539996266365 12.29385109245777 14.663360670208929 10.712629720568655
leaf_count=41 40 73 54 147 96 136 53 68 50
internal_value=-0.00110929 -0.00428238 0.00189221 -0.00633744 -0.0119009 -0.00279536 0.00707147 0.0115514 0.0154367
internal_weight=174.007 140.044 34.2617 105.782 39.5729 66.2096 24.8531 33.9629 19.2995
internal_count=758 599 147 452 169 283 107 159 91
is_linear=0
shrinkage=0.02


Tree=21
num_leaves=9
num_cat=0
split_feature=37 41 42 42 42 42 60 11
split_gain=19.8756 9.99911 10.9727 7.65423 4.57452 4.44807 3.48083 2.62648
threshold=1.0000000180025095e-35 83.500000000000014 3.6951544920663628 0.46233558417808346 7.2250670117352298 3.6951544920663628 1.0000000180025095e-35 7.9115811175283835e-05
decision_type=2 2 2 2 2 2 2 2
left_child=5 2 3 -2 6 7 -3 -1
right_child=1 4 -4 -5 -6 -7 -8 -9
leaf_value=-0.00010202121445829028 0.012716378514783553 -0.021010311532053225 0.015965946240592395 -0.004698210074090616 0.00088990649319093643 0.023010029748545182 -0.0071516481837575994 0.014131166554576245
leaf_weight=9.2022423595190102 10.783747300505636 15.034095272421835 15.297716513276098 66.288609758019447 10.101409271359442 13.828232005238531 19.699250862002373 8.8533539623022062
leaf_count=42 47 63 68 282 44 68 83 40
internal_value=0.000577815 -0.00271421 0.00100588 -0.00205309 -0.0103641 0.0145785 -0.0137383 0.00693752
internal_weight=169.089 137.205 92.3701 77.0724 44.8348 31.8838 34.7333 18.0556
internal_count=737 587 397 329 190 150 146 82
is_linear=0
shrinkage=0.02


Tree=22
num_leaves=8
num_cat=0
split_feature=42 42 15 37 25 36 9
split_gain=22.47 9.79304 8.22995 6.41214 6.07249 5.22845 1.7055
threshold=3.1411568519348845 0.46233558417808346 0.98051847933173852 1.0000000180025095e-35 -0.0011627182610707274 0.056711171469461148 188.06875000000002
decision_type=2 2 2 2 2 2 2
left_child=1 -1 4 -2 -3 6 -5
right_child=3 2 -4 5 -6 -7 -8
leaf_value=0.011568911509662329 0.020984395825171313 0.0038905599350239706 -0.024260741175830641 -0.0072085499252022914 -0.0080484185446433616 0.01329051077527116 0.0034701545621430292
leaf_weight=11.196962922811506 15.242501035332678 20.973863944411278 9.5536010116338712 9.1052493453025836 70.216327399015427 17.84368497133255 13.163501948118208
leaf_count=49 75 90 40 40 300 78 57
internal_value=-0.000101216 -0.0052826 -0.0073098 0.0101781 -0.00522494 0.0055153 -0.000760447
internal_weight=167.296 111.941 100.744 55.3549 91.1902 40.1124 22.2688
internal_count=729 479 430 250 390 175 97
is_linear=0
shrinkage=0.02


Tree=23
num_leaves=8
num_cat=0
split_feature=40 41 41 9 11 35 35
split_gain=11.442 9.38695 8.74636 10.504 6.58934 3.16143 7.65142
threshold=14.823124999999893 12.125000000000002 154.50000000000003 124.80625000000002 0.0002482846022081496 0.00077031925970232399 -0.00051232707663692438
decision_type=2 2 2 2 2 2 2
left_child=1 -1 3 -2 -5 6 -3
right_child=2 5 -4 4 -6 -7 -8
leaf_value=-0.0093902598192190882 -0.016679894833077059 0.016554465090814163 -0.017350657786998843 -0.0019173602306342872 0.013469795996861142 0.017996466102110264 -0.0031082755761080616
leaf_weight=11.340288460254667 16.229845285415649 13.387999787926672 18.353557839989662 69.70536296069622 12.180540442466734 14.063485279679297 16.145470410585407
leaf_count=49 69 61 78 299 53 65 71
internal_value=-0.00143332 0.00597283 -0.0049989 -0.0024761 0.000433989 0.0102245 0.00585891
internal_weight=171.407 54.9372 116.469 98.1157 81.8859 43.597 29.5335
internal_count=745 246 499 421 352 197 132
is_linear=0
shrinkage=0.02


Tree=24
num_leaves=8
num_cat=0
split_feature=40 42 8 40 9 9 40
split_gain=9.9586 9.22131 8.12008 6.32222 10.6342 7.06134 2.94716
threshold=9.9873749999997035 0.46233558417808346 52.475000000000009 45.227000000000778 146.75000000000003 337.10000000000008 6.7705312500002046
decision_type=2 2 2 2 2 2 2
left_child=2 -2 -1 4 -3 -5 -4
right_child=1 3 6 5 -6 -7 -8
leaf_value=-0.0039472436541539355 0.013587042159167369 -0.010880085971768341 0.021460791771247715 -0.01686848121423077 0.0038763594775441165 0.0014764377719684472 0.0057794615462803869
leaf_weight=11.765967860817907 11.593274816870688 28.813273712992668 14.016244798898699 25.315505430102348 55.15629468858242 11.25975354015827 10.340976953506468
leaf_count=52 51 123 66 107 240 48 47
internal_value=-3.52746e-05 -0.00262423 0.00908906 -0.00433166 -0.001185 -0.0111723 0.0155303
internal_weight=168.261 132.138 36.1232 120.545 83.9696 36.5753 24.3572
internal_count=734 569 165 518 363 155 113
is_linear=0
shrinkage=0.02


Tree=25
num_leaves=11
num_cat=1
split_feature=42 17 42 77 41 23 42 42 14 23
split_gain=15.1724 12.3838 6.32802 5.3408 5.07605 4.729 3.97304 3.79692 3.61926 2.16403
threshold=4.4758891771313793 2.6823368450519749e-05 1.8134805553707973 0 90.625000000000014 0.80672692713242344 1.1908967135871638 1.9041174404479773 1.0562752071393206e-05 0.31964629170572795
decision_type=2 2 2 1 2 2 2 2 2 2
left_child=1 3 6 7 -4 9 -3 -1 -5 -2
right_child=5 2 4 8 -6 -7 -8 -9 -10 -11
leaf_value=0.005538482530485579 0.010005131685540479 0.003749207812591904 0.016694459564809624 -0.021593098713913905 -0.00039642402361782193 0.0018341222194519157 -0.0088073532876328051 -0.0099487778933821588 -0.0077044486458363037 0.024709162278094034
leaf_weight=13.840424761176111 13.083552032709123 22.793358713388443 18.411064058542255 13.340752884745596 9.7135222852230054 12.973029524087904 16.195799931883812 9.9150164723396284 24.500169172883034 10.366620346903799
leaf_count=59 61 99 81 56 42 59 69 42 104 48
internal_value=0.00103796 -0.00216604 0.00369334 -0.00860311 0.0107747 0.0122757 -0.00140646 -0.000823966 -0.0131852 0.0174955
internal_weight=165.133 128.71 67.1137 61.5964 28.1246 36.4232 38.9892 23.7554 37.8409 23.4502
internal_count=720 552 291 261 123 168 168 101 160 109
cat_boundaries=0 1
cat_threshold=1
is_linear=0
shrinkage=0.02


Tree=26
num_leaves=7
num_cat=0
split_feature=37 42 42 42 7 36
split_gain=11.8854 6.28023 5.75064 8.67435 9.28198 4.9636
threshold=1.0000000180025095e-35 2.4048709048883032 0.46233558417808346 1.8134805553707973 273.81875000000008 0.19855637240195009
decision_type=2 2 2 2 2 2
left_child=1 -1 -2 5 -5 -4
right_child=2 -3 3 4 -6 -7
leaf_value=0.0020593604291216918 0.011415142252177015 0.020470768035528195 -0.012859307683885346 0.0066961329985234085 -0.0088234967413702153 2.6258014404762293e-05
leaf_weight=14.496024221181871 12.266744405031202 16.77413809299469 34.514253094792366 50.577015802264214 20.813347369432449 16.631084203720093
leaf_count=65 54 83 145 220 88 70
internal_value=0.00153152 0.01245 -0.00103008 -0.00240683 0.00202923 -0.00863406
internal_weight=166.073 31.2702 134.802 122.536 71.3904 51.1453
internal_count=725 148 577 523 308 215
is_linear=0
shrinkage=0.02


Tree=27
num_leaves=8
num_cat=1
split_feature=34 13 1 78 11 15 15
split_gain=5.66556 5.07756 6.03381 4.52286 5.29007 4.38818 2.88287
threshold=0.61458324985448309 1.0000000180025095e-35 17.500000000000004 0 9.7955871277280093e-05 0.99075437450253701 9.8687723523434355e-11
decision_type=2 2 2 1 2 2 2
left_child=6 3 -3 -2 -5 -4 -1
right_child=1 2 5 4 -6 -7 -8
leaf_value=-0.016455150085097115 0.012582885556094778 -0.014070889183872178 0.0040787656733744177 -0.004368931557069404 0.006614133417966267 -0.0099002079371884183 -0.00082516340860740492
leaf_weight=11.548883378505709 17.827784970402718 15.319632306694983 31.460746511816978 32.135078206658363 35.733865842223167 11.401697427034376 9.1105459183454496
leaf_count=50 78 67 137 141 156 49 40
internal_value=-0.000638779 0.000753004 -0.00371753 0.00386526 0.00133874 8.25398e-05 -0.0101959
internal_weight=164.538 143.879 58.1821 85.6967 67.8689 42.8624 20.6594
internal_count=718 628 253 375 297 186 90
cat_boundaries=0 1
cat_threshold=2
is_linear=0
shrinkage=0.02


Tree=28
num_leaves=8
num_cat=0
split_feature=42 41 11 41 60 25 35
split_gain=14.7204 8.28398 6.21463 7.21423 5.7196 1.84614 0.4824
threshold=4.4758891771313793 157.37500000000003 0.0001118598788774924 62.375000000000007 1.0000000180025095e-35 -0.00027866079386605652 0.00036509033860113161
decision_type=2 2 2 2 2 2 2
left_child=1 2 4 -4 -1 -2 -7
right_child=5 -3 3 -5 -6 6 -8
leaf_value=-0.011886740205743096 0.0055916762734151207 -0.018944045593178475 0.014051347303466674 -0.0016960135027459769 -0.00039283358853782078 0.009755130000187226 0.020571837705587247
leaf_weight=25.797604933381081 15.366979166865347 10.247301325201986 18.713340550661087 26.58415187895298 52.438544303178787 9.752301365137102 9.6319131851196271
leaf_count=110 71 43 82 113 226 45 45
internal_value=0.000511672 -0.00248093 -0.000925956 0.00484294 -0.00436074 0.0119472 0.0161698
internal_weight=168.532 133.781 123.534 45.2975 78.2361 34.7512 19.3842
internal_count=735 574 531 195 336 161 90
is_linear=0
shrinkage=0.02


Tree=29
num_leaves=7
num_cat=0
split_feature=37 40 7 17 18 40
split_gain=19.1021 5.87314 5.30917 6.27554 3.06039 1.15864
threshold=1.0000000180025095e-35 5.8750000000000009 382.27500000000003 2.6823368450519749e-05 2.8980790738957746e-20 22.150374999999261
decision_type=2 2 2 2 2 2
left_child=4 -2 3 -3 -1 -6
right_child=1 2 -4 -5 5 -7
leaf_value=0.0050612460254843847 0.0093367069521000465 -0.011466538582404011 0.0051173764570033847 -0.0018630233255108146 0.024230753850289423 0.010081215161684724
leaf_weight=14.631601601839064 11.166322305798529 54.881341740489006 16.329617753624916 57.384644106030464 9.0589016079902667 8.8394871354103071
leaf_count=69 50 231 69 247 46 40
internal_value=-0.000584088 -0.00384523 -0.00509937 -0.00667047 0.012945 0.0184634
internal_weight=172.292 139.762 128.596 112.266 32.53 17.8984
internal_count=752 597 547 478 155 86
is_linear=0
shrinkage=0.02


Tree=30
num_leaves=10
num_cat=1
split_feature=37 41 77 23 7 23 18 15 58
split_gain=13.3284 6.89563 10.9949 6.95756 5.59025 4.12453 3.201 2.72274 1.93115
threshold=1.0000000180025095e-35 83.500000000000014 0 0.59441440706761905 240.03750000000002 0.13094405964537345 1.0000000180025095e-35 2.0037405966405367e-16 1.0000000180025095e-35
decision_type=2 2 1 2 2 2 2 2 2
left_child=6 4 -3 -4 5 -2 -1 -6 -8
right_child=1 2 3 -5 7 -7 8 -9 -10
leaf_value=0.0017307537628576191 0.0062070787978851065 0.0023636456632506356 -0.025277244502886945 -0.0040364079806285615 0.0007623668099751797 -0.005589966185568924 0.022852686090768848 0.015442659791153196 0.007975699515841643
leaf_weight=12.037553086876871 13.704604476690291 17.298161327838898 16.776009500026706 11.271847844123839 11.154667049646379 55.208019942045212 8.4787549078464508 10.117856204509733 11.121650755405426
leaf_count=57 59 73 70 48 48 236 41 44 53
internal_value=-0.000783298 -0.00355659 -0.00983067 -0.0173804 -0.000262901 -0.00310285 0.0106581 0.008394 0.0154994
internal_weight=167.169 135.531 45.346 28.0479 90.1851 68.9126 31.638 21.2725 19.6004
internal_count=729 578 191 118 387 295 151 92 94
cat_boundaries=0 1
cat_threshold=1
is_linear=0
shrinkage=0.02


Tree=31
num_leaves=9
num_cat=0
split_feature=42 40 15 35 25 34 14 35
split_gain=11.793 6.16987 6.10935 5.48497 4.99048 4.46377 4.40924 4.24248
threshold=3.206460206460207 25.516249999999676 0.98942960166324256 0.0010137120321645746 -0.0012538430540296108 1.0854673996026341 0.3017887179948755 -0.0010436801818921385
decision_type=2 2 2 2 2 2 2 2
left_child=2 3 4 7 5 -1 -6 -2
right_child=1 -3 -4 -5 6 -7 -8 -9
leaf_value=-0.00058116334211405865 0.016504690611627182 -0.00333805032459285 -0.016543818443348381 0.023173837856972055 -0.00015854380925489089 0.016458680414896686 -0.010026317667952483 0.00051751726684430999
leaf_weight=13.27951265871525 10.02003040909767 12.730425640940664 11.047325462102888 11.902666434645651 52.029300138354301 9.4278231710195524 27.908366054296494 18.965580716729168
leaf_count=57 49 55 46 57 222 41 119 85
internal_value=0.000589117 0.00826432 -0.00301878 0.0120134 -0.00135966 0.00663632 -0.00375909 0.00661033
internal_weight=167.311 53.6187 113.692 40.8883 102.645 22.7073 79.9377 28.9856
internal_count=731 246 485 191 439 98 341 134
is_linear=0
shrinkage=0.02


Tree=32
num_leaves=11
num_cat=0
split_feature=42 42 15 37 9 15 9 42 16 9
split_gain=10.6962 8.22936 7.75049 6.12924 7.62852 6.57481 5.52973 4.67057 3.9842 1.67462
threshold=1.8134805553707973 1.3640188176473564 2.9561200331276803e-07 1.0000000180025095e-35 275.27500000000003 0.038733424461256181 227.88125000000005 3.7559523809523814 0.00022808686323667397 191.93125000000003
decision_type=2 2 2 2 2 2 2 2 2 2
left_child=1 2 6 7 5 -5 -1 -2 -3 -4
right_child=3 8 9 4 -6 -7 -8 -9 -10 -11
leaf_value=-0.014118345757896861 0.0017074417675634593 -0.0044811397433143106 0.0021571490490053329 0.0092902495126324404 -0.0094075041554787832 -0.0056286856669004086 0.001382826105413083 0.02136934713380725 -0.022709996592564338 0.014285868824040456
leaf_weight=18.401445746421814 9.0046791881322878 9.9147588461637515 11.509909927845003 42.371158644556999 17.57340344786644 14.940830856561659 15.992903679609297 12.287371277809141 12.368616536259649 9.2249371856451017
leaf_count=78 42 42 49 185 74 64 69 65 52 40
internal_value=5.51372e-05 -0.00540566 -0.00105756 0.00452264 0.00166664 0.00526826 -0.00690557 0.0137728 -0.0153978 0.00823828
internal_weight=173.59 77.4126 55.1292 96.1774 74.8854 57.312 34.3943 21.2921 22.2834 20.7348
internal_count=760 330 236 430 323 249 147 107 94 89
is_linear=0
shrinkage=0.02


Tree=33
num_leaves=9
num_cat=0
split_feature=37 41 40 40 16 40 40 8
split_gain=12.2885 10.0166 7.32575 5.93182 4.35199 2.7543 2.29921 3.47018
threshold=1.0000000180025095e-35 94.625000000000014 69.121062499999439 48.513718750000415 0.0002125710831142369 65.927625000000276 38.248999999999803 121.87500000000001
decision_type=2 2 2 2 2 2 2 2
left_child=6 2 3 -2 5 -3 7 -1
right_child=1 4 -4 -5 -6 -7 -8 -9
leaf_value=0.0042665203907940544 0.0014351118428396602 0.0021267680848957495 0.017557918059493499 -0.014359094707109244 -0.017751276342140878 -0.011336693301467011 0.0022931336375052024 0.022104829558234874
leaf_weight=8.7459957003593498 81.886821061372757 12.181851431727411 9.1254772096872312 9.7240369468927366 17.152323171496391 9.695607975125311 8.9002209454774839 12.398097738623617
leaf_count=43 352 52 40 41 72 40 40 63
internal_value=0.000583971 -0.00189462 0.0014031 -0.000313523 -0.0103784 -0.0038124 0.0119973 0.0155231
internal_weight=169.81 139.766 100.736 91.6109 39.0298 21.8775 30.0443 21.1441
internal_count=743 597 433 393 164 92 146 106
is_linear=0
shrinkage=0.02


Tree=34
num_leaves=9
num_cat=0
split_feature=62 9 46 34 36 9 9 0
split_gain=10.6518 7.3629 5.32028 4.54628 4.58701 2.95392 2.27133 1.71278
threshold=1.0000000180025095e-35 143.51250000000002 19.500000000000004 0.57027857119022207 0.083887261198617266 67.887500000000003 145.64375000000004 9.5000000000000018
decision_type=2 2 2 2 2 2 2 2
left_child=6 2 5 -3 -5 -2 -1 -8
right_child=1 3 -4 4 -6 -7 7 -9
leaf_value=0.0020236501082459483 0.0035162610183228737 -0.010839073730162603 -0.018312295506806655 -0.00086835461595713014 0.0084564922272202196 -0.0086511747165395215 0.007137543876803377 0.019944184108815974
leaf_weight=10.883105635643004 12.86261683702469 9.808457747101782 14.082626700401304 50.293017938733101 33.982587516307831 16.77279169857502 12.349274262785913 10.9004820138216
leaf_count=53 55 42 60 215 145 72 58 55
internal_value=0.00063377 -0.00182326 -0.00852471 0.0012845 0.00287643 -0.00323191 0.0104937 0.0139641
internal_weight=171.935 137.802 43.718 94.0841 84.2756 29.6354 34.1329 23.2498
internal_count=755 589 187 402 360 127 166 113
is_linear=0
shrinkage=0.02


Tree=35
num_leaves=9
num_cat=1
split_feature=42 41 9 77 25 8 8 11
split_gain=11.5964 7.46118 9.02132 6.66366 6.05302 5.91675 4.37825 3.19099
threshold=9.542443064182196 77.875000000000014 145.64375000000004 0 0.00077920075169760083 293.3250000000001 63.400000000000013 0.00022351029282520653
decision_type=2 2 2 1 2 2 2 2
left_child=1 2 6 5 -4 -3 -1 -5
right_child=-2 3 4 7 -6 -7 -8 -9
leaf_value=0.00064275194536187147 0.016664610447001058 0.011285036091987411 0.011450553410243224 -0.018372457318408919 -0.0024303185786541445 -0.0096482685392644211 -0.010731814205131956 -0.0033348901084318027
leaf_weight=25.301681607961655 13.136116147041319 9.6197729408741015 34.399487346410751 21.273377761244777 18.040606752038002 9.9321042150259 25.759176760911942 9.6813081353902799
leaf_count=110 63 42 152 91 79 42 112 41
internal_value=-0.000630986 -0.00224292 0.000792337 -0.00847405 0.00660682 0.000407196 -0.00507616 -0.0141087
internal_weight=167.144 154.008 103.501 50.5066 52.4401 19.5519 51.0609 30.9547
internal_count=732 669 453 216 231 84 222 132
cat_boundaries=0 1
cat_threshold=1
is_linear=0
shrinkage=0.02


Tree=36
num_leaves=9
num_cat=2
split_feature=62 17 35 73 77 7 18 18
split_gain=12.2143 10.7826 4.92824 6.98306 4.66456 3.19167 4.57239 2.75376
threshold=1.0000000180025095e-35 2.4031339157365474e-10 0.00029555792306677065 0 1 131.01250000000002 2.7347858959998924e-05 2.8980790738957746e-20
decision_type=2 2 2 1 1 2 2 2
left_child=7 5 3 -3 -4 -2 -7 -1
right_child=1 2 4 -5 -6 6 -8 -9
leaf_value=0.0040912007633871457 -0.020139459545965421 -0.0079580660710665899 -0.0033371048728009635 0.0065203810114671783 0.010786528481010853 -0.012279142843295166 0.0036150406444206192 0.017139281928516097
leaf_weight=15.001953795552255 11.577473223209379 37.268293604254723 12.637515380978584 19.145503908395767 27.022553190588951 20.521820321679119 9.599105626344679 14.678730472922323
leaf_count=72 49 159 54 82 118 86 40 73
internal_value=-0.000293829 -0.00285133 0.000799093 -0.00291194 0.00616714 -0.0112242 -0.0070677 0.0110881
internal_weight=167.453 137.772 96.0739 56.4138 39.6601 41.6984 30.1209 29.6807
internal_count=733 588 413 241 172 175 126 145
cat_boundaries=0 1 2
cat_threshold=2 4
is_linear=0
shrinkage=0.02


Tree=37
num_leaves=7
num_cat=1
split_feature=42 11 16 11 41 73
split_gain=18.3801 6.34941 5.85839 6.73851 8.70306 5.81766
threshold=4.4758891771313793 9.3748925165932428e-05 1.6703688949605847e-13 0.00025625866341891641 35.125000000000007 0
decision_type=2 2 2 2 2 1
left_child=2 -2 5 4 -4 -1
right_child=1 -3 3 -5 -6 -7
leaf_value=0.015333894902862371 0.020132452927531894 0.0022992298973911964 -0.0022816900228625112 0.0067065361540071099 -0.014476059133931964 -0.0032106288882903255
leaf_weight=9.3940531313419342 16.436978846788406 16.849580198526382 47.459947541356087 11.817616194486616 48.925892278552055 17.711651921272278
leaf_count=40 79 78 204 52 208 76
internal_value=-0.00143839 0.0116107 -0.00475415 -0.00684355 -0.0086183 0.00331979
internal_weight=168.596 33.2866 135.309 108.203 96.3858 27.1057
internal_count=737 157 580 464 412 116
cat_boundaries=0 1
cat_threshold=4
is_linear=0
shrinkage=0.02


Tree=38
num_leaves=9
num_cat=0
split_feature=42 11 11 1 42 3 2 11
split_gain=12.1368 5.30653 4.44284 3.97162 5.82244 4.74922 3.93095 2.95347
threshold=4.2648549840792045 0.00023918469547158706 7.9115811175283835e-05 17.500000000000004 0.80706805988417518 1.0000000180025095e-35 602.50000000000011 0.00032496822917243252
decision_type=2 2 2 2 2 2 2 2
left_child=1 3 -2 5 -5 -1 -4 -3
right_child=2 7 6 4 -6 -7 -8 -9
leaf_value=-0.017329042709247983 0.018990132108288902 0.013935130923962199 0.010863903067873007 0.010157370418587589 -0.0043322866713913577 -0.0012774952000472661 -0.0052205999798053682 -0.00047369316274190992
leaf_weight=17.132091626524925 13.382525160908697 9.426702558994295 13.177779883146288 11.978335827589033 70.913300067186356 14.170711159706117 9.2616599947214109 10.718148365616797
leaf_count=73 66 42 60 52 302 61 43 46
internal_value=0 -0.00280457 0.0101456 -0.00450817 -0.00207081 -0.0105128 0.0040297 0.00632526
internal_weight=170.161 134.339 35.822 114.194 82.8916 31.3028 22.4394 20.1449
internal_count=745 576 169 488 354 134 103 88
is_linear=0
shrinkage=0.02


Tree=39
num_leaves=11
num_cat=1
split_feature=42 11 17 17 42 40 7 78 34 11
split_gain=9.27564 7.17488 5.76804 10.2614 9.01005 4.15669 3.80042 3.1526 2.66914 1.6213
threshold=3.1777920914303768 0.00022169438031519761 2.6823368450519749e-05 0.0010575394012088031 1.3640188176473564 14.565968749999231 123.00000000000001 0 1.1350162333904723 9.3748925165932428e-05
decision_type=2 2 2 2 2 2 2 1 2 2
left_child=1 2 4 -4 -1 6 -2 -3 -7 -8
right_child=5 7 3 -5 -6 8 9 -9 -10 -11
leaf_value=0.00050521463652891262 0.0024447917202154077 0 0.018131564308327325 -0.0041581172987761074 -0.016640449156418536 0.0065577427903411537 0.024802522197404021 0.015514576251371233 -0.0066329183489534319 0.0093033967616478197
leaf_weight=20.038241341710091 10.798479124903681 11.239932253956795 9.2094855308532697 42.269979417324066 27.914921998977661 14.230803817510607 8.8543958216905612 10.049141108989716 9.067124664783476 8.7158606946468336
leaf_count=85 51 48 40 182 116 63 44 44 40 41
internal_value=0.000726536 -0.00227389 -0.00457358 0 -0.00948924 0.00776116 0.0127908 0.00792113 0.00111554 0.0183522
internal_weight=172.388 120.722 99.4326 51.4795 47.9532 51.6667 28.3687 21.2891 23.2979 17.5703
internal_count=754 515 423 222 201 239 136 92 103 85
cat_boundaries=0 1
cat_threshold=1
is_linear=0
shrinkage=0.02


Tree=40
num_leaves=9
num_cat=0
split_feature=42 15 11 25 18 15 25 9
split_gain=14.3963 8.4568 4.54531 4.15922 5.11954 4.30035 1.67019 0.833665
threshold=4.3554715794058767 0.98942960166324256 9.3748925165932428e-05 -0.0012194670605815204 1.6263760542765404e-13 1.1928812182808021e-06 -0.00031104488701575237 103.66875000000002
decision_type=2 2 2 2 2 2 2 2
left_child=1 3 7 5 -5 -1 -4 -2
right_child=2 -3 6 4 -6 -7 -8 -9
leaf_value=-0.001506055780507059 0.0091760443948985804 -0.020328173004556072 -0.0029370175625808665 -0.0080053076696096504 0.001270288587057177 0.01319335352732677 0.0085243757642494422 0.021936123355445182
leaf_weight=18.754956066608433 8.0959916561841982 10.081337571144102 8.7552797198295611 54.487248077988625 39.542934015393257 11.911106973886488 8.8177130222320539 10.171076655387877
leaf_count=81 40 42 40 233 170 52 40 50
internal_value=-0.000476711 -0.00351579 0.0105742 -0.00195791 -0.00406914 0.00425025 0.00264031 0.017362
internal_weight=170.618 134.778 35.8401 124.696 94.0302 30.6661 17.573 18.2671
internal_count=748 578 170 536 403 133 80 90
is_linear=0
shrinkage=0.02


Tree=41
num_leaves=11
num_cat=0
split_feature=47 23 34 40 40 34 2 15 42 8
split_gain=6.76555 8.79516 7.69842 7.54772 6.52043 5.75044 5.63306 5.28741 4.09433 1.94176
threshold=1.0000000180025095e-35 0.6566995809112367 1.1998129020754698 22.150374999999261 44.910156250000007 0.64870037340213527 627.50000000000011 1.53950351825117e-23 1.3059940311387583 244.72500000000005
decision_type=2 2 2 2 2 2 2 2 2 2
left_child=4 3 9 5 6 -2 7 -1 -5 -3
right_child=1 2 -4 8 -6 -7 -8 -9 -10 -11
leaf_value=0.01209938471588864 -0.0054768663493439274 0.025008161563325495 -0.0017258155861589238 0.0020374092072065904 -0.015156760921938539 0.010449066590878655 -0.012614920463595849 -0.0032559260764334582 -0.012256718178392913 0.0097701562263270772
leaf_weight=14.42961725592613 12.066234514117239 10.968664407730108 9.9608451128005964 10.927248135209082 16.842671617865562 27.192790120840073 11.016148135066031 19.749144837260246 21.952515482902527 9.9698178619146329
leaf_count=64 53 48 44 47 71 122 50 87 93 44
internal_value=0.000232969 0.00339855 0.0121499 -0.000382772 -0.00490007 0.00539075 -0.000702492 0.00321589 -0.0074092 0.0188022
internal_weight=165.076 103.038 30.8993 72.1388 62.0376 39.259 45.1949 34.1788 32.8798 20.9385
internal_count=723 451 136 315 272 175 201 151 140 92
is_linear=0
shrinkage=0.02


Tree=42
num_leaves=7
num_cat=1
split_feature=37 9 35 36 15 86
split_gain=10.5599 5.13093 10.2664 7.18241 3.73828 3.22441
threshold=1.0000000180025095e-35 348.24375000000003 0.002050172863594968 0.10348866317832141 7.5902521966653409e-22 0
decision_type=2 2 2 2 2 9
left_child=4 2 3 -2 -1 -6
right_child=1 -3 -4 -5 5 -7
leaf_value=0.019490225196471766 -0.0054851108666191684 0.0073358700804008262 -0.01992100167379102 0.0053736930272113076 -0.0035832230386951013 0.01156264967916734
leaf_weight=10.246020346879961 76.198359921574593 16.254355520009995 13.801807537674902 34.231057524681091 9.5385806113481522 10.411353409290314
leaf_count=52 325 69 58 148 46 51
internal_value=-0.000448743 -0.00280178 -0.00422409 -0.00204722 0.0100452 0.00420924
internal_weight=170.682 140.486 124.231 110.429 30.196 19.9499
internal_count=749 600 531 473 149 97
cat_boundaries=0 1
cat_threshold=4
is_linear=0
shrinkage=0.02


Tree=43
num_leaves=7
num_cat=0
split_feature=42 41 11 22 2 41
split_gain=14.1216 10.3471 9.04631 6.28061 3.09059 1.42097
threshold=4.3554715794058767 156.12500000000003 0.0002482846022081496 -0.00048632868827528118 612.50000000000011 102.12500000000001
decision_type=2 2 2 2 2 2
left_child=1 2 3 -1 5 -2
right_child=4 -3 -4 -5 -6 -7
leaf_value=-0.0065874944764681411 0.021795894513170152 -0.019287566718556529 0.015128980846784601 0.0027294718640456343 0.00328584206943281 0.0088152671641290488
leaf_weight=51.88215845823288 13.115665748715402 10.644129157066343 13.783263862133024 62.046573668718338 11.403607115149496 9.9977347850799543
leaf_count=221 64 44 61 267 57 46
internal_value=0.00161129 -0.00122857 0.000368098 -0.00148159 0.0128774 0.0170284
internal_weight=172.873 138.356 127.712 113.929 34.517 23.1134
internal_count=760 593 549 488 167 110
is_linear=0
shrinkage=0.02


Tree=44
num_leaves=9
num_cat=0
split_feature=62 47 40 9 11 40 13 15
split_gain=7.81391 7.15837 5.33339 6.15519 4.60141 4.79568 4.3342 1.49458
threshold=1.0000000180025095e-35 1.0000000180025095e-35 45.227000000000778 210.38125000000002 0.00022169438031519761 14.985437499999536 1.0000000180025095e-35 2.7681442821180214e-25
decision_type=2 2 2 2 2 2 2 2
left_child=6 2 3 -2 5 -3 7 -1
right_child=1 4 -4 -5 -6 -7 -8 -9
leaf_value=0.021805755462428581 -0.0094069500756149959 0.0062239254341760917 -0.018815924440159736 0.0074067034679368825 0.01200993633162107 -0.0042391592853074358 0 0.0075176995884014891
leaf_weight=8.1694999486208015 24.485884100198746 26.128633007407188 12.60624513030052 11.981125026941298 12.954453721642492 48.084021613001823 12.476892516016958 9.3597584217786771
leaf_count=42 105 115 52 52 56 202 60 47
internal_value=8.03912e-05 -0.00193272 -0.00798053 -0.00367249 0.00145591 -0.000441793 0.00918181 0.0153179
internal_weight=166.247 136.24 49.0733 36.467 87.1671 74.2127 30.0062 17.5293
internal_count=731 582 209 157 373 317 149 89
is_linear=0
shrinkage=0.02


Tree=45
num_leaves=8
num_cat=0
split_feature=42 42 18 23 36 2 34
split_gain=10.8221 7.07547 5.13572 5.65946 5.27409 4.26248 0.546459
threshold=4.4758891771313793 0.43963500580227199 2.5938577839142166e-34 0.66500870503068621 0.24364750489092554 612.50000000000011 0.93088465433121625
decision_type=2 2 2 2 2 2 2
left_child=1 -1 4 -4 -3 6 -2
right_child=5 2 3 -5 -6 -7 -8
leaf_value=0.013583457069756378 0.0094928710152251249 -0.013090785916012797 -0.0036129940562419261 0.0086418942184386636 0.0012145873174281663 0 0.01973265868347316
leaf_weight=9.4175061583518964 10.981717169284822 31.910387486219406 53.501643493771553 19.808028787374496 13.715138614177702 11.391931340098379 10.859599545598028
leaf_count=42 53 135 228 85 59 57 51
internal_value=0.000472994 -0.00213786 -0.0035356 -0.000149285 -0.00872805 0.0104997 0.0154878
internal_weight=161.586 128.353 118.935 73.3097 45.6255 33.2332 21.8413
internal_count=710 549 507 313 194 161 104
is_linear=0
shrinkage=0.02


Tree=46
num_leaves=7
num_cat=1
split_feature=42 37 41 2 42 77
split_gain=7.31743 7.48352 6.63056 5.32573 5.06546 5.32038
threshold=4.4758891771313793 1.0000000180025095e-35 150.12500000000003 607.50000000000011 0.46233558417808346 0
decision_type=2 2 2 2 2 1
left_child=2 -2 4 -3 -1 -6
right_child=1 3 -4 -5 5 -7
leaf_value=0.011971505668422732 0.02146757200098794 0.0084139645515540502 -0.01539866238950584 -0.0097741868066858924 -0.0071643370555662849 0.0017362738043728253
leaf_weight=10.727116093039511 10.528085336089132 16.676618903875355 12.337931871414183 8.995461627840994 43.83257944881916 64.561842128634453
leaf_count=48 60 77 51 40 186 276
internal_value=0.000155078 0.00802451 -0.00201086 0.00168839 -0.00045763 -0.0018407
internal_weight=167.66 36.2002 131.459 25.6721 119.122 108.394
internal_count=738 177 561 117 510 462
cat_boundaries=0 1
cat_threshold=4
is_linear=0
shrinkage=0.02


Tree=47
num_leaves=11
num_cat=1
split_feature=42 18 37 14 9 15 60 23 34 78
split_gain=11.0274 11.0931 8.68425 11.5373 11.6563 5.46041 3.05557 4.7594 2.79491 2.7153
threshold=1.6449579831932775 4.6233839980547616e-26 1.0000000180025095e-35 0.068743812945222013 276.41250000000008 3.2627272673524224e-07 1.0000000180025095e-35 0.54638279521131206 0.95978592293584519 0
decision_type=2 2 2 2 2 2 2 2 2 1
left_child=1 5 9 4 -4 -1 -3 -8 -5 -2
right_child=2 6 3 8 -6 -7 7 -9 -10 -11
leaf_value=-0.019806304526221293 0.0055436222317903263 -0.0049352060923462714 0.0021773668031702842 0.019105944991018777 -0.01827742786556304 -0.0018225279142709808 -0.0011738335169134699 0.015829654156593737 0.0041060054520574343 0.02194524593469863
leaf_weight=20.505086287856106 8.6477528959512711 15.044245526194571 40.488398283720016 13.254280835390093 14.109127447009085 11.29944686591625 14.044347122311594 10.322103485465048 10.529507160186766 12.563447251915932
leaf_count=86 45 64 176 58 59 48 60 45 46 66
internal_value=0.000692805 -0.00523392 0.00500035 0.00176189 -0.00323433 -0.0138503 0.00174171 0.00613272 0.0131409 0.0160791
internal_weight=170.808 71.2152 99.5925 78.3813 54.5975 31.8045 39.4107 24.3665 23.7838 21.2112
internal_count=753 303 450 339 235 134 169 105 104 111
cat_boundaries=0 1
cat_threshold=1
is_linear=0
shrinkage=0.02


Tree=48
num_leaves=9
num_cat=0
split_feature=42 17 18 15 17 42 62 15
split_gain=7.57238 5.6266 7.19808 6.55868 6.00974 5.59641 4.66158 4.14077
threshold=4.2648549840792045 7.6127798526139565e-16 8.8375784355139174e-19 7.5902521966653409e-22 6.8132633003864106e-05 1.2626348388042949 1.0000000180025095e-35 5.0041733018427126e-13
decision_type=2 2 2 2 2 2 2 2
left_child=1 3 4 -1 -3 -4 -2 -8
right_child=6 2 5 -5 -6 -7 7 -9
leaf_value=0.0005207793054787293 0.019054619997393701 -0.014528020055433284 0.013922775528966791 -0.017718922632075373 -9.0483109618955034e-05 0 -0.0049860364879933654 0.0097636521726437026
leaf_weight=12.861662909388544 9.6441334784030897 17.040008842945099 18.159110188484192 16.950402364134789 34.380049154162407 27.720497936010361 12.64986063539982 15.586082637310026
leaf_count=54 56 72 79 71 148 120 57 71
internal_value=-6.29028e-05 -0.0024443 -2.34017e-05 -0.00989362 -0.00517525 0.00560983 0.00763121 0.00300596
internal_weight=164.992 127.112 97.2997 29.8121 51.4201 45.8796 37.8801 28.2359
internal_count=728 544 419 125 220 199 184 128
is_linear=0
shrinkage=0.02


Tree=49
num_leaves=9
num_cat=0
split_feature=7 17 8 9 15 46 15 23
split_gain=6.8974 9.01228 6.89152 9.1214 5.69367 7.17821 3.59265 3.46487
threshold=378.47500000000008 2.6823368450519749e-05 187.45000000000002 144.38125000000002 0.96307928639868667 18.500000000000004 3.3025460276495072e-23 0.27161918000680041
decision_type=2 2 2 2 2 2 2 2
left_child=1 4 3 -3 5 -1 -2 -4
right_child=6 2 7 -5 -6 -7 -8 -9
leaf_value=-0.012295436291469355 0.0016027562811818505 0.00084451799734719174 0.0061203662051827314 0.019183847849934346 -0.017623064302128906 0.0016287344113427628 0.018189383520613528 -0.007564232308682293
leaf_weight=22.052295550704002 11.32301087677479 27.815446153283119 9.2856840938329679 17.703350454568863 13.578264206647871 39.25377468764782 10.806032225489615 23.479811877012253
leaf_count=98 50 124 41 80 59 168 48 103
internal_value=0.000185055 -0.00130941 0.0033666 0.00836516 -0.00625675 -0.00340056 0.010398 -0.00344194
internal_weight=175.298 153.169 78.2843 45.5188 74.8843 61.3061 22.129 32.7655
internal_count=771 673 348 204 325 266 98 144
is_linear=0
shrinkage=0.02


Tree=50
num_leaves=9
num_cat=0
split_feature=42 40 16 14 14 9 15 2
split_gain=16.7824 15.9673 5.55246 4.92659 4.7588 4.86715 4.08841 3.42602
threshold=1.8134805553707973 45.98512499999925 6.2581481724346901e-12 6.5099936363343412e-08 3.3147927839229945e-13 273.39375000000007 1.778629434975661e-05 607.50000000000011
decision_type=2 2 2 2 2 2 2 2
left_child=2 3 -1 6 -4 -6 -2 -5
right_child=1 -3 4 7 5 -7 -8 -9
leaf_value=0.0028777314384081745 0.0071016714331110613 -0.013946857803470845 0.0010429915161397551 0.016586637371081014 -0.016126468968828286 -0.0014761266584836078 -0.0086721380249854228 0.0051926296848853496
leaf_weight=15.689213156700133 17.588236585259441 13.632622599601744 11.642896845936773 30.716646492481232 38.146299049258232 13.30504836142063 9.0174092054367048 20.50921668112278
leaf_count=67 81 57 50 141 160 57 40 97
internal_value=-0.000586146 0.00517842 -0.00733478 0.00873885 -0.00997315 -0.0125527 0.00141765 0.0123265
internal_weight=170.248 91.4641 78.7835 77.8315 63.0942 51.4513 26.6056 51.2259
internal_count=750 416 334 359 267 217 121 238
is_linear=0
shrinkage=0.02


Tree=51
num_leaves=9
num_cat=0
split_feature=37 40 40 7 25 25 22 7
split_gain=11.1537 6.43377 5.97824 6.72017 4.50841 6.85649 6.79599 1.35765
threshold=1.0000000180025095e-35 24.772593749999945 10.751000000000206 131.01250000000002 -0.0011207434421142794 -0.0025826329751293697 -0.00081367594018219819 53.593750000000007
decision_type=2 2 2 2 2 2 2 2
left_child=1 -1 3 7 5 -4 -6 -2
right_child=2 -3 4 -5 6 -7 -8 -9
leaf_value=0.019761993592168285 -0.0055661545812728261 0.00056996180242920513 -0.010664663556760131 0.019011539396309826 -0.015028361704720564 0.0093151542988793926 -0.0026734515923404192 0.0038402937805196856
leaf_weight=14.659708559513094 11.379917353391653 13.931663393974302 9.6990071088075656 8.5922940373420698 28.031265988945961 17.812186762690544 51.591257855296135 10.74484947323799
leaf_count=79 49 64 41 41 117 76 218 48
internal_value=-0.000162555 0.0109484 -0.00257252 0.00499918 -0.00482509 0.00193388 -0.0072299 -0.000769948
internal_weight=166.442 28.5914 137.851 30.7171 107.134 27.5112 79.6225 22.1248
internal_count=733 143 590 138 452 117 335 97
is_linear=0
shrinkage=0.02


Tree=52
num_leaves=10
num_cat=0
split_feature=42 41 7 41 25 34 23 14 34
split_gain=10.9033 8.78286 7.56727 6.8567 5.35253 4.63689 4.09194 3.58557 2.66827
threshold=4.4758891771313793 45.875000000000007 395.81875000000008 13.500000000000002 -0.0011627182610707274 0.91453078276145183 0.21586498985111188 0.0067691993492150137 1.2779148637054663
decision_type=2 2 2 2 2 2 2 2 2
left_child=1 3 6 7 -5 -2 -3 -1 -7
right_child=5 2 -4 4 -6 8 -8 -9 -10
leaf_value=0 0 -0.0015534868316459483 0.0034121945276517343 0.018034365527608506 0.0015549538919988938 0.020794546757863616 -0.015762300580058744 -0.015291392874775146 0.0043664846683995886
leaf_weight=11.351906463503839 14.347159117460249 11.64795860648155 13.790728434920309 9.6217462569475156 35.526927798986435 11.221166208386423 39.422044679522514 11.144391044974325 8.4219765812158567
leaf_count=49 70 49 59 43 154 56 166 47 41
internal_value=-0.00136985 -0.00399752 -0.00920615 0.000970673 0.00551162 0.0085237 -0.0127289 -0.00773408 0.0145944
internal_weight=166.496 132.506 64.8607 67.645 45.1487 33.9903 51.07 22.4963 19.6431
internal_count=734 567 274 293 197 167 215 96 97
is_linear=0
shrinkage=0.02


Tree=53
num_leaves=10
num_cat=0
split_feature=37 42 17 41 42 42 11 41 11
split_gain=10.1364 8.71264 5.97959 5.77396 6.02282 4.03699 2.46178 2.02499 1.21214
threshold=1.0000000180025095e-35 2.5422619047619048 1.4190193229803522e-10 105.37500000000001 1.8682148358935626 2.1966213209876453 9.8758918679206565e-05 48.375000000000007 0.00018189873771101142
decision_type=2 2 2 2 2 2 2 2 2
left_child=1 -1 5 4 -4 7 -7 -2 -5
right_child=2 -3 3 8 -6 6 -8 -9 -10
leaf_value=-0.00044467141370067831 -0.0064898794519390223 0.020938333422595892 -0.00063658523222448503 -0.012837111285120818 0.011014619864035775 -0.0075960824000503805 0.0053952616642831833 -0.020237260627509603 -0.001997616815010806
leaf_weight=13.047855272889139 12.503847256302835 15.571210026741026 42.887851014733315 9.6485215872526187 28.136263772845268 10.636599004268648 10.430644497275351 9.8143202513456327 9.983322933316229
leaf_count=60 52 87 182 40 126 46 44 40 42
internal_value=0.000683518 0.0113011 -0.00160589 0.00126942 0.00398459 -0.00764242 -0.000939005 -0.0134012 -0.00797974
internal_weight=162.66 28.6191 134.041 90.656 71.0241 43.3854 21.0672 22.3182 19.6318
internal_count=719 147 572 390 308 182 90 92 82
is_linear=0
shrinkage=0.02


Tree=54
num_leaves=9
num_cat=0
split_feature=37 17 22 25 8 40 23 34
split_gain=8.09621 5.19383 8.98356 7.78648 5.43646 4.54837 4.094 4.32729
threshold=1.0000000180025095e-35 1.4190193229803522e-10 -0.00048632868827528118 -0.0011207434421142794 231.82500000000002 21.565343750000014 0.59441440706761905 1.0505141745606028
decision_type=2 2 2 2 2 2 2 2
left_child=5 6 3 -3 -4 -1 7 -2
right_child=1 2 4 -5 -6 -7 -8 -9
leaf_value=0.016738407662691343 -0.017970626840326961 0.0041295666704752486 0.011244836061207408 -0.012738753331900752 -0.0020306846390605485 0.00086409013637647161 -3.8008196807575695e-05 -0.00092394421035016491
leaf_weight=14.150881990790369 18.357177376747135 16.67182132601738 30.463029205799103 26.904133155941963 18.752925112843513 15.639000624418257 18.264605075120926 9.8796659559011442
leaf_count=78 77 72 134 114 80 73 77 41
internal_value=-0.000349641 -0.00241955 0.000268656 -0.0062026 0.00612723 0.00889835 -0.00780282 -0.0124471
internal_weight=169.083 139.293 92.7919 43.576 49.216 29.7899 46.5014 28.2368
internal_count=746 595 400 186 214 151 195 118
is_linear=0
shrinkage=0.02


Tree=55
num_leaves=9
num_cat=0
split_feature=40 25 25 40 8 46 34 15
split_gain=10.8534 6.83745 5.30127 4.63461 4.21857 3.18328 2.85308 0.535712
threshold=9.9873749999997035 -0.0012538430540296108 0.0024074989339993289 41.4408125 191.65000000000003 18.500000000000004 0.70695241210137993 4.1794110996030551e-06
decision_type=2 2 2 2 2 2 2 2
left_child=6 3 5 4 -2 -3 -1 -8
right_child=1 2 -4 -5 -6 -7 7 -9
leaf_value=0.000690928303718605 0.0012996428671526977 -0.012405417814362822 0.0044846883816612917 -0.002901408946194662 0.020419531016596305 -0.0039498162616127376 0.017796615915933241 0.0074398795814764763
leaf_weight=9.5803291201591509 10.052703097462656 31.496361121535301 16.935132175683975 15.393055006861685 9.1650314480066282 49.633153080940247 12.624556764960291 8.0396635532379133
leaf_count=44 44 136 74 66 43 211 62 40
internal_value=-4.4455e-05 -0.00256085 -0.00527624 0.00489646 0.0112738 -0.00741661 0.010531 0.0145736
internal_weight=162.92 132.675 98.0646 34.6108 19.2177 81.1295 30.2445 20.6642
internal_count=720 574 421 153 87 347 146 102
is_linear=0
shrinkage=0.02


Tree=56
num_leaves=9
num_cat=0
split_feature=18 17 25 25 17 41 9 10
split_gain=7.44876 8.07934 6.42215 6.29565 5.9128 5.56262 3.87 2.96359
threshold=1.1896034644953427e-13 1.3669910474532595e-28 -0.0012194670605815204 0.0024074989339993289 3.2307006836380781e-08 59.875000000000007 297.26875000000001 1.0000000180025095e-35
decision_type=2 2 2 2 2 2 2 2
left_child=2 -2 5 4 -4 -1 7 -3
right_child=1 6 3 -5 -6 -7 -8 -9
leaf_value=0.017334158575895861 -0.0086349560847685039 0.0065289540344557482 -0.01676392180477394 0.0084894081651255802 -0.0035321724340635586 -0.00178927710955824 -0.00097878585317042409 0.017508856945461403
leaf_weight=8.9269743114709872 12.446551710367201 31.434981465339661 21.433394640684128 9.0423328429460508 39.822683304548264 14.077751219272612 12.781083464622496 17.668523386120796
leaf_count=40 54 141 93 40 173 63 58 80
internal_value=0.000635211 0.00535014 -0.00307427 -0.00610127 -0.00845322 0.00579459 0.00835089 0.0108701
internal_weight=167.634 74.3311 93.3031 70.2984 61.2561 23.0047 61.8846 49.1035
internal_count=742 333 409 306 266 103 279 221
is_linear=0
shrinkage=0.02


Tree=57
num_leaves=7
num_cat=0
split_feature=42 41 15 47 34 58
split_gain=8.30207 8.78025 8.58208 6.68135 2.7202 1.61211
threshold=4.4758891771313793 157.37500000000003 0.96307928639868667 1.0000000180025095e-35 0.92868996457352038 1.0000000180025095e-35
decision_type=2 2 2 2 2 2
left_child=1 2 3 -1 -2 -6
right_child=4 -3 -4 -5 5 -7
leaf_value=-0.0041482629172671179 0.0032666988316781913 -0.017293173770676889 -0.014836846573841652 0.0060966225850355993 0.0075442980185371315 0.022437796706449423
leaf_weight=37.732092916965485 15.302523896098135 10.931189894676207 11.718228280544279 71.424147054553032 9.1712983548641223 7.8835381865501395
leaf_count=161 76 45 49 309 46 40
internal_value=0.00130273 -0.000904741 0.000657836 0.00249529 0.0102322 0.0156225
internal_weight=164.163 131.806 120.874 109.156 32.3574 17.0548
internal_count=726 564 519 470 162 86
is_linear=0
shrinkage=0.02


Tree=58
num_leaves=9
num_cat=0
split_feature=36 40 7 40 17 17 17 41
split_gain=5.83624 7.17733 5.5966 10.4053 3.95217 3.46598 4.36135 2.49741
threshold=-0.64545352272159617 9.3750000000000018 157.25625000000005 25.516249999999676 5.6162086375641898e-05 1.4190193229803522e-10 0.058177756495419598 63.625000000000007
decision_type=2 2 2 2 2 2 2 2
left_child=7 5 4 -4 -3 -2 -7 -1
right_child=1 2 3 -5 -6 6 -8 -9
leaf_value=0.01784196616561258 -0.0016730392039161436 -0.016609756623113186 0.0092795203467891229 -0.0051274972374233709 -0.002027210759457295 0.021525904317024943 0.0014984023500656521 0.0023231852002079181
leaf_weight=8.7267750799655932 8.840163469314577 17.115018919110298 28.107669115066528 63.118848502635956 14.917489796876906 9.4965882450342196 8.8871654570102674 9.633321598172186
leaf_count=41 40 71 129 268 64 47 43 44
internal_value=0.000180934 -0.00110585 -0.00320152 -0.000571029 -0.0102673 0.00794718 0.0127304 0.0105499
internal_weight=168.843 150.483 123.259 91.2265 32.0325 27.2239 18.3838 18.3601
internal_count=747 662 532 397 135 130 90 85
is_linear=0
shrinkage=0.02


Tree=59
num_leaves=9
num_cat=0
split_feature=37 42 17 23 11 42 7 14
split_gain=8.05247 7.79013 4.77911 7.28737 4.57538 4.17502 1.12091 0.520678
threshold=1.0000000180025095e-35 2.4048709048883032 1.4190193229803522e-10 0.17214434319570773 0.00024460875408646146 2.2386341969723422 203.80625000000001 0.039484348868784123
decision_type=2 2 2 2 2 2 2 2
left_child=1 -1 5 -4 -5 7 -7 -2
right_child=2 -3 3 4 -6 6 -8 -9
leaf_value=0 -0.016603962480143303 0.021286441026382791 0.012944556461426178 -0.0031858797135282534 0.011025199827907714 -0.0042960087006626143 0.0042962633959870589 -0.0070133931480070057
leaf_weight=14.187781780958177 10.504069223999979 13.063350081443785 17.128261402249336 64.032238841056824 9.4437145292758924 12.254282489418985 10.065438240766523 9.7289344519376737
leaf_count=65 43 74 76 274 41 53 43 40
internal_value=0.00101769 0.0107359 -0.000991662 0.00155693 -0.00115528 -0.0064671 -0.00014582 -0.0128225
internal_weight=160.408 27.2511 133.157 90.6042 73.476 42.5527 22.3197 20.233
internal_count=709 139 570 391 315 179 96 83
is_linear=0
shrinkage=0.02


Tree=60
num_leaves=10
num_cat=0
split_feature=37 17 8 17 25 22 16 15 34
split_gain=11.2966 3.40983 5.72951 6.47332 4.18646 4.23289 4.00309 1.96417 1.69116
threshold=1.0000000180025095e-35 2.6823368450519749e-05 212.42500000000004 0.082695401911657265 -0.0013907221893632951 0.0012101530482455463 0.00013682739715428118 3.3101373354650866e-05 0.92483582835123856
decision_type=2 2 2 2 2 2 2 2 2
left_child=7 4 6 -4 -2 -6 -3 8 -1
right_child=1 2 3 -5 5 -7 -8 -9 -10
leaf_value=0.0061172338534443418 0.0033310832270973378 0.014223095145767773 0.0045004825508798063 -0.012974955875153814 -0.012083906850314968 -0.0002990487554524326 0.00067277884943858421 0.0031192714702817917 0.020775375876224255
leaf_weight=7.9142420738935533 16.252173706889153 14.405390873551367 14.260824024677278 17.505947455763817 33.826604917645454 20.479500412940979 22.668580770492554 9.8362861871719343 10.430753037333487
leaf_count=41 69 64 62 75 141 87 99 50 57
internal_value=0.000223139 -0.00209541 0.0009966 -0.0050488 -0.00516777 -0.00783394 0.00633073 0.0115763 0.015405
internal_weight=167.58 139.399 68.8407 31.7668 70.5583 54.3061 37.074 28.1813 18.345
internal_count=745 597 300 137 297 228 163 148 98
is_linear=0
shrinkage=0.02


Tree=61
num_leaves=9
num_cat=0
split_feature=37 36 40 18 11 11 9 40
split_gain=9.61446 8.43128 4.52566 5.44783 3.79909 6.67997 2.99985 2.54729
threshold=1.0000000180025095e-35 0.093650347942447379 31.49925000000076 1.1186610194238643e-17 0.00022631946937437338 0.00012800741874790717 161.30625000000003 24.772593749999945
decision_type=2 2 2 2 2 2 2 2
left_child=7 4 6 -4 5 -2 -3 -1
right_child=1 2 3 -5 -6 -7 -8 -9
leaf_value=0.017377055021264635 -0.0040322735850602436 0.003210152265418697 -0.012671296238905578 0.0057273282673240234 0.0044960277559415339 -0.019827050048148734 0.016659457746024921 0.0037561739510872001
leaf_weight=13.781501650810243 59.122894451022148 16.135556235909466 9.679066479206087 14.9025492221117 11.829516649246214 12.842041343450544 13.22802124917507 11.992912068963049
leaf_count=79 252 70 40 63 51 54 60 56
internal_value=0.000645939 -0.0014372 0.00461916 -0.00149476 -0.00541541 -0.00716617 0.00981567 0.0116403
internal_weight=163.514 137.74 53.9452 24.5816 83.7945 71.9649 29.3636 25.7744
internal_count=725 590 233 103 357 306 130 135
is_linear=0
shrinkage=0.02


Tree=62
num_leaves=12
num_cat=1
split_feature=41 9 34 42 41 18 78 14 42 22 11
split_gain=7.20806 8.04561 6.97495 6.72627 6.44416 4.68919 3.6099 3.08794 2.30846 2.07981 1.58544
threshold=69.125000000000014 143.51250000000002 1.183158167033618 5.3586319590954874 161.75000000000003 2.5938577839142166e-34 0 2.4992570863972064e-07 1.6637135937994658 0.001706253406687615 0.00011347435243166286
decision_type=2 2 2 2 2 2 1 2 2 2 2
left_child=1 2 5 4 7 -1 9 -2 -8 -3 -5
right_child=3 6 -4 10 -6 -7 8 -9 -10 -11 -12
leaf_value=-0.0043528889734030986 -0.010988771299136236 0.0083566892610783712 -0.01405132618434494 0.010650285665398614 -0.021559472719549024 0.0096099585457496105 0.0079046422153737032 1.4154764243813594e-05 0.020784459958862148 -0.0039195355057707422 -0.00030152032291388275
leaf_weight=18.888069719076157 15.900025784969328 9.2973562926054019 13.545880317687987 8.8054005503654498 11.402376651763914 17.214925780892372 19.738241553306583 23.039532616734505 10.727188184857367 10.340855523943899 9.180740758776663
leaf_count=83 67 42 59 45 47 78 86 99 53 46 44
internal_value=-7.12118e-05 0.00330868 -0.0022886 -0.00506863 -0.0088185 0.00222284 0.00890881 -0.00449104 0.0131469 0.001725 0.00502264
internal_weight=168.081 99.7525 49.6489 68.3281 50.3419 36.103 50.1036 38.9396 30.4654 19.6382 17.9861
internal_count=749 447 220 302 213 161 227 166 139 88 89
cat_boundaries=0 1
cat_threshold=1
is_linear=0
shrinkage=0.02


Tree=63
num_leaves=9
num_cat=0
split_feature=11 40 7 11 7 18 32 25
split_gain=6.54568 8.22044 7.17275 11.0527 4.76555 5.01438 4.38975 2.80055
threshold=0.00023489138314708623 14.565968749999231 53.593750000000007 9.1434079406209153e-05 194.01875000000004 4.6228212979753583e-17 50.847544829667846 -1.0000000180025095e-35
decision_type=2 2 2 2 2 2 8 2
left_child=1 2 -1 -4 5 -3 -6 -2
right_child=7 4 3 -5 6 -7 -8 -9
leaf_value=-0.0066267932362729636 0.016156311394534953 -0.018242752743442909 0.015951317670142733 -0.0082992660070837776 0.0014202143024582092 -0.0015800615317738765 -0.011608005846040504 0.0026394287382102339
leaf_weight=13.58705425262451 12.449131011962892 16.561798036098484 27.89421546459198 9.0927411764860135 47.075877740979195 14.07468245923519 12.046597585082052 14.480736196041105
leaf_count=59 57 69 136 44 203 60 52 64
internal_value=0.000589912 -0.00112421 0.00520559 0.00977016 -0.00477486 -0.0110693 -0.0012835 0.00945757
internal_weight=167.263 140.333 50.574 36.987 89.759 30.6365 59.1225 26.9299
internal_count=744 623 239 180 384 129 255 121
is_linear=0
shrinkage=0.02


Tree=64
num_leaves=12
num_cat=0
split_feature=42 18 42 37 41 16 34 34 14 15 41
split_gain=8.96881 8.802 10.4072 6.28821 5.67268 9.29569 3.6382 3.51915 3.46002 3.41979 1.41161
threshold=1.8134805553707973 5.5000486022267579e-30 0.99881526436099655 1.0000000180025095e-35 90.625000000000014 0.0002125710831142369 0.75150546484655256 0.94638189741380496 0.09235799174680652 0.011306742085434935 72.375000000000014
decision_type=2 2 2 2 2 2 2 2 2 2 2
left_child=1 2 -1 10 9 -6 -3 -4 -8 -5 -2
right_child=3 6 7 4 5 -7 8 -9 -10 -11 -12
leaf_value=0.00060705982528346035 0.020447827493244336 -0.008286565004184834 -0.010601636007531801 0.0094580408675202614 0.0040457881879278138 -0.017071627772747348 0.0089155222803074755 -0.030335770255137819 -0.0042968500753540299 -0.00367492055407867 0.0068644870545065007
leaf_weight=13.16981630027294 8.6149438470602053 11.728376656770704 9.8704235553741473 31.147489428520203 18.677041232585911 13.23729522526264 21.210068538784981 9.7272806763648969 10.877389952540396 9.164886146783827 9.445341691374777
leaf_count=56 51 50 41 139 80 56 92 40 46 40 52
internal_value=-7.74354e-05 -0.00511138 -0.0127952 0.00413596 0.0013281 -0.00478347 0.000658349 -0.0216852 0.0042608 0.00631039 0.0143915
internal_weight=166.87 76.5834 32.7675 90.287 72.2267 31.9143 43.8158 19.5977 32.0875 40.3124 18.0603
internal_count=743 325 137 418 315 136 188 81 138 179 103
is_linear=0
shrinkage=0.02


Tree=65
num_leaves=11
num_cat=0
split_feature=42 25 47 34 2 36 2 18 34 22
split_gain=10.5676 4.62425 6.80786 5.94171 2.96767 2.77402 3.36707 2.61717 1.92149 0.435803
threshold=4.4758891771313793 -0.00074864196697478136 1.0000000180025095e-35 1.1936606239695513 617.50000000000011 0.3062463651645575 602.50000000000011 8.8375784355139174e-19 1.0626567126642601 9.9516798868877626e-05
decision_type=2 2 2 2 2 2 2 2 2 2
left_child=1 4 8 -4 7 6 9 -1 -3 -2
right_child=5 2 3 -5 -6 -7 -8 -9 -10 -11
leaf_value=-0.0067837250725178511 0.0050255673221383627 -0.016949091085893146 0.002045899694281214 -0.01176499524957459 0.01130988422346743 0.01925180362737559 -0.0034517645417764249 0.0040971356023193324 -0.0053428998550341788 0.014348376335613906
leaf_weight=14.779907613992689 8.0696444362402016 19.611887961626056 45.775809064507484 15.825370594859121 9.8309614360332471 7.9269187599420539 9.5317604839801771 18.79084312915802 12.169698372483252 8.4050690829753858
leaf_count=64 40 83 197 67 44 44 48 82 51 41
internal_value=-0.000567204 -0.00308767 -0.00559391 -0.00153754 0.00217415 0.00921851 0.00533851 -0.000577389 -0.0129865 0.0106741
internal_weight=170.718 136.784 93.3828 61.6012 43.4017 33.9334 26.0065 33.5708 31.7816 16.4747
internal_count=761 588 398 264 190 173 129 146 134 81
is_linear=0
shrinkage=0.02


Tree=66
num_leaves=10
num_cat=0
split_feature=42 17 36 36 41 35 15 7 35
split_gain=16.0294 8.60974 7.60892 8.59001 7.58022 6.23616 3.96386 3.14086 2.05055
threshold=3.206460206460207 5.2464196409074605e-17 0.19971469629673508 -0.2282194349599613 90.000000000000014 0.0017641398321269315 3.5573507817838787e-22 109.96250000000002 0.00079783953301903966
decision_type=2 2 2 2 2 2 2 2 2
left_child=1 6 3 -3 7 -4 -1 -2 -6
right_child=4 2 5 -5 8 -7 -8 -9 -10
leaf_value=-0.003544874879891234 0.0063269881638665648 0.0023337729358769229 0.014995600271364254 -0.012750821083962083 -0.0043398729837193914 -0.0016398896319904641 -0.020256922944332897 0.023076232404522747 0.0070005009377060237
leaf_weight=10.76117964088917 9.4597267508506793 27.050855576992035 15.562829047441481 30.975860550999641 12.191196352243425 18.160897761583328 15.968594834208487 14.120794601738451 11.039820954203604
leaf_count=45 47 116 68 130 56 80 66 74 54
internal_value=-0.000376348 -0.00432481 -0.00128632 -0.00569664 0.00937318 0.00607503 -0.0141156 0.0171318 0.000868171
internal_weight=165.292 118.48 91.7504 58.0267 46.8115 33.7237 26.7298 23.5805 23.231
internal_count=736 505 394 246 231 148 111 121 110
is_linear=0
shrinkage=0.02


Tree=67
num_leaves=7
num_cat=1
split_feature=37 42 14 42 77 42
split_gain=7.2448 9.58688 7.40777 4.85042 4.02617 3.98296
threshold=1.0000000180025095e-35 0.46233558417808346 0.0018818240750434476 1.0752297529127142 0 2.9188453159041399
decision_type=2 2 2 2 1 2
left_child=5 -2 3 -3 -4 -1
right_child=1 2 4 -5 -6 -7
leaf_value=0.0010561894314186678 0.014650290164897313 0.0032707738303122164 -0.0055086356863469875 -0.011246182686957842 0.0051391236059085592 0.017307376544133269
leaf_weight=14.978851333260538 10.081753030419348 9.7159264981746656 23.274874955415726 58.465875014662743 32.867767721414566 10.379607729613779
leaf_count=70 45 41 99 249 142 65
internal_value=-0.0012018 -0.00309465 -0.00468692 -0.00907341 0.000600763 0.00833994
internal_weight=159.765 134.406 124.324 68.1818 56.1426 25.3585
internal_count=711 576 531 290 241 135
cat_boundaries=0 1
cat_threshold=4
is_linear=0
shrinkage=0.02


Tree=68
num_leaves=12
num_cat=0
split_feature=17 41 14 34 47 34 34 34 46 41 14
split_gain=6.80673 4.81371 4.68802 4.16264 4.13868 4.39908 4.17169 4.98675 4.07491 2.41485 2.22512
threshold=3.2441531036829844e-10 18.125000000000004 2.0433532133901883e-07 0.82017226064552051 1.0000000180025095e-35 0.92483582835123856 1.1532398756952682 0.62738044015621575 19.500000000000004 66.625000000000014 0.00072886580481860259
decision_type=2 2 2 2 2 2 2 2 2 2 2
left_child=1 -1 -3 -4 5 10 7 -6 -8 -7 -2
right_child=4 2 3 -5 6 9 8 -9 -10 -11 -12
leaf_value=-0.018587482798230765 -0.014485150722218438 -0.011081615362949122 0.012395013997693046 -0.0032927136550428265 -0.0025940723441025067 0.011279477889668802 0.0069504358395578733 0.01204880948699978 -0.010228233268306164 -0.0018592200487237401 -0.00050748534345002689
leaf_weight=9.0648182183504087 10.995704084634783 16.337022185325623 9.231923922896387 18.256807446479797 10.925769805908201 8.9981462508440035 9.4902328997850436 38.662778690457344 10.379814341664312 10.7761944681406 8.9668796211481077
leaf_count=38 49 70 42 81 49 42 44 176 45 48 40
internal_value=-0.000111924 -0.00597107 -0.00287122 0.00201545 0.00270003 -0.00230597 0.00564117 0.00871646 -0.00179605 0.00408578 -0.00881655
internal_weight=162.086 52.8906 43.8258 27.4887 109.196 39.7369 69.4586 49.5885 19.87 19.7743 19.9626
internal_count=724 231 193 123 493 179 314 225 89 90 89
is_linear=0
shrinkage=0.02


Tree=69
num_leaves=6
num_cat=0
split_feature=40 36 8 42 42
split_gain=10.2943 7.36934 5.13737 4.45714 7.37858
threshold=7.5780937500003356 -0.63709790775195752 52.475000000000009 0.43963500580227199 1.8134805553707973
decision_type=2 2 2 2 2
left_child=2 -2 -1 -3 -5
right_child=1 3 -4 4 -6
leaf_value=2.9769090431433056e-05 0.010521516274398427 0.0084706180357547196 0.01952394628289612 -0.010569677929231677 -0.00051204173252100227
leaf_weight=9.963913634419443 14.030806154012678 9.0156845152378065 12.712313450872896 55.27807554602623 63.573585107922554
leaf_count=46 65 41 68 231 282
internal_value=-0.000597162 -0.00265168 0.0115747 -0.00421415 -0.00528908
internal_weight=164.574 141.898 22.6762 127.867 118.852
internal_count=733 619 114 554 513
is_linear=0
shrinkage=0.02


Tree=70
num_leaves=12
num_cat=0
split_feature=18 41 22 14 42 36 36 18 9 22 41
split_gain=5.89056 8.04981 6.59131 4.67159 6.94631 6.2817 3.6825 2.98285 2.66819 2.65574 2.60456
threshold=1.6263760542765404e-13 159.37500000000003 0.00016212419570264941 3.0234792875577326e-05 1.8134805553707973 0.28462673772155089 -0.094177642960646332 0.0001347341356125177 151.86250000000004 0.0040747880455715311 65.375000000000014
decision_type=2 2 2 2 2 2 2 2 2 2 2
left_child=3 2 7 5 6 8 -5 -2 -1 -4 -6
right_child=1 -3 9 4 10 -7 -8 -9 -10 -11 -12
leaf_value=-0.021505764989255445 0.0076958282527617682 -0.010049606612545614 0.01934572421083355 -0.01386192450687079 0.014269476423042854 0.0046366891609914045 0.00043843767474226007 -0.0038723587764207612 -0.0064350219398634206 0.0044780275832000801 0.0015181480634136762
leaf_weight=9.571623310446741 16.97299849241972 10.099304333329199 19.600331649184231 11.206970170140268 13.836017623543741 9.9199499487876874 15.562846645712851 16.114418931305408 13.704666413366793 8.7581968903541547 13.824430570006369
leaf_count=41 77 44 91 47 65 45 65 72 60 40 64
internal_value=0.00130885 0.00555138 0.00833152 -0.00211095 0.00141182 -0.00793489 -0.00561582 0.00193749 -0.0135101 0.0152673 0.00838116
internal_weight=159.172 71.5453 61.4459 87.6265 54.4303 33.1962 26.7698 33.0874 23.2763 28.3585 27.6604
internal_count=711 324 280 387 241 146 112 149 101 131 129
is_linear=0
shrinkage=0.02


Tree=71
num_leaves=8
num_cat=0
split_feature=42 42 8 36 17 42 42
split_gain=7.36395 7.74101 5.7936 5.09674 4.38653 4.71563 3.37157
threshold=0.44754218635363174 2.5724678166875066 300.92500000000001 0.10348866317832141 6.8132633003864106e-05 1.7568038128389969 1.2011235955056183
decision_type=2 2 2 2 2 2 2
left_child=-1 4 3 -3 6 -6 -2
right_child=1 2 -4 -5 5 -7 -8
leaf_value=0.016494680157383316 -0.0002798845500808783 0.0026718678858087602 -0.0062266881053327028 0.015770412758734483 -0.0031071910556832545 0.011771630422293265 -0.011382632458516983
leaf_weight=10.540830001235006 17.895439401268959 30.764197438955307 12.80154876410961 20.525646775960922 28.477467432618141 10.877149581909178 32.920189082622528
leaf_count=48 75 147 60 101 121 48 136
internal_value=0.00108318 -3.07105e-05 0.00519885 0.00822986 -0.00382985 0.00104626 -0.0076693
internal_weight=164.802 154.262 64.0914 51.2898 90.1702 39.3546 50.8156
internal_count=736 688 308 248 380 169 211
is_linear=0
shrinkage=0.02


Tree=72
num_leaves=8
num_cat=1
split_feature=42 41 77 14 11 35 35
split_gain=7.35062 5.3588 6.54741 7.2129 5.79529 4.97537 3.22274
threshold=9.542443064182196 49.000000000000007 0 0.0076327095338950849 0.00024460875408646146 -0.0010694146701080126 -0.00012054060753473202
decision_type=2 2 1 2 2 2 2
left_child=1 5 3 -3 -4 -1 -7
right_child=-2 2 4 -5 -6 6 -8
leaf_value=0.012198073275014978 0.014676883258995967 -0.0054606650105317499 -0.013530851285741212 0.013089409300683218 0.0018586186265626846 -0.0071887292005916696 0.0025785466341452031
leaf_weight=14.633683830499647 10.806199587881563 20.758193850517273 37.520996622741222 12.514710932970045 11.95299595594406 18.51740837097168 42.402086183428764
leaf_count=68 58 90 162 56 52 80 190
internal_value=-0.000502473 -0.00166197 -0.00517108 0.00151972 -0.0097307 0.00212022 -0.000361616
internal_weight=169.106 158.3 82.7469 33.2729 49.474 75.5532 60.9195
internal_count=756 698 360 146 214 338 270
cat_boundaries=0 1
cat_threshold=1
is_linear=0
shrinkage=0.02


Tree=73
num_leaves=7
num_cat=0
split_feature=62 42 42 14 42 14
split_gain=8.57886 5.5205 5.93358 3.8324 2.92282 0.192808
threshold=1.0000000180025095e-35 0.49174788381148099 9.542443064182196 0.0025476949580943713 2.5422619047619048 0.0010280192791363156
decision_type=2 2 2 2 2 2
left_child=4 -2 3 -3 -1 -6
right_child=1 2 -4 -5 5 -7
leaf_value=0.0029357345695059291 0.011569812457358216 -0.0073519506985975517 0.011739989222182935 -0.0001039056725368488 0.020132157192396419 0.0090534690786146406
leaf_weight=14.703733891248705 10.451337367296217 65.118985444307327 9.1362244784831983 55.344417989253998 7.72503464668989 6.8140512332320213
leaf_count=69 47 275 44 235 46 41
internal_value=0.000376003 -0.0016623 -0.00285574 -0.00409965 0.0100685 0.0162428
internal_weight=169.294 140.051 129.6 120.463 29.2428 14.5391
internal_count=757 601 554 510 156 87
is_linear=0
shrinkage=0.02


Tree=74
num_leaves=9
num_cat=0
split_feature=37 42 17 11 8 7 42 7
split_gain=6.77909 4.96194 4.42557 3.48905 4.31896 6.46158 3.8045 2.40503
threshold=1.0000000180025095e-35 3.7559523809523814 3.2311869715863621e-05 0.00024460875408646146 187.45000000000002 191.76875000000004 1.0023693839601624 331.93750000000006
decision_type=2 2 2 2 2 2 2 2
left_child=1 2 -1 4 5 -2 -6 -5
right_child=3 -3 -4 7 6 -7 -8 -9
leaf_value=-0.0074857896216552564 -0.0031819718391005868 0.019571855238862259 0.01109031044569418 0.012021296315505373 0.0017009187622459567 0.013215725328520573 -0.011049453515661618 -0.00099948114705601643
leaf_weight=9.1813604682683998 57.98995041847229 9.0505399182438833 9.1383919864892942 9.1104168295860308 10.842394649982451 10.454569578170775 39.613879293203354 10.909947931766508
leaf_count=42 249 61 45 40 47 46 167 47
internal_value=-0.00065978 0.00821035 0.00156433 -0.00249645 -0.00382768 -0.000436664 -0.00821315 0.00493029
internal_weight=166.291 27.3703 18.3198 138.921 118.901 68.4445 50.4563 20.0204
internal_count=744 148 87 596 509 295 214 87
is_linear=0
shrinkage=0.02


Tree=75
num_leaves=8
num_cat=0
split_feature=35 40 22 11 25 15 41
split_gain=5.95921 6.60878 6.483 7.37967 7.31009 3.2445 2.40094
threshold=-0.0022499119206804063 6.1098750000001028 0.00016212419570264941 0.00023489138314708623 0.0026108343292645096 3.3025460276495072e-23 24.500000000000004
decision_type=2 2 2 2 2 2 2
left_child=5 6 3 -3 -4 -1 -2
right_child=1 2 4 -5 -6 -7 -8
leaf_value=0.00031651547123512662 0.0029210875613422892 -0.0091100860499287936 -0.00050906613119647216 0.0077607917098694544 0.017340244525963052 0.016721682386334352 0.019357851518102126
leaf_weight=8.8005723655223864 9.1188230067491549 59.31193271279335 51.55552239716053 11.341038674116133 10.008662134408949 12.373963512480257 6.917302429676055
leaf_count=40 43 256 228 50 46 58 42
internal_value=0.000809874 -0.000594373 -0.00212834 -0.00624776 0.00252762 0.0104957 0.0110835
internal_weight=169.428 148.253 132.217 70.653 61.5642 21.1745 16.0361
internal_count=763 665 580 306 274 98 85
is_linear=0
shrinkage=0.02


Tree=76
num_leaves=9
num_cat=0
split_feature=62 41 12 11 51 25 14 14
split_gain=6.1546 3.95041 7.0529 5.34197 5.01795 3.94934 2.41296 2.78216
threshold=1.0000000180025095e-35 82.875000000000014 1.1500000000000001 0.00022351029282520653 1.0000000180025095e-35 -0.00073476900018223045 5.561709355216303e-07 0.3017887179948755
decision_type=2 2 2 2 2 2 2 2
left_child=6 3 5 4 -2 -3 -1 -8
right_child=1 2 -4 -5 -6 -7 7 -9
leaf_value=0 0.0084183088899722446 -0.002552889230982259 0.0038088437599774058 0.014636304673352427 -0.0034325399640837955 -0.01779920682244239 0.018904147705143089 0.002351206350947902
leaf_weight=9.9432285502553004 16.962476968765259 12.788572177290918 16.428522363305092 8.8352842032909376 67.211623534560204 17.950206845998764 10.427955329418184 8.2294772043824178
leaf_count=52 75 54 69 40 288 75 59 44
internal_value=9.79321e-06 -0.00169355 -0.00635528 0.000649156 -0.000903155 -0.0119255 0.00833605 0.0123992
internal_weight=168.777 140.177 47.1673 93.0094 84.1741 30.7388 28.6007 18.6574
internal_count=756 601 198 403 363 129 155 103
is_linear=0
shrinkage=0.02


Tree=77
num_leaves=8
num_cat=0
split_feature=35 40 11 41 35 14 15
split_gain=4.91054 6.00507 4.18465 5.88309 3.28789 2.08847 1.87507
threshold=-0.0022633806620099865 7.5780937500003356 0.00024460875408646146 112.87500000000001 0.0012649270064801162 0.00013413436679514141 8.546287642415321e-10
decision_type=2 2 2 2 2 2 2
left_child=6 5 4 -4 -3 -2 -1
right_child=1 2 3 -5 -6 -7 -8
leaf_value=0.0040845112061846543 0.0018167155606327065 -0.0048382829266457802 0.018214826146385636 -0.0028859012609285984 0.0026248688670782805 0.015953930711492651 0.018092543155024145
leaf_weight=10.207204915583135 8.3841738477349299 76.743516132235527 9.0641147494316119 9.7951353192329389 32.014077946543694 11.245015680789946 8.3162625730037671
leaf_count=47 43 327 43 42 144 58 40
internal_value=0.00184332 0.000546925 -0.00102106 0.00735992 -0.00258285 0.0105872 0.0112854
internal_weight=165.77 147.246 127.617 18.8593 108.758 19.6292 18.5235
internal_count=744 657 556 85 471 101 87
is_linear=0
shrinkage=0.02


Tree=78
num_leaves=9
num_cat=0
split_feature=40 34 42 40 36 8 46 2
split_gain=6.66897 6.00017 5.75323 4.91472 4.83595 4.07268 3.75655 2.85422
threshold=11.502843750000467 0.64870037340213527 0.66691256844642532 45.227000000000778 0.32910725033188981 230.65000000000001 19.500000000000004 622.50000000000011
decision_type=2 2 2 2 2 2 2 2
left_child=1 -1 5 4 -4 -2 -5 -3
right_child=2 7 3 6 -6 -7 -8 -9
leaf_value=-0.0047534158290686388 -0.00071684035063386835 0.016471174468783167 -0.0038227449739099478 -0.014166701074652507 0.0075106951780014065 0.016756580871653836 -0.00011595321313868183 0.0020033387104871855
leaf_weight=10.363650619983671 9.6044932752847689 19.358840703964237 51.33118000626564 23.377015724778175 20.050902515649796 9.3199058026075345 12.358988732099531 9.2483265548944456
leaf_count=49 42 98 219 97 91 43 51 50
internal_value=0.00039961 0.00755173 -0.00180655 -0.00365187 -0.000496557 0.00799646 -0.00960613 0.0122222
internal_weight=165.013 38.9708 126.042 107.118 71.3821 18.9244 35.736 28.6072
internal_count=740 197 543 458 310 85 148 148
is_linear=0
shrinkage=0.02


Tree=79
num_leaves=8
num_cat=0
split_feature=42 15 47 18 23 37 0
split_gain=5.82802 6.70956 5.95206 6.18507 3.49554 3.41955 3.24086
threshold=4.4758891771313793 0.98051847933173852 1.0000000180025095e-35 2.3202505856887401e-06 0.83309952404327914 1.0000000180025095e-35 9.5000000000000018
decision_type=2 2 2 2 2 2 2
left_child=1 2 4 -4 -1 -2 -7
right_child=5 -3 3 -5 -6 6 -8
leaf_value=-0.0036467197397414327 0.01669608198587581 -0.015574306757787414 -0.0018712607063184367 0.0096674608159832559 -0.016930585612032829 0.0083788934599027341 -0.0050546753678486558
leaf_weight=31.370213523507118 8.105195075273512 14.309073105454443 61.306433334946632 25.236067309975624 10.962524980306624 14.273428440093996 12.158451974391935
leaf_count=133 56 59 266 110 47 69 56
internal_value=-0.00120007 -0.00300977 -0.00145935 0.00149693 -0.00753651 0.00600735 0.00202183
internal_weight=177.721 143.184 128.875 86.5425 42.3327 34.5371 26.4319
internal_count=796 615 556 376 180 181 125
is_linear=0
shrinkage=0.02


Tree=80
num_leaves=10
num_cat=0
split_feature=37 22 34 40 40 41 34 18 7
split_gain=7.87932 5.06736 3.26613 3.71885 2.65216 2.57664 3.20754 1.93865 1.22753
threshold=1.0000000180025095e-35 -0.00075791684626333434 0.85385185214806125 20.125000000000004 36.795468749999607 89.000000000000014 0.88279388111977419 1.3811444665575952e-30 145.98750000000004
decision_type=2 2 2 2 2 2 2 2 2
left_child=4 5 7 -4 8 6 -2 -3 -1
right_child=1 2 3 -5 -6 -7 -8 -9 -10
leaf_value=0.0049102848931111874 0.0038970794183183495 -0.0087904582641335632 0.011105349235858665 0 0 -0.012637464967218487 -0.0075946092078564157 0.001066514712283084 0.018135725096519523
leaf_weight=6.8617236912250581 14.168098136782644 14.82323242723942 18.845512121915817 30.394879281520844 7.9039193987846366 18.329382568597794 24.418671548366547 13.818868011236189 11.021202668547629
leaf_count=39 61 64 86 128 36 77 104 61 68
internal_value=-3.9672e-05 -0.00203157 0.00122111 0.00437124 0.00983593 -0.00653027 -0.00323173 -0.00395684 0.0139076
internal_weight=160.585 134.799 77.8825 49.2404 25.7868 56.9162 38.5868 28.6421 17.8829
internal_count=724 581 339 214 143 242 165 125 107
is_linear=0
shrinkage=0.02


Tree=81
num_leaves=10
num_cat=0
split_feature=9 41 62 12 9 25 9 8 41
split_gain=4.53915 7.65961 6.3719 5.01434 3.91136 2.92552 4.50046 2.81834 2.96297
threshold=143.51250000000002 83.500000000000014 1.0000000180025095e-35 1.1500000000000001 96.781250000000014 -0.00124354563256557 207.82500000000002 52.475000000000009 23.625000000000004
decision_type=2 2 2 2 2 2 2 2 2
left_child=4 5 -3 -4 7 -2 -7 -1 -9
right_child=1 2 3 -5 -6 6 -8 8 -10
leaf_value=-0.0073066844848116239 0.014242760133170981 0.010963089665973572 -0.010734877082337476 0.0027392406544394106 -0.013393696457231518 0.011258339138817812 -0.0013234767234906551 0.011757104658634927 -0.0028006024421789832
leaf_weight=16.258801855146885 15.955527648329733 9.3162074238061887 31.691408440470695 15.239492461085318 14.859869495034216 18.373315274715424 25.380426079034805 8.7699150145053881 11.326666705310343
leaf_count=72 75 51 133 64 66 83 116 39 53
internal_value=-0.000123974 0.00202925 -0.00316797 -0.00626849 -0.0050595 0.00699549 0.00395939 -0.00122501 0.00352397
internal_weight=167.172 115.956 56.2471 46.9309 51.2153 59.7093 43.7537 36.3554 20.0966
internal_count=752 522 248 197 230 274 199 164 92
is_linear=0
shrinkage=0.02


Tree=82
num_leaves=10
num_cat=0
split_feature=62 36 46 22 46 42 14 34 36
split_gain=6.41373 4.00854 6.83257 4.91167 3.49139 3.47041 2.88232 0.864715 0.118169
threshold=1.0000000180025095e-35 0.18808453205962991 17.500000000000004 0.00071925622200375288 18.500000000000004 2.5422619047619048 7.1000641063446313e-09 1.0590333121588655 0.5448459370685399
decision_type=2 2 2 2 2 2 2 2 2
left_child=5 2 -2 6 -4 -1 -3 -5 -7
right_child=1 3 4 7 -6 8 -8 -9 -10
leaf_value=0 0.0070920136450602078 0.0039782138615595489 -0.014651197280525685 0.013422378030824951 -0.0050237918598192311 0.018198303114221614 -0.0093580104980683834 0.0032544124141089888 0.007751471738494769
leaf_weight=12.698694899678232 12.833130821585653 9.2353405356407183 22.785368844866753 9.2982570230960864 55.946405708789825 6.2664243653416616 15.374296486377714 9.1111598163843137 6.2984835579991341
leaf_count=59 56 40 96 40 241 41 66 40 39
internal_value=-0.00166268 -0.00343585 -0.00579557 0.00146801 -0.00803407 0.00732602 -0.00415908 0.00912614 0.0143614
internal_weight=159.848 134.584 91.5649 43.0191 78.7318 25.2636 24.6096 18.4094 12.5649
internal_count=718 579 393 186 337 139 106 80 80
is_linear=0
shrinkage=0.02


Tree=83
num_leaves=7
num_cat=1
split_feature=42 9 41 7 77 41
split_gain=7.98616 4.2882 4.69644 5.27373 4.46679 4.26206
threshold=9.542443064182196 351.78125000000006 90.625000000000014 159.27500000000001 0 130.00000000000003
decision_type=2 2 2 2 1 2
left_child=1 2 3 -1 -4 -3
right_child=-2 5 4 -5 -6 -7
leaf_value=-0.0052008886807472388 0.015948051646233263 0.01657672993467835 0 0.0035270797710937351 -0.015148652695492993 -0.001515199590791214
leaf_weight=53.203154630959034 10.161746233701704 8.7774135917425173 12.007373839616776 55.16400683671236 19.465987950563431 9.6722068190574628
leaf_count=236 55 41 53 247 82 41
internal_value=-0.000361703 -0.00153995 -0.00277765 -0.000711453 -0.00946612 0.0071933
internal_weight=168.452 158.29 139.841 108.367 31.4734 18.4496
internal_count=755 700 618 483 135 82
cat_boundaries=0 1
cat_threshold=1
is_linear=0
shrinkage=0.02


Tree=84
num_leaves=11
num_cat=2
split_feature=42 17 58 73 11 2 46 17 42 77
split_gain=5.4486 7.69988 4.91483 3.90799 5.78974 4.03016 3.61988 3.03702 7.0323 4.23868
threshold=2.379807692307693 5.2464196409074605e-17 1.0000000180025095e-35 0 6.6520334176661027e-05 602.50000000000011 17.500000000000004 0.00069019817450900875 1.3640188176473564 1
decision_type=2 2 2 1 2 2 2 2 2 1
left_child=1 2 -1 5 -5 -2 -6 8 -3 -9
right_child=3 7 -4 4 6 -7 -8 9 -10 -11
leaf_value=-0.0029507808481602357 0.021833099576962254 0.012170843941612431 -0.021728539242022938 0.012607967449376067 0.0070188770023892448 0.0025085234440292061 -0.0068067118580148493 -0.011491910436131432 -0.0052199288607951422 0.0014577632009678827
leaf_weight=12.554553523659706 8.2106640189886111 19.97767636179924 11.167405396699905 12.221561998128889 9.3472321704030019 10.208253800868986 25.451817706227303 15.044306978583336 15.351205572485922 25.09019461274147
leaf_count=52 40 86 46 63 46 51 116 65 64 108
internal_value=4.66573e-05 -0.00286228 -0.0125547 0.00452271 0.00123433 0.0121126 -0.00283315 0.000230404 0.00451332 -0.00341189
internal_weight=164.625 99.1853 23.722 65.4395 47.0206 18.4189 34.799 75.4634 35.3289 40.1345
internal_count=737 421 98 316 225 91 162 323 150 173
cat_boundaries=0 1 2
cat_threshold=4 1
is_linear=0
shrinkage=0.02


Tree=85
num_leaves=10
num_cat=0
split_feature=35 22 40 36 18 16 16 8 40
split_gain=9.09922 10.4496 8.19422 6.76653 4.55096 2.98213 2.92858 2.87488 2.64898
threshold=-0.0022499119206804063 0.00016212419570264941 30.308031249999662 0.34248035972412932 5.5000486022267579e-30 0.017207700973762272 0.18902767571076665 255.95000000000005 10.957124999998998
decision_type=2 2 2 2 2 2 2 2 2
left_child=6 2 3 -2 5 -3 -1 -4 -6
right_child=1 4 7 -5 8 -7 -8 -9 -10
leaf_value=0.018329482973136146 -0.0059254611790343983 -0.0077135001056023982 -0.018862169285058697 0.01068024571635399 0.018948065756744733 0.0053983348284105618 0.0023933366201491267 -0.0042664953004838812 0.0053144478720981219
leaf_weight=11.974890790879728 33.843161106109619 15.343140468001367 20.395803645253185 12.572634071111677 7.2732138261198989 10.686425209045408 9.1840130984783155 9.7663381993770582 31.612002462148666
leaf_count=58 150 67 85 64 40 47 41 41 140
internal_value=0.000148418 -0.00166961 -0.00666438 -0.00117055 0.00414324 -0.0021079 0.0121033 -0.0146173 0.00842608
internal_weight=162.652 141.493 76.5779 46.4158 64.9148 26.0296 21.1589 30.1621 38.8852
internal_count=733 634 340 214 294 114 99 126 180
is_linear=0
shrinkage=0.02


Tree=86
num_leaves=8
num_cat=0
split_feature=40 35 17 18 9 42 15
split_gain=7.97937 7.58075 4.10883 3.8502 2.23853 1.62381 0.956525
threshold=7.5780937500003356 -0.0022499119206804063 2.4031339157365474e-10 3.4614683362721946e-12 256.72500000000008 5.3586319590954874 1.7615055795326811e-12
decision_type=2 2 2 2 2 2 2
left_child=5 6 4 -4 -3 -1 -2
right_child=1 2 3 -5 -6 -7 -8
leaf_value=0.0056392844143546075 0.003953246467468534 -0.011283803138494265 -0.0042401524513008635 0.004326531427024982 -0.00010288654033572555 0.018080826867085887 0.015041641598836074
leaf_weight=14.123269468545915 8.7041740417480487 29.259910985827446 49.983669519424438 34.355161599814892 10.844528242945669 8.3362048193812353 8.8523904383182508
leaf_count=66 40 124 216 154 48 52 42
internal_value=0.000246411 -0.00149175 -0.00328339 -0.000670425 -0.00848243 0.0110868 0.0103769
internal_weight=164.459 142 124.443 84.3388 40.1044 22.4595 17.5566
internal_count=742 624 542 370 172 118 82
is_linear=0
shrinkage=0.02


Tree=87
num_leaves=10
num_cat=0
split_feature=35 40 16 42 42 12 35 25 25
split_gain=6.05457 6.35979 4.56864 6.31607 4.32622 11.2049 4.17781 4.06761 2.3976
threshold=-0.0022633806620099865 24.04725000000008 0.00016602624693488489 1.8256466344448812 1.3640188176473564 1.1500000000000001 -1.0000000180025095e-35 -0.00072135247425528909 0.00043057200484063668
decision_type=2 2 2 2 2 2 2 2 2
left_child=8 2 6 -4 7 -6 -2 -3 -1
right_child=1 4 3 -5 5 -7 -8 -9 -10
leaf_value=0.016064834049984936 0 0.010514061932245281 -0.0098064482422538755 0.0044702562535069226 -0.018033325274348446 0.0028347284777910505 0.015463613812613571 -0.0051632646462611374 0.0014909357593040407
leaf_weight=11.023121140897276 13.099609948694708 9.2915415465831774 19.415806159377098 30.161901496350765 24.77251785993576 15.997153431177138 15.444495216011999 17.423899963498116 9.1797052025794965
leaf_count=54 62 41 81 147 103 68 75 75 42
internal_value=8.62163e-05 -0.00132289 0.00249689 -0.00108555 -0.00580423 -0.00982967 0.00874839 0.000255397 0.0101084
internal_weight=165.81 145.607 78.1218 49.5777 67.4851 40.7697 28.5441 26.7154 20.2028
internal_count=748 652 365 228 287 171 137 116 96
is_linear=0
shrinkage=0.02


Tree=88
num_leaves=9
num_cat=0
split_feature=18 40 11 16 2 42 36 42
split_gain=6.57788 5.43829 7.72633 6.0936 4.85341 3.82155 3.59604 2.79853
threshold=1.8018268274446209e-05 14.823124999999893 0.00024061574912154516 3.6424382006277653e-05 612.50000000000011 2.2303099983848145 0.083887261198617266 2.1461231448831719
decision_type=2 2 2 2 2 2 2 2
left_child=1 4 3 -3 7 -2 -7 -1
right_child=5 2 -4 -5 -6 6 -8 -9
leaf_value=0.0010865228789429459 0.00078363869338633806 0.00010757377420710107 0.0075318223146525198 -0.011630669764365007 -0.0039756377544850072 0.0049335671730354712 0.022953091016054149 0.015127399329958529
leaf_weight=10.492447137832643 17.305020436644554 27.889820367097855 17.167883202433586 42.976893737912178 14.811263278126715 11.248701281845571 8.9278373196721059 15.231263913214205
leaf_count=44 75 120 79 181 73 55 44 79
internal_value=0.000899587 -0.00122229 -0.00403816 -0.00699034 0.00469878 0.00817661 0.0138977 0.00987975
internal_weight=166.051 128.57 88.0346 70.8667 40.535 37.4816 20.1765 25.7237
internal_count=750 576 380 301 196 174 99 123
is_linear=0
shrinkage=0.02


Tree=89
num_leaves=8
num_cat=0
split_feature=25 25 40 41 25 46 36
split_gain=4.51788 4.49754 6.17078 6.95707 4.5973 3.34854 2.71955
threshold=0.0027575108064008245 -0.0012538430540296108 11.743906249999783 18.625000000000004 -0.0028774104358336035 18.500000000000004 -0.2282194349599613
decision_type=2 2 2 2 2 2 2
left_child=1 4 3 -3 -1 -4 -6
right_child=-2 2 5 -5 6 -7 -8
leaf_value=-0.0059253354772637688 0.01009703337282802 -0.0055934220644979086 -0.011590159592471647 0.011481143302730526 0.017715269842414078 -0.003206798679901078 0.0035941267143726626
leaf_weight=11.528465107083319 12.897070556879042 17.351319223642349 32.856891483068466 18.479976013302803 8.1502242833375949 52.769334807991982 19.152499668300152
leaf_count=52 60 75 141 102 40 223 86
internal_value=-0.000787753 -0.00175793 -0.00367334 0.0031225 0.00402433 -0.00658962 0.00849845
internal_weight=173.186 160.289 121.458 35.8313 38.8312 85.6262 27.3027
internal_count=779 719 541 177 178 364 126
is_linear=0
shrinkage=0.02


Tree=90
num_leaves=9
num_cat=0
split_feature=18 38 41 62 35 41 16 35
split_gain=6.93371 7.23603 7.00102 4.20595 4.12095 6.91531 3.64856 0.393225
threshold=4.6233839980547616e-26 1.0000000180025095e-35 159.37500000000003 1.0000000180025095e-35 0.0021463851401641513 83.500000000000014 4.8023101090558407e-13 0.0006838757303325411
decision_type=2 2 2 2 2 2 2 2
left_child=1 4 3 7 5 -1 -5 -2
right_child=2 -3 -4 6 -6 -7 -8 -9
leaf_value=8.3206653526739658e-05 0.019699579801573393 -0.019759033943114519 -0.010601860549121409 0.013000255635803353 0.0093353362937024439 -0.015287592561485375 0.00064111031533866725 0.0084405622122199417
leaf_weight=38.693296335637569 6.7057554870843878 10.281143650412558 11.386679485440252 11.030594378709791 9.2860964238643628 15.323160424828528 53.155680999159813 8.1232085973024351
leaf_count=173 41 45 49 48 42 66 232 45
internal_value=-0.000366793 -0.00492225 0.00328881 0.00547303 -0.00214945 -0.00436668 0.00302396 0.0148339
internal_weight=163.986 73.5837 90.4019 79.0152 63.3026 54.0165 64.1863 14.829
internal_count=741 326 415 366 281 239 280 86
is_linear=0
shrinkage=0.02


Tree=91
num_leaves=5
num_cat=0
split_feature=25 36 36 7
split_gain=4.01555 4.63181 5.0431 2.93954
threshold=0.0026108343292645096 -0.64545352272159617 -0.53590497506876245 53.593750000000007
decision_type=2 2 2 2
left_child=1 -1 -3 -4
right_child=-2 2 3 -5
leaf_value=0.0092162027842069248 0.0095857172295337675 -0.018678489443766228 -0.0096243470534625921 -7.8373026342581494e-05
leaf_weight=14.886787310242651 15.02247843146324 6.068039394915103 13.724094718694685 115.60335738956928
leaf_count=72 69 29 60 513
internal_value=3.08719e-05 -0.000941636 -0.00216187 -0.00120349
internal_weight=165.305 150.282 135.395 129.327
internal_count=743 674 602 573
is_linear=0
shrinkage=0.02


Tree=92
num_leaves=8
num_cat=0
split_feature=42 42 18 14 23 2 41
split_gain=6.12307 4.45076 3.54983 4.43727 3.82176 2.6877 1.32904
threshold=4.4758891771313793 0.43963500580227199 8.6381023627253707e-08 2.8403163995398506e-12 0.089835993609008943 612.50000000000011 83.500000000000014
decision_type=2 2 2 2 2 2 2
left_child=1 -1 4 -4 -3 6 -2
right_child=5 2 3 -5 -6 -7 -8
leaf_value=0.0093624570149261101 0.016846098575733912 0.0043539940595220036 -0.0096255247868402803 0.004997643792871027 -0.0080319039395171307 -0.0013037468694658281 0.0050071982103498062
leaf_weight=9.3841606080532056 8.418140068650251 10.172142148017882 10.533413171768187 28.093913778662682 74.460843309760094 9.7701482921838743 11.922391496598719
leaf_count=43 48 45 45 122 318 55 60
internal_value=-0.00121231 -0.0030966 -0.00416114 0.00071632 -0.0064397 0.00672831 0.0107478
internal_weight=162.755 132.644 123.26 38.6273 84.633 30.1107 20.3405
internal_count=736 573 530 167 363 163 108
is_linear=0
shrinkage=0.02


Tree=93
num_leaves=10
num_cat=0
split_feature=47 34 23 7 17 25 34 34 0
split_gain=3.67635 5.1927 8.01192 4.99405 4.76722 4.7595 4.00368 3.90899 2.75544
threshold=1.0000000180025095e-35 1.1936606239695513 0.52449948211661723 94.250000000000014 0.015055314719429362 -0.00010398016783482737 1.4159265199904463 0.73287623163465121 9.5000000000000018
decision_type=2 2 2 2 2 2 2 2 2
left_child=3 2 7 -1 -4 -3 8 -2 -5
right_child=1 5 4 6 -6 -7 -8 -9 -10
leaf_value=-0.015388555955124828 -0.0065351084861744596 0.0027353699270044685 0.020842868010689429 -0.0082504763624661626 0.0015888511724527217 -0.012204242967807529 0.010427341953159856 0.0046504550412181734 0.0019795452675617116
leaf_weight=11.320332415401934 18.817648895084858 16.307043522596363 15.154629163444044 22.735402062535286 8.8496421426534635 15.242716953158377 8.7590342834591848 32.532866396009922 16.989445984363556
leaf_count=50 86 74 69 99 40 65 41 150 79
internal_value=-1.28e-05 0.00216768 0.00503951 -0.00398079 0.0143319 -0.0044513 -0.000938824 0.000390304 -0.00378681
internal_weight=166.709 106.905 75.3548 59.8042 24.0043 31.5498 48.4839 51.3505 39.7248
internal_count=753 484 345 269 109 139 219 236 178
is_linear=0
shrinkage=0.02


Tree=94
num_leaves=10
num_cat=0
split_feature=35 14 11 34 11 11 41 18 22
split_gain=6.9746 5.36157 8.21215 6.01021 5.42034 4.46099 3.17423 5.22772 3.13885
threshold=-0.0013570144542039955 0.00210326923813709 9.3748925165932428e-05 0.62738044015621575 0.00012443139521617892 0.00017291377612339043 46.875000000000007 1.4510140205690782e-06 -0.00048632868827528118
decision_type=2 2 2 2 2 2 2 2 2
left_child=6 3 8 -2 -5 -4 -1 -8 -3
right_child=1 2 5 4 -6 -7 7 -9 -10
leaf_value=0.015990652289068569 -0.0217013914530753 1.7969102170786287e-05 -0.014809384803155665 -0.0095798427608071949 0.0022713282815691768 0.00096484612915695824 -0.0038942904417537546 0.014116593253633847 0.012918479012111513
leaf_weight=9.4532104581594449 8.9735394865274412 13.863192290067671 13.244242377579214 34.619474492967129 25.504020214080811 12.884131230413912 16.852587610483173 8.9124166145920736 18.467067070305347
leaf_count=45 39 61 58 158 112 58 75 43 86
internal_value=-0.00114615 -0.00335473 0.00101246 -0.00709687 -0.00449957 -0.00706096 0.00655913 0.00240637 0.00773327
internal_weight=162.774 127.556 58.4586 69.097 60.1235 26.1284 35.2182 25.765 32.3303
internal_count=735 572 263 309 270 116 163 118 147
is_linear=0
shrinkage=0.02


Tree=95
num_leaves=9
num_cat=0
split_feature=42 17 3 23 11 17 22 1
split_gain=8.35382 4.74038 4.63297 3.78962 3.69938 2.79218 2.67353 0.751401
threshold=4.4758891771313793 1.4190193229803522e-10 1.0000000180025095e-35 0.14295715079625823 9.3748925165932428e-05 0.0038485704992619082 -0.00072015740257552817 47.500000000000007
decision_type=2 2 2 2 2 2 2 2
left_child=1 2 6 -3 7 -5 -1 -2
right_child=4 3 -4 5 -6 -7 -8 -9
leaf_value=-0.0044269269554438632 0.0072909284511024795 0.0097374759037383851 5.2630915824645201e-05 0.0021032481380320457 0.0010172909802400509 -0.0052882095487094887 -0.018965516133669532 0.020000552664618323
leaf_weight=10.695104986429214 6.8881674334406862 12.700952902436255 15.723301172256468 38.069434329867363 14.204506523907183 40.508339181542397 14.115662291646004 8.6389480084180832
leaf_count=45 42 57 66 164 71 177 59 47
internal_value=-0.000318222 -0.00252603 -0.00812753 0 0.00903837 -0.00165036 -0.0133452 0.0155076
internal_weight=161.544 131.813 40.5341 91.2787 29.7316 78.5778 24.8108 15.5271
internal_count=728 568 170 398 160 341 104 89
is_linear=0
shrinkage=0.02


Tree=96
num_leaves=10
num_cat=0
split_feature=7 15 18 14 42 22 8 14 18
split_gain=5.23606 4.1585 3.92805 6.51314 6.35931 5.56243 6.48488 4.96326 2.51254
threshold=378.47500000000008 6.6071734182531818e-31 7.9709110890427327e-13 0.0018818240750434476 1.9258241758241761 0.00018567678599662113 165.82500000000002 8.6521650092654088e-10 4.7844422281629342e-06
decision_type=2 2 2 2 2 2 2 2 2
left_child=2 -2 3 7 -5 6 -4 -1 -7
right_child=1 -3 5 4 -6 8 -8 -9 -10
leaf_value=-0.0013865453330932692 0 0.016705386498993592 0.0070082088157268716 -0.0055764508639777602 0.0098198368534229991 0.015758381084621798 -0.010274459715834358 -0.016067710787238926 0.0032608903900166303
leaf_weight=17.70158839225769 10.132074654102327 11.977466449141501 13.986379221081732 21.974031522870064 18.901534371078014 11.903122521936895 19.16370777785778 21.279226541519165 17.368154592812061
leaf_count=76 46 55 65 92 90 55 86 92 82
internal_value=0.000345998 0.00920524 -0.00104346 -0.00398967 0.00146425 0.00263453 -0.00281532 -0.00975235 0.00889387
internal_weight=164.387 22.1095 142.278 79.8564 40.8756 62.4214 33.1501 38.9808 29.2713
internal_count=739 101 638 350 182 288 151 168 137
is_linear=0
shrinkage=0.02


Tree=97
num_leaves=8
num_cat=0
split_feature=42 41 8 18 17 2 10
split_gain=4.50476 3.18489 3.93762 6.25576 4.61978 3.14349 2.01865
threshold=4.4758891771313793 159.37500000000003 238.25000000000003 6.8689692560298526e-08 0.99404461610489914 612.50000000000011 1.0000000180025095e-35
decision_type=2 2 2 2 2 2 2
left_child=1 2 4 -4 -1 6 -2
right_child=5 -3 3 -5 -6 -7 -8
leaf_value=-0.0029689192587736245 0.017216351562955871 -0.010387406164493903 0.00047463852542776715 0.018225081173049721 0.011207756760990671 -0.00021599639196859971 0.00322970492030128
leaf_weight=77.819485634565353 13.379978097975258 9.6970616877078992 25.086905002593994 11.187841042876242 9.3201510757207853 10.334398582577704 8.2375951707363129
leaf_count=335 71 40 107 50 41 58 43
internal_value=0.00172227 3.76446e-05 0.000981907 0.00645226 -0.0012746 0.00834418 0.0125303
internal_weight=165.063 133.111 123.414 36.2747 87.1396 31.952 21.6176
internal_count=745 573 533 157 376 172 114
is_linear=0
shrinkage=0.02


Tree=98
num_leaves=11
num_cat=0
split_feature=47 23 40 36 23 40 16 11 36 8
split_gain=4.83308 6.86936 4.9323 4.92088 4.85979 7.55221 4.42917 4.26557 4.21324 0.939078
threshold=1.0000000180025095e-35 0.68773193152853596 40.942531250000691 0.14864564302306746 0.35591480867819497 23.296781249999189 1.0221277269485167e-08 6.6300309440382496e-05 -0.11660302743722062 161.27500000000001
decision_type=2 2 2 2 2 2 2 2 2 2
left_child=2 4 3 8 7 -6 -3 -2 -1 -5
right_child=1 6 -4 9 5 -7 -8 -9 -10 -11
leaf_value=0.0002191079336493396 0.009543206149675975 0 -0.012574910072363091 0.001849816978667264 0.0045030958703576448 -0.019354027561343159 0.016401246781328229 -0.0017769325428937874 -0.015276095971840653 0.012553291480076117
leaf_weight=17.641534984111789 21.258923351764679 9.0466993227601069 18.09809298813343 8.0793468803167361 8.5958351492881793 10.623911529779432 19.094753444194794 30.904771059751511 9.8801326155662519 8.2712283581495267
leaf_count=84 101 40 76 38 41 44 88 140 43 42
internal_value=0.000223313 0.00297823 -0.00408285 -0.000243845 -0.000276716 -0.00869242 0.0111668 0.00281637 -0.00547378 0.00802161
internal_weight=161.495 99.5249 61.9703 43.8722 71.3834 19.2197 28.1415 52.1637 27.5217 16.3506
internal_count=737 454 283 207 326 85 128 241 127 80
is_linear=0
shrinkage=0.02


Tree=99
num_leaves=6
num_cat=0
split_feature=34 35 9 40 11
split_gain=4.09256 7.02625 5.03295 5.90895 3.87608
threshold=0.65583883311977831 -0.0022499119206804063 357.56875000000008 5.1763749999990987 9.1434079406209153e-05
decision_type=2 2 2 2 2
left_child=4 -2 3 -3 -1
right_child=1 2 -4 -5 -6
leaf_value=-0.00027828979263287641 0.013600966165474853 0.015142387470037806 0.012583982164322891 -0.0029421117508741045 -0.015466538453081642
leaf_weight=16.680226527154449 15.400123596191404 6.708976909518241 9.9001009911298734 102.4365362226963 11.34165798127651
leaf_count=73 73 39 45 456 50
internal_value=-0.000105026 0.00131887 -0.000320069 -0.00164863 -0.00695348
internal_weight=162.468 134.446 119.046 109.146 28.0219
internal_count=736 613 540 495 123
is_linear=0
shrinkage=0.02


Tree=100
num_leaves=10
num_cat=0
split_feature=16 18 25 25 17 11 3 25 25
split_gain=7.32858 9.72567 6.00416 6.68558 5.58311 4.32375 4.21704 2.46833 0.956446
threshold=0.06320268957109533 2.2883298561062023e-05 -0.0010731758138737362 0.0024074989339993289 4.8287546841475679e-16 0.00010226888284473096 1.0000000180025095e-35 0.00055711467737836297 -0.00054020654729634951
decision_type=2 2 2 2 2 2 2 2 2
left_child=1 2 6 -4 -2 -3 -1 8 -6
right_child=4 5 3 -5 7 -7 -8 -9 -10
leaf_value=-0.0056121932840234243 -0.0055581104884960845 -0.001088877603140559 -0.013435503515278229 0.0039537038672981164 0.0073996100827900691 0.014055481427788643 0.011730848602902296 0.0025139376185590013 0.01730226351707637
leaf_weight=11.302444033324718 12.550516463816164 13.549883730709555 46.697532407939434 9.7683897018432599 13.593329176306723 13.998803243041037 9.0745488777756691 17.477011144161224 12.53939311206341
leaf_count=52 56 65 208 43 62 64 43 79 58
internal_value=-0.000140957 -0.00330343 -0.00697721 -0.0103064 0.00558748 0.0066193 0.00201803 0.00898228 0.0128349
internal_weight=160.552 104.392 76.8429 56.4659 56.1602 27.5487 20.377 43.6097 26.1327
internal_count=730 475 346 251 255 129 95 199 120
is_linear=0
shrinkage=0.02


Tree=101
num_leaves=8
num_cat=0
split_feature=42 41 47 23 34 2 41
split_gain=6.45407 7.9737 4.88144 4.74665 3.56259 3.50289 0.967322
threshold=4.4758891771313793 161.75000000000003 1.0000000180025095e-35 0.55598993649963091 1.2779148637054663 612.50000000000011 83.500000000000014
decision_type=2 2 2 2 2 2 2
left_child=1 2 4 -4 -1 6 -2
right_child=5 -3 3 -5 -6 -7 -8
leaf_value=-0.010997691066730739 0.01544004370894965 -0.020878116280641911 -0.0032100489819222432 0.0070383196870742416 0.0021569246005811483 -0.0030695674591189608 0.004962291045152575
leaf_weight=33.716365680098534 9.2401222214102798 9.6962902247905713 51.222449898719788 26.571387574076653 9.4792543947696668 10.379591830074785 11.172464691102503
leaf_count=144 54 40 222 118 40 57 57
internal_value=-0.00225578 -0.0042229 -0.00267873 0.000259152 -0.00799167 0.0057744 0.010485
internal_weight=161.478 130.686 120.989 77.7938 43.1956 30.7922 20.4126
internal_count=732 564 524 340 184 168 111
is_linear=0
shrinkage=0.02


Tree=102
num_leaves=12
num_cat=0
split_feature=36 17 16 35 13 58 17 41 18 16 41
split_gain=6.74365 8.85271 5.93844 5.62127 5.50447 6.26155 5.03543 3.20665 3.7377 2.85488 1.9624
threshold=0.12448733887060527 2.4031339157365474e-10 0.00022808686323667397 -0.001172018068199093 1.0000000180025095e-35 1.0000000180025095e-35 1.1241367242683267e-25 97.750000000000014 3.9816173934329269e-27 0.021270052012648619 49.000000000000007
decision_type=2 2 2 2 2 2 2 2 2 2 2
left_child=2 6 4 10 -1 -6 -2 8 -3 -5 -4
right_child=1 7 3 9 5 -7 -8 -9 -10 -11 -12
leaf_value=0.010878104703309409 0.0038929071653797925 0.0049466664487371652 0.007140433268638508 -0.020529923458212709 -0.013735599163410264 0.0060080108284835268 -0.013900672194770886 0 0.019642870622743731 -0.0068881839726238712 -0.0040494150652783988
leaf_weight=18.53349482268095 13.136483922600748 13.941081307828425 9.4332713112235087 10.940889537334444 11.10853723436594 12.357559651136398 10.239297129213808 8.7457265406846982 18.932721130549908 20.581356361508369 14.508950673043726
leaf_count=87 58 64 44 46 48 55 45 42 93 89 65
internal_value=0.000681712 0.00565368 -0.00259673 -0.00687346 0.00294007 -0.00327251 -0.00390559 0.0111291 0.0139177 -0.0122932 0.000228364
internal_weight=162.459 64.9953 97.4641 55.4645 41.9996 23.4661 23.3758 41.6195 32.8738 31.5222 23.9422
internal_count=736 302 434 244 190 103 103 199 157 135 109
is_linear=0
shrinkage=0.02


Tree=103
num_leaves=8
num_cat=1
split_feature=34 42 73 18 22 2 7
split_gain=8.36742 5.75368 5.9245 5.16667 4.48207 4.10332 3.36799
threshold=0.64870037340213527 5.3586319590954874 0 1.3284661495816463e-06 -0.00052960082316069875 617.50000000000011 185.42500000000004
decision_type=2 2 1 2 2 2 2
left_child=4 2 5 -4 -1 -2 -3
right_child=1 6 3 -5 -6 -7 -8
leaf_value=0.0010142917267900566 -0.0056068334002107719 0 0.00043832449844459899 0.014694154115069429 -0.015548336066498468 0.0052925600832401179 0.017217442857263371
leaf_weight=8.8726605176925677 57.595318809151649 6.7343114912509945 26.934498377144337 16.355460241436958 17.684125706553459 16.686844155192375 13.335975110530851
leaf_count=39 249 40 117 75 79 74 73
internal_value=6.7498e-05 0.00210357 0.00032337 0.00616998 -0.00996101 -0.0030409 0.011737
internal_weight=164.199 137.642 117.572 43.29 26.5568 74.2822 20.0703
internal_count=746 628 515 192 118 323 113
cat_boundaries=0 1
cat_threshold=2
is_linear=0
shrinkage=0.02


Tree=104
num_leaves=9
num_cat=0
split_feature=35 22 40 17 12 14 22 22
split_gain=5.63576 6.2702 5.36428 6.68885 3.60769 3.36261 3.1746 2.07467
threshold=-0.0022499119206804063 0.0011065134853282964 24.04725000000008 0.00028123546354618198 1.1500000000000001 0.96538710312316567 -0.00072015740257552817 0.0055149030684299291
decision_type=2 2 2 2 2 2 2 2
left_child=6 2 3 -2 -4 7 -1 -3
right_child=1 5 4 -5 -6 -7 -8 -9
leaf_value=0.017496969167611488 -0.0066569268054591626 -0.0013486664613646295 -0.013549431449530729 0.007964837483388389 0 0.01344479273169559 0.0012617514257104671 0.0091652260996689036
leaf_weight=9.2528104558587092 27.712020583450794 31.017968721687794 29.916837155818939 21.142964631319046 10.784515902400015 10.593783996999262 11.061099924147127 8.6339707076549512
leaf_count=45 126 141 126 103 45 48 53 41
internal_value=-0.000132224 -0.00161869 -0.00480261 -0.000175884 -0.0100749 0.00392212 0.00941222 0.000962216
internal_weight=160.116 139.802 89.5563 48.855 40.7014 50.2457 20.3139 39.6519
internal_count=728 630 400 229 171 230 98 182
is_linear=0
shrinkage=0.02


Tree=105
num_leaves=11
num_cat=1
split_feature=36 14 36 18 14 60 72 8 36 18
split_gain=4.70388 8.29571 8.09079 5.93934 7.47398 5.40695 4.29381 3.5333 1.69651 0.424441
threshold=-0.21395115265703232 0.16460776879322478 0.069935967909575111 8.6381023627253707e-08 6.7698623841894314e-06 1.0000000180025095e-35 0 208.75000000000003 -0.54853007579882584 8.8375784355139174e-19
decision_type=2 2 2 2 2 2 1 2 2 2
left_child=1 8 5 6 -5 -2 -4 -7 -1 -10
right_child=2 -3 3 4 -6 7 -8 -9 9 -11
leaf_value=0.0054231034351450271 -0.018876223032201708 -0.0054018426602720484 0.003678045706798503 0.00055180208025108052 0.022387695774103596 0.0032881906209541907 -0.0060951325622048995 -0.011531806729513722 0.0087296495780795173 0.019004152825010629
leaf_weight=15.58874893188476 12.413882598280905 15.645044058561323 27.328141488134861 14.943436935544016 10.664659462869166 14.682844728231432 23.276076309382915 9.5944212377071363 8.6628916710615211 11.468744598329065
leaf_count=76 53 71 125 68 52 63 106 41 39 52
internal_value=0.00128004 0.00625146 -0.000964064 0.00269384 0.0103706 -0.00859109 -0.00120038 -0.00255584 0.011527 0.0154892
internal_weight=164.269 51.3654 112.903 76.2123 25.6081 36.6911 50.6042 24.2773 35.7204 20.1316
internal_count=746 238 508 351 120 157 231 104 167 91
cat_boundaries=0 1
cat_threshold=8
is_linear=0
shrinkage=0.02


Tree=106
num_leaves=9
num_cat=0
split_feature=25 42 41 18 22 25 41 22
split_gain=6.20436 5.54915 4.1187 7.06212 4.34375 4.09148 3.00117 2.74414
threshold=-0.0011207434421142794 4.7946567866604912 34.625000000000007 1.1896034644953427e-13 -0.002004531796994888 -0.0025826329751293697 90.000000000000014 -0.0012797996882410471
decision_type=2 2 2 2 2 2 2 2
left_child=5 2 3 -2 -4 -1 -3 -7
right_child=1 6 4 -5 -6 7 -8 -9
leaf_value=-0.00065643385883456238 -0.0037351766865381456 0.017570924771849607 -0.016207451015248179 0.013045513572798628 -0.0030125352487202989 0.018386136902895134 0.00098561877319680168 0.0050234962641551662
leaf_weight=14.055749751627443 30.470255702733994 7.6427356451749828 13.311897873878477 13.603258013725279 40.898310162127018 13.769911609590054 10.769921012222765 15.093560539186001
leaf_count=64 130 48 56 62 176 64 55 72
internal_value=0.0013745 -0.00098353 -0.0029332 0.00148557 -0.00659624 0.00779896 0.00872943 0.0120015
internal_weight=159.616 116.696 98.2837 44.0735 54.2102 42.9192 18.4127 28.8635
internal_count=727 527 424 192 232 200 103 136
is_linear=0
shrinkage=0.02


Tree=107
num_leaves=9
num_cat=0
split_feature=36 17 40 25 41 11 11 41
split_gain=4.25608 5.21883 4.42274 3.70983 3.47323 2.59592 3.39114 2.31246
threshold=-0.64545352272159617 1.4190193229803522e-10 9.9873749999997035 -0.0017852932542444437 25.375000000000004 0.00019906166053114711 4.5200074913908309e-05 63.625000000000007
decision_type=2 2 2 2 2 2 2 2
left_child=7 5 4 -4 -3 6 -2 -1
right_child=1 2 3 -5 -6 -7 -8 -9
leaf_value=0.0159632319878561 0.00033358037560647077 0.0011463366867764363 0.0070632436904960192 -0.003261771954302258 0.019367354515968788 0.00083985945316003856 -0.013164691364913361 0.00096230665332961557
leaf_weight=7.7646292746067074 8.9228772819042188 10.265606746077539 16.368919625878334 66.302130945026875 7.298327922821044 10.89843390136957 26.924009867012501 9.7559373974800092
leaf_count=40 39 47 73 291 47 48 116 46
internal_value=-0.000551405 -0.0017132 0.000817776 -0.00108572 0.00967633 -0.00716945 -0.00972405 0.00843723
internal_weight=164.501 146.98 100.235 82.6711 17.5639 46.7453 35.8469 17.5206
internal_count=747 661 458 364 94 203 155 86
is_linear=0
shrinkage=0.02


Tree=108
num_leaves=6
num_cat=0
split_feature=11 42 15 11 41
split_gain=5.74737 5.32737 6.31133 6.52918 4.39237
threshold=0.00024460875408646146 9.542443064182196 0.98051847933173852 4.6444661401947951e-05 89.000000000000014
decision_type=2 2 2 2 2
left_child=1 2 3 -1 -2
right_child=4 -3 -4 -5 -6
leaf_value=0.0074098696089683501 0.02055966924839623 0.013154601537802815 -0.015048445829698205 -0.0033942474944483499 0.0022660699832598966
leaf_weight=28.588214509189129 7.9870897978544262 8.5782479122281057 12.838342055678366 89.612821817398071 15.486039027571676
leaf_count=130 40 51 55 394 71
internal_value=0.000350812 -0.0011703 -0.00224602 -0.000690577 0.00932166
internal_weight=163.091 139.618 131.039 118.201 23.4731
internal_count=741 630 579 524 111
is_linear=0
shrinkage=0.02


Tree=109
num_leaves=9
num_cat=0
split_feature=34 34 11 40 15 17 8 17
split_gain=9.2716 6.5887 8.2045 13.9846 6.3169 4.802 4.74627 5.14136
threshold=0.64870037340213527 1.1532398756952682 0.00010226888284473096 18.068687500000127 1.1928812182808021e-06 0.00074918970832531294 335.17500000000007 4.8452254825698527e-07
decision_type=2 2 2 2 2 2 2 2
left_child=4 6 3 -3 -1 -4 7 -2
right_child=1 2 5 -5 -6 -7 -8 -9
leaf_value=-0.016470806948123671 -0.0017740176544240849 0.0077100268937590321 0 -0.019943424456411524 0.0032836839459340962 0.017443925877535561 0.018299097067766272 0.0090270857355688634
leaf_weight=15.438095800578596 25.735749766230583 11.324959255754949 14.915480777621271 16.768167212605476 9.4888894110918027 9.196109436452387 13.178939729928969 48.216644793748856
leaf_count=68 116 59 67 70 44 43 60 227
internal_value=0.00205094 0.0040991 -0.00141085 -0.00870764 -0.00888289 0.00686011 0.00744701 0.00521469
internal_weight=164.263 139.336 52.2047 28.0931 24.927 24.1116 87.1313 73.9524
internal_count=754 642 239 129 112 110 403 343
is_linear=0
shrinkage=0.02


Tree=110
num_leaves=7
num_cat=0
split_feature=41 42 11 36 35 36
split_gain=3.40568 4.50062 3.9718 3.79727 5.86761 4.90661
threshold=133.50000000000003 4.7946567866604912 0.0002482846022081496 0.12448733887060527 -0.0022633806620099865 0.38032586668847351
decision_type=2 2 2 2 2 2
left_child=2 -2 3 4 -1 -5
right_child=1 -3 -4 5 -6 -7
leaf_value=0.010337297794364247 -0.011062503054689827 0.0046575654177504408 0.012536470192023277 0.013444441669422814 -0.0038562586575046774 0.00044783143650213022
leaf_weight=13.102026380598543 17.113395646214489 10.79841488599777 13.797616228461264 19.035118818283081 63.806026168167591 30.250346824526787
leaf_count=63 70 53 68 86 282 144
internal_value=0.00136946 -0.00482251 0.00267204 0.00145624 -0.00125959 0.00575426
internal_weight=167.903 27.9118 139.991 126.194 76.9081 49.2855
internal_count=766 123 643 575 345 230
is_linear=0
shrinkage=0.02


Tree=111
num_leaves=12
num_cat=1
split_feature=42 36 23 9 17 42 35 73 9 35 17
split_gain=8.90323 5.84834 5.41137 7.39964 5.59439 5.86978 4.9528 6.34972 2.59882 2.32912 0.686815
threshold=2.2386341969723422 0.083887261198617266 0.34441085715877479 296.38125000000008 0.56027625020574834 1.2510504201680674 -0.00025112836201302978 0 286.09375000000006 -0.00094836674391286443 0.00047324937739800745
decision_type=2 2 2 2 2 2 2 1 2 2 2
left_child=2 6 4 9 5 -1 7 -2 10 -4 -3
right_child=1 8 3 -5 -6 -7 -8 -9 -10 -11 -12
leaf_value=0.0071485648856165806 0.019177781741771309 0.019259431414104723 -0.019646318681704595 0.0057272508495661411 0.015038167389049272 -0.010011243050537947 -0.0093745415385989694 -0.0010435772568921427 0.0018732012851527681 -0.0077423250077746928 0.0083400099810765922
leaf_weight=13.906547680497171 8.2535543292760849 14.422973826527601 10.535009756684302 12.162173360586165 9.4307752251625043 15.847005084156988 11.717095121741293 17.103498220443726 8.3632427081465703 29.946380436420441 8.5251743346452695
leaf_count=59 45 72 44 54 41 66 53 82 41 126 45
internal_value=0.000888863 0.0063323 -0.00312485 -0.00728576 0.00235815 -0.00182415 0.000718422 0.00578859 0.0125658 -0.0113838 0.0159711
internal_weight=160.213 68.3855 91.8279 52.6436 39.1843 29.7536 37.0741 25.3571 31.3114 40.4814 22.9481
internal_count=728 338 390 224 166 125 180 127 158 170 117
cat_boundaries=0 1
cat_threshold=4
is_linear=0
shrinkage=0.02


Tree=112
num_leaves=9
num_cat=0
split_feature=37 47 23 34 42 8 17 41
split_gain=4.10262 4.39287 8.15999 10.9239 4.21246 4.81915 3.75236 3.35213
threshold=1.0000000180025095e-35 1.0000000180025095e-35 0.52449948211661723 1.1936606239695513 3.1411568519348845 178.35000000000005 0.00012237866605815316 56.500000000000007
decision_type=2 2 2 2 2 2 2 2
left_child=7 4 6 -4 5 -2 -3 -1
right_child=1 2 3 -5 -6 -7 -8 -9
leaf_value=0.014982884357266437 -0.0013633314395269064 -0.0073024480058356692 0.019031334702668063 -0.0042511479163532418 0.0025609284135533028 -0.016522277339671643 0.002987168233145451 0.00035776145029492717
leaf_weight=11.933201141655447 17.428367748856544 31.074918925762177 19.005970984697345 12.387413486838339 16.080952361226082 17.502839967608452 23.633051753044128 13.964368239045141
leaf_count=70 72 130 85 54 76 72 105 79
internal_value=0.000458667 -0.000897116 0.00180463 0.00981152 -0.00551967 -0.00937439 -0.00277595 0.00762635
internal_weight=163.011 137.114 86.1014 31.3934 51.0122 34.9312 54.708 25.8976
internal_count=743 594 374 139 220 144 235 149
is_linear=0
shrinkage=0.02


Tree=113
num_leaves=10
num_cat=0
split_feature=42 17 14 34 42 23 8 9 9
split_gain=6.29577 4.49221 9.8801 5.98813 4.01434 3.82262 2.50857 2.01275 3.54124
threshold=4.3554715794058767 2.6823368450519749e-05 1.0562752071393206e-05 0.67337962757278957 1.8134805553707973 0.58560847853822995 191.65000000000003 297.26875000000001 151.86250000000004
decision_type=2 2 2 2 2 2 2 2 2
left_child=1 2 5 -3 -5 -1 -4 8 -2
right_child=7 3 6 4 -6 -7 -8 -9 -10
leaf_value=-0.023461509286988532 0.0011745247232001761 -0.0095701373816999991 -0.0040524214539928325 0 0.010653358501651925 -0.0052026842241882599 0.0053563716486044787 0 0.017604344407732186
leaf_weight=12.2737203091383 10.119458958506589 14.104058742523192 25.976960942149162 33.357395589351654 23.581315666437149 9.6340371966361982 18.532702758908272 8.598715662956236 12.668634809553621
leaf_count=51 57 62 110 145 108 41 80 45 73
internal_value=0 -0.00187828 -0.00559862 0.001546 0.00452074 -0.0162717 0 0.00791673 0.0109167
internal_weight=168.847 137.46 66.4174 71.0428 56.9387 21.9078 44.5097 31.3868 22.7881
internal_count=772 597 282 315 253 92 190 175 130
is_linear=0
shrinkage=0.02


Tree=114
num_leaves=9
num_cat=0
split_feature=42 35 35 42 47 25 34 11
split_gain=4.20091 4.61034 4.01861 3.45922 3.56339 5.72677 5.47208 1.80781
threshold=3.976517031070927 0.0009044631490364906 -0.0010694146701080126 0.33283297685256208 1.0000000180025095e-35 -0.0010293605202668619 1.0080654308471793 8.785152090939965e-05
decision_type=2 2 2 2 2 2 2 2
left_child=3 2 -2 -1 5 -5 -6 -4
right_child=1 -3 7 4 6 -7 -8 -9
leaf_value=0.0097867251551633193 0.010213887835809685 0.01523546057179128 0.0010515878680722375 0.0051037999391497528 0.0045539411275147051 -0.011904579585462358 -0.0058763008076779368 -0.010854477593649929
leaf_weight=7.5833981633186331 9.6546805724501592 11.355022855103014 8.1919450834393555 9.2178694605827314 38.873035833239555 32.083217591047287 39.33456939458847 9.2749462723731977
leaf_count=35 56 66 42 40 170 135 169 43
internal_value=-0.000563911 0.00509662 0.000247592 -0.00235086 -0.00324566 -0.00793577 -0.000624165 -0.00519108
internal_weight=165.569 38.4766 27.1216 127.092 119.509 41.3011 78.2076 17.4669
internal_count=756 207 141 549 514 175 339 85
is_linear=0
shrinkage=0.02


Tree=115
num_leaves=9
num_cat=0
split_feature=7 42 42 40 9 46 34 15
split_gain=3.1898 5.58125 4.46771 4.55219 3.52387 3.12251 2.66239 2.12139
threshold=145.98750000000004 1.9258241758241761 0.60894552723638196 23.068000000000215 173.86875000000001 18.500000000000004 0.88783256354083739 1.1175080244644361e-16
decision_type=2 2 2 2 2 2 2 2
left_child=1 7 -2 6 -5 -3 -4 -1
right_child=2 5 3 4 -6 -7 -8 -9
leaf_value=-0.0030982585877260688 0.012886797156305243 -0.0053830724264128781 0.00013550622297687714 0.0085484554224173389 -0.0041099962856641619 0.0078792104725800057 0.012726124669997108 -0.016288640943672994
leaf_weight=10.291813969612123 11.994840517640112 11.427820399403574 13.629319645464422 9.0406390130519849 61.750582195818424 14.9611584469676 14.513725496828554 13.188436210155485
leaf_count=43 57 57 69 39 264 70 81 55
internal_value=-2.67429e-06 -0.0041918 0.00184761 0.000333612 -0.00231327 0.00193003 0.0070484 -0.0111149
internal_weight=160.798 49.8692 110.929 98.9343 70.7912 26.389 28.143 23.4803
internal_count=735 225 510 453 303 127 150 98
is_linear=0
shrinkage=0.02


Tree=116
num_leaves=8
num_cat=0
split_feature=42 15 41 42 17 7 9
split_gain=3.83298 6.37229 4.44761 3.57953 3.02916 2.81947 3.73091
threshold=4.4758891771313793 0.98051847933173852 110.62500000000001 1.8682148358935626 3.5236845307171052e-07 181.25625000000002 275.27500000000003
decision_type=2 2 2 2 2 2 2
left_child=1 2 3 -1 -4 -2 -7
right_child=5 -3 4 -5 -6 6 -8
leaf_value=-0.0017891511627588347 -0.0022384136355903658 -0.015755938431854875 -2.6161331159340211e-05 0.0059819603047317109 -0.015670337335837382 0.01753954951906055 0
leaf_weight=62.66736775636673 10.274321205914022 11.570390328764914 9.7706993371248263 36.293547190725803 10.98900982737541 10.507690146565439 8.8550154715776426
leaf_count=269 56 48 40 165 46 60 46
internal_value=-0.000679728 -0.00218483 -0.000703903 0.00103218 -0.00892262 0.00564568 0.0100283
internal_weight=160.928 131.291 119.721 98.9609 20.7597 29.637 19.3627
internal_count=730 568 520 434 86 162 106
is_linear=0
shrinkage=0.02


Tree=117
num_leaves=9
num_cat=2
split_feature=41 37 74 11 42 72 25 9
split_gain=5.5686 5.67102 5.9057 5.34119 5.59301 3.47124 2.86955 1.05307
threshold=90.625000000000014 1.0000000180025095e-35 0 0.00024658997056546352 4.072966746794882 1 -0.00073476900018223045 127.25000000000001
decision_type=2 2 9 2 2 1 2 2
left_child=3 -2 6 4 5 -1 -3 -6
right_child=1 2 -4 -5 7 -7 -8 -9
leaf_value=0.0030259845401235347 0.0076384473392639846 -0.0047996772256014971 0.00086644951429104848 0.016985635328046488 0.005000934216442438 -0.0040577390336499581 -0.019884308267096491 0.018752900909699815
leaf_weight=42.387377768754959 9.2701361626386625 10.241204887628554 14.785272747278212 8.3229208290576917 6.962394714355467 46.592620238661766 15.361109361052515 6.1782472357153893
leaf_count=184 53 44 63 41 41 201 64 40
internal_value=-1.56225e-05 -0.00555016 -0.00883372 0.00244646 0.00105009 -0.000735124 -0.0144831 0.0127598
internal_weight=160.101 49.6577 40.3876 110.444 102.121 88.98 25.6023 13.1406
internal_count=731 224 171 507 466 385 108 81
cat_boundaries=0 1 2
cat_threshold=4 8
is_linear=0
shrinkage=0.02


Tree=118
num_leaves=8
num_cat=0
split_feature=42 42 34 11 14 11 2
split_gain=3.38277 3.80934 4.05831 7.70523 3.27999 3.09206 2.3065
threshold=0.20924642928396639 4.4758891771313793 1.1936606239695513 0.00010226888284473096 3.0234792875577326e-05 7.9115811175283835e-05 602.50000000000011
decision_type=2 2 2 2 2 2 2
left_child=-1 2 4 -4 -2 -3 -7
right_child=1 5 3 -5 -6 6 -8
leaf_value=0.016155612123168125 -0.0034616263489770554 0.014710770805193656 -0.01434292563526641 0.0030711268954084058 0.0040796294495771476 0.0071070891873338451 -0.006221540350419821
leaf_weight=4.52164402604103 37.446278050541878 10.704501681029798 21.616197645664215 17.07497913390398 55.489284962415695 10.921397760510446 7.9634685218334189
leaf_count=21 163 68 92 75 241 58 41
internal_value=0.000748747 0.000182713 -0.00124789 -0.00662293 0.000972674 0.00657556 0.00115464
internal_weight=165.738 161.216 131.627 38.6912 92.9356 29.5894 18.8849
internal_count=759 738 571 167 404 167 99
is_linear=0
shrinkage=0.02


Tree=119
num_leaves=10
num_cat=1
split_feature=11 77 11 40 11 18 7 47 47
split_gain=3.44803 4.45095 6.74588 5.08138 4.48461 3.32543 3.28196 2.81315 2.53953
threshold=0.00024460875408646146 0 7.0556911224223308e-05 24.04725000000008 0.00016693550040881879 1.1466098249195232e-25 145.98750000000004 1.0000000180025095e-35 1.0000000180025095e-35
decision_type=2 1 2 2 2 2 2 2 2
left_child=1 2 7 6 -4 -5 -3 -1 -2
right_child=8 3 4 5 -6 -7 -8 -9 -10
leaf_value=-0.011729095951694394 -0.00026478001568089505 -0.0030371787945520801 0.015355879390381352 -0.015947031138820227 -0.0001467836521059195 -0.0035693173078831203 0.0072799325016727028 0.0024987126640610043 0.012549118587057586
leaf_weight=10.03319051861763 8.8714652732014656 30.501656487584114 19.682860083878044 14.653819307684897 10.467165909707544 25.176235973834991 19.01093190908432 9.5328492298722267 14.17975264787674
leaf_count=45 41 140 94 62 47 107 97 43 67
internal_value=0.000549612 -0.000615682 0.00407819 -0.0033103 0.00994928 -0.00854917 0.000871111 -0.00472093 0.00756214
internal_weight=162.11 139.059 49.7161 89.3426 30.15 39.8301 49.5126 19.566 23.0512
internal_count=743 635 229 406 141 169 237 88 108
cat_boundaries=0 1
cat_threshold=1
is_linear=0
shrinkage=0.02


Tree=120
num_leaves=11
num_cat=1
split_feature=18 73 40 9 40 2 9 9 40 7
split_gain=5.1712 8.34852 3.79778 2.99673 4.29717 5.80815 2.44181 1.9721 1.43992 3.18578
threshold=2.5938577839142166e-34 0 7.5780937500003356 351.78125000000006 14.565968749999231 612.50000000000011 275.27500000000003 216.39375000000004 31.49925000000076 259.02500000000003
decision_type=2 1 2 2 2 2 2 2 2 2
left_child=3 8 -3 4 5 -1 -4 -6 -2 -10
right_child=1 2 6 -5 7 -7 -8 -9 9 -11
leaf_value=0.0079010377583485468 0.017932567942975982 0.011949059218275356 0 0.0053388754916729774 -0.0055454489503076613 -0.011091136006821217 -0.0086777982850820366 -0.017020481234540148 -0.00040359012232431978 0.015086586321722146
leaf_weight=14.9189859777689 10.84151377528906 7.031621351838111 39.297704450786114 9.8672338202595693 17.4612659662962 9.8077332824468595 17.491244539618492 12.592850774526594 9.5706032663583773 9.1068723350763303
leaf_count=72 58 38 173 46 74 46 78 54 41 41
internal_value=0.000161788 0.00319622 -0.000818119 -0.00410991 -0.00598461 0 -0.0026822 -0.01094 0.0118143 0.00722715
internal_weight=157.988 93.3396 63.8206 64.6481 54.7808 24.7267 56.7889 30.0541 29.519 18.6775
internal_count=721 429 289 292 246 118 251 128 140 82
cat_boundaries=0 1
cat_threshold=4
is_linear=0
shrinkage=0.02


Tree=121
num_leaves=9
num_cat=1
split_feature=18 38 58 77 11 13 23 11
split_gain=3.88209 4.20812 5.19738 4.5791 4.30278 3.74753 2.80957 2.2063
threshold=1.3365179461480611e-07 1.0000000180025095e-35 1.0000000180025095e-35 0 9.3748925165932428e-05 -1.4999999999999998 0.18148586151410484 0.00010534757389683711
decision_type=2 2 2 1 2 2 2 2
left_child=1 2 3 -1 -4 -2 -7 -8
right_child=5 -3 4 -5 -6 6 7 -9
leaf_value=-0.0023387323484975239 -0.0039737375799775111 -0.011553515444931202 0.00050135273469184755 0.0095098813152535936 -0.011233997205281388 -0.0020169332886413351 0.0047047957358312357 0.016249709343658152
leaf_weight=21.773318037390709 12.855868987739084 13.966615930199621 25.717908121645451 28.283925995230675 21.605993889272213 7.7546714916825286 16.971231169998649 14.588343158364294
leaf_count=97 58 63 117 130 97 36 81 69
internal_value=0.000394414 -0.00167562 -9.48821e-05 0.00429373 -0.00485392 0.00487379 0.00794259 0.0105609
internal_weight=163.518 111.348 97.3811 50.0572 47.3239 52.1701 39.3142 31.5596
internal_count=748 504 441 227 214 244 186 150
cat_boundaries=0 1
cat_threshold=4
is_linear=0
shrinkage=0.02


Tree=122
num_leaves=10
num_cat=2
split_feature=17 22 18 73 73 11 23 16 15
split_gain=6.59657 6.50587 6.1157 5.99976 4.99798 4.65763 7.01616 2.64577 1.89632
threshold=3.2441531036829844e-10 0.00016212419570264941 3.0024073026683552e-13 0 1 0.00024658997056546352 0.61273810800157957 0.00028144261869367807 9.5460480519387218e-07
decision_type=2 2 2 1 1 2 2 2 2
left_child=1 8 5 -3 7 6 -2 -4 -1
right_child=2 3 4 -5 -6 -7 -8 -9 -10
leaf_value=-0.017385233455350174 0.00072754905478603961 -0.0065182650336861464 0.008541387630477534 0.01225343700060084 0.01687154136031167 0.010901185711647221 -0.014242060320085506 -0.0025987197561604088 -0.006177305834818108
leaf_weight=14.804179579019548 38.626651503145695 15.139512151479721 15.267324246466162 10.66730585694313 15.146080359816549 8.8754769712686521 17.009954400360584 16.031918898224831 16.352882876992226
leaf_count=64 176 68 75 49 73 42 76 74 73
internal_value=-0.000539369 -0.00604153 0.0022605 0.00118488 0.00773719 -0.00164877 -0.00391387 0.00274571 -0.0120643
internal_weight=167.921 56.9639 110.957 25.8068 46.4453 64.5121 55.6366 31.2992 31.1571
internal_count=770 254 516 117 222 294 252 149 137
cat_boundaries=0 1 2
cat_threshold=2 2
is_linear=0
shrinkage=0.02


Tree=123
num_leaves=10
num_cat=1
split_feature=37 15 17 36 73 35 35 11 40
split_gain=5.38132 4.10167 6.87163 7.04796 5.08737 4.52854 4.42 1.84859 2.36472
threshold=1.0000000180025095e-35 8.671037514218518e-32 8.2573998982323817e-08 -0.21395115265703232 0 -0.00054019986796149575 0.0017641398321269315 5.3206325805162172e-05 24.772593749999945
decision_type=2 2 2 2 1 2 2 2 2
left_child=7 5 4 -4 -3 -2 -7 -1 -9
right_child=1 2 3 -5 -6 6 -8 8 -10
leaf_value=0 -0.013506030362086946 -0.010086998374284449 0.017437021864654494 0.0010951070824324507 0.0059399743978345854 0.0035217580449530966 -0.012083273823894694 0.020743964193757427 0.0051123057256673623
leaf_weight=7.201431609690192 16.923890069127083 23.35155688226223 15.277563303709028 33.000855326652527 10.446476340293883 24.229603633284569 9.1153864115476591 7.0698309391737011 12.004679799079893
leaf_count=43 72 98 69 146 45 107 40 51 58
internal_value=0.000719455 -0.000900148 0.00179864 0.00663712 -0.00493253 -0.00537275 -0.000797043 0.00883089 0.0119497
internal_weight=158.621 132.345 82.0765 48.2784 33.798 50.2689 33.345 26.2759 19.0745
internal_count=729 577 358 215 143 219 147 152 109
cat_boundaries=0 1
cat_threshold=2
is_linear=0
shrinkage=0.02


Tree=124
num_leaves=10
num_cat=0
split_feature=37 17 17 36 22 22 36 40 9
split_gain=6.71743 2.95053 4.71595 3.53247 3.07921 3.63493 3.00826 2.55636 0.559591
threshold=1.0000000180025095e-35 2.6823368450519749e-05 0.12745685413000765 0.089180110497236231 -0.0040608793412612813 0.00096456296390443779 0.020354903593519862 38.248999999999803 137.85625000000002
decision_type=2 2 2 2 2 2 2 2 2
left_child=7 4 3 -3 -2 -6 -4 8 -1
right_child=1 2 6 -5 5 -7 -8 -9 -10
leaf_value=0.0057865277458818212 0.0042332463639916489 0.00057463957263690778 0.0015617342114969273 0.014552240875624654 -0.011180253919816575 -0.001113713577022915 -0.0097924526752657809 0 0.016508536661824925
leaf_weight=7.1291646435856881 9.8817108720540983 21.107046023011208 15.447690606117247 10.913784846663473 35.956372395157814 26.188983350992203 19.211421176791191 8.9475493282079679 9.2821474373340589
leaf_count=42 42 93 69 51 152 113 85 41 63
internal_value=-0.00088476 -0.00265952 0.000293194 0.00581681 -0.00544178 -0.0071179 -0.00466171 0.00832776 0.0127953
internal_weight=164.066 138.707 66.6799 32.0208 72.0271 62.1454 34.6591 25.3589 16.4113
internal_count=751 605 298 144 307 265 154 146 105
is_linear=0
shrinkage=0.02


Tree=125
num_leaves=9
num_cat=1
split_feature=40 18 25 11 11 40 11 73
split_gain=6.08508 4.18184 5.88979 5.13842 4.44951 4.33212 9.77791 6.44977
threshold=4.6922500000000591 7.9709110890427327e-13 -0.0012538430540296108 0.00013150389559546396 0.00024061574912154516 32.502249999999556 0.00017672339816323789 0
decision_type=2 2 2 2 2 2 2 1
left_child=-1 2 3 -2 -4 7 -7 -3
right_child=1 5 4 -5 -6 6 -8 -9
leaf_value=0.017186549834499531 0.012973024794745157 0.00074278349442976493 -0.0092819944767677381 -0.0047744255936257715 0.0049642084610782783 -0.011864126336562404 0.0095811602801423364 0.018969218930375249
leaf_weight=6.3158416897058478 11.905639521777632 23.741739429533482 58.60801973938942 11.785628713667391 9.049461826682089 19.208141684532166 13.515578061342238 11.177900329232214
leaf_count=38 55 115 256 55 41 82 60 56
internal_value=-0.000592704 -0.00143948 -0.00423409 0.00406545 -0.00724457 0.00225378 -0.0028074 0.00710984
internal_weight=165.308 158.992 91.3487 23.6913 67.6575 67.6434 32.7237 34.9196
internal_count=758 720 407 110 297 313 142 171
cat_boundaries=0 1
cat_threshold=2
is_linear=0
shrinkage=0.02


Tree=126
num_leaves=6
num_cat=0
split_feature=36 9 8 35 15
split_gain=3.36365 4.28887 6.38306 5.48589 0.864309
threshold=0.84302780770822083 360.79375000000005 300.92500000000001 -0.0010694146701080126 1.9819430938419798e-22
decision_type=2 2 2 2 2
left_child=1 2 3 -1 -4
right_child=-2 -3 4 -5 -6
leaf_value=0.0073892323246284039 -0.01231137733050669 0.0088222151470918452 -0.017386753876466095 -0.0025887786012918231 -0.0060475472316555865
leaf_weight=28.231323421001434 9.7895926237106305 15.750304847955702 8.9691600501537341 88.387539707124233 8.9529102072119695
leaf_count=135 49 73 39 398 41
internal_value=-0.00148987 -0.000668609 -0.00188083 -7.9983e-05 -0.0126583
internal_weight=160.081 150.291 134.541 116.619 17.9221
internal_count=735 686 613 533 80
is_linear=0
shrinkage=0.02


Tree=127
num_leaves=9
num_cat=0
split_feature=42 42 15 15 36 14 35 36
split_gain=4.99782 7.90091 5.18178 5.22399 3.74827 3.6484 4.69303 4.52284
threshold=0.43963500580227199 1.8134805553707973 3.2627272673524224e-07 0.0068400664464575755 0.19855637240195009 2.4992570863972064e-07 -0.00061835187615418669 0.28462673772155089
decision_type=2 2 2 2 2 2 2 2
left_child=-1 2 4 -4 -2 7 -7 -3
right_child=1 5 3 -5 -6 6 -8 -9
leaf_value=0.013769552350140315 -0.014006464994495899 -0.0063569252460615412 0.011027806516804213 -0.0065554174194004501 -0.0012977029110659013 0.015195048991271703 0.0023889380329862515 0.0089704934329390505
leaf_weight=10.091509133577345 26.090864241123199 22.128389522433281 11.977918863296511 12.838871106505392 16.146977424621582 18.069122314453125 33.413165956735611 10.419159621000288
leaf_count=48 108 102 51 54 70 93 164 51
internal_value=0.000806542 -0.0001047 -0.00522081 0.00179722 -0.00942922 0.00392071 0.0072018 -0.00115031
internal_weight=161.176 151.084 67.0546 24.8168 42.2378 84.0298 51.4823 32.5475
internal_count=741 693 283 105 178 410 257 153
is_linear=0
shrinkage=0.02


Tree=128
num_leaves=10
num_cat=0
split_feature=60 16 40 7 8 42 35 16 40
split_gain=5.06346 7.02254 3.81882 3.58844 3.46156 4.40005 3.61539 2.91363 2.18242
threshold=1.0000000180025095e-35 0.00011351765921777895 14.823124999999893 276.29375000000005 255.95000000000005 4.2648549840792045 0.0017132055024019265 4.1040158012987467e-05 28.50175000000036
decision_type=2 2 2 2 2 2 2 2 2
left_child=1 3 -3 -1 5 6 -2 -6 -4
right_child=4 2 8 -5 7 -7 -8 -9 -10
leaf_value=0.0095257993006024628 0.0014107440579262736 0.00011245999053670209 -0.021583086402001635 -0.0047114829536476525 0.0019374014239608613 0.011785130252382509 -0.011502187791929944 0.016629432019095489 -0.0072157193303832258
leaf_weight=16.589331723749641 48.792548343539238 9.9329635426402074 9.2633208259940165 10.423944391310213 11.064343079924585 12.688491411507128 9.4252287894487363 12.771570220589636 13.058264061808584
leaf_count=79 212 50 40 47 51 74 42 60 56
internal_value=0.00104537 -0.0034512 -0.00967462 0.00384563 0.00392762 0.00155275 -0.00073742 0.0104038 -0.0141052
internal_weight=154.01 59.2678 32.2545 27.0133 94.7422 70.9063 58.2178 23.8359 22.3216
internal_count=711 272 146 126 439 328 254 111 96
is_linear=0
shrinkage=0.02


Tree=129
num_leaves=7
num_cat=0
split_feature=62 42 42 41 8 40
split_gain=3.61772 4.07312 4.00175 2.22578 2.72237 0.262863
threshold=1.0000000180025095e-35 2.5422619047619048 0.57973547154697858 178.75000000000003 100.90000000000002 18.51328124999964
decision_type=2 2 2 2 2 2
left_child=1 -1 -2 4 -4 -3
right_child=2 5 3 -5 -6 -7
leaf_value=-0.001270410721051842 0.0076033840804012398 0.017368329692299955 -0.0068463641845859478 -0.011296690598006719 -0.00019298514466239226 0.0062989594807045055
leaf_weight=14.506712988018991 13.349464967846869 6.668304890394209 36.815908849239349 12.486103340983389 76.23517319560051 5.4635835364460945
leaf_count=69 61 53 160 53 332 32
internal_value=-0.000977936 0.00557914 -0.00230937 -0.00346266 -0.00245335 0.0136994
internal_weight=165.525 26.6386 138.887 125.537 113.051 12.1319
internal_count=760 154 606 545 492 85
is_linear=0
shrinkage=0.02


Tree=130
num_leaves=7
num_cat=1
split_feature=2 34 11 73 18 40
split_gain=6.06922 6.24639 4.82361 4.52527 3.59693 3.27259
threshold=652.50000000000011 0.66162522371301391 9.1434079406209153e-05 0 2.3321842788104166e-26 11.502843750000467
decision_type=2 2 2 1 2 2
left_child=1 2 -1 5 -5 -3
right_child=-2 3 -4 4 -6 -7
leaf_value=1.0717465557782939e-05 -0.010824835286234784 0.0082020849296754409 -0.016849191242659375 0.0020760414745740197 0.014002507208868666 -0.0012356639119477635
leaf_weight=16.29251562803984 14.992084480822085 18.272621981799603 9.8367068618535978 19.384026378393173 25.009322620928288 58.694893293082714
leaf_count=73 73 96 43 88 121 257
internal_value=0.000827678 0.00211746 -0.00650238 0.00406034 0.00908754 0.00100443
internal_weight=162.482 147.49 26.1292 121.361 44.3933 76.9675
internal_count=751 678 116 562 209 353
cat_boundaries=0 1
cat_threshold=2
is_linear=0
shrinkage=0.02


Tree=131
num_leaves=5
num_cat=0
split_feature=25 36 13 11
split_gain=5.89903 5.5346 4.79755 4.23723
threshold=0.0027575108064008245 -0.63709790775195752 -1.4999999999999998 0.00024658997056546352
decision_type=2 2 2 2
left_child=1 -1 -3 -4
right_child=-2 2 3 -5
leaf_value=0.010458619893152662 0.01362200453724682 -0.014110767478369002 -0.0021369263067376265 0.010325910314750259
leaf_weight=14.461587324738501 11.230235353112219 11.265846870839594 111.52446869760752 11.003887444734572
leaf_count=75 55 50 506 51
internal_value=0.000241275 -0.000816579 -0.00214836 -0.000894575
internal_weight=159.486 148.256 133.794 122.528
internal_count=737 682 607 557
is_linear=0
shrinkage=0.02


Tree=132
num_leaves=9
num_cat=0
split_feature=18 36 35 36 16 36 60 36
split_gain=4.46669 5.76003 4.35036 5.01687 4.28623 4.25203 3.60358 2.39896
threshold=7.9709110890427327e-13 -0.2282194349599613 -0.0022140980375709289 -0.39491422563419248 1.0918141489631938e-11 0.056711171469461148 1.0000000180025095e-35 -0.54853007579882584
decision_type=2 2 2 2 2 2 2 2
left_child=2 7 -1 -4 -3 -6 -5 -2
right_child=1 4 3 6 5 -7 -8 -9
leaf_value=0.0082042051220237461 0.0033528933547422256 0.0098662819292168816 -0.016872934214727339 -0.0081928012820969478 -0.011606037934433853 0.0018406322756453378 0.0010904393535138754 0.018639808108121384
leaf_weight=11.84370745718479 8.4989498928189295 13.229013316333292 10.028187602758406 24.474089078605175 13.480680227279661 24.670090533792973 45.671680547297001 11.596674904227255
leaf_count=58 46 61 46 106 59 119 205 54
internal_value=0.000362963 0.0041148 -0.00249971 -0.00423645 0.000373681 -0.00293261 -0.00213381 0.0129244
internal_weight=163.493 71.4754 92.0177 80.174 51.3798 38.1508 70.1458 20.0956
internal_count=754 339 415 357 239 178 311 100
is_linear=0
shrinkage=0.02


Tree=133
num_leaves=12
num_cat=1
split_feature=73 2 14 15 14 8 25 11 15 25 25
split_gain=3.83402 3.21262 5.71583 4.81821 4.33203 3.36187 3.32113 1.88085 3.67823 3.48065 3.14448
threshold=0 602.50000000000011 0.74318764339589583 2.7347540000151491e-19 6.8416177684487869e-10 265.57500000000005 -0.00010398016783482737 8.1960283006992239e-05 2.0441968690330743e-06 -0.0003324423249382366 0.00058647019033577987
decision_type=1 2 2 2 2 2 2 2 2 2 2
left_child=7 3 6 5 -5 -2 -3 9 10 -1 -9
right_child=1 2 -4 4 -6 -7 -8 8 -10 -11 -12
leaf_value=-0.010739109084005157 0.010121137273681243 0.0039054850127526802 -0.019545596501776851 0.0065287262275814219 -0.0081791540752652186 -0.0033147727602198824 -0.0089067774086689904 0.0089911073839065315 0.016482450527446398 0.0046411405914963209 -0.0064325053233993228
leaf_weight=7.8337712734937694 20.551419913768772 14.757081352174282 10.347700566053389 9.2486499398946744 32.566982850432396 9.9267999753355962 15.037231206893921 9.7560640051960998 9.5741425082087499 16.452239461243153 9.1626490727066976
leaf_count=37 93 71 45 42 148 44 71 45 45 75 41
internal_value=-0.000788592 -0.00289884 -0.00736713 -0.000269243 -0.00470947 0.00558815 -0.00244529 0.00356565 0.00697204 -0.000311181 0.00127205
internal_weight=165.215 112.436 40.142 72.2939 41.8156 30.4782 29.7943 52.7789 28.4929 24.286 18.9187
internal_count=757 514 187 327 190 137 142 243 131 112 86
cat_boundaries=0 1
cat_threshold=4
is_linear=0
shrinkage=0.02


Tree=134
num_leaves=9
num_cat=0
split_feature=51 11 18 36 14 11 41 60
split_gain=5.29873 8.50362 7.04753 5.3291 3.41789 3.16046 2.40495 1.95209
threshold=1.0000000180025095e-35 0.00024460875408646146 5.961711387899673e-15 -0.2282194349599613 5.8239615277774049e-11 0.00015928247655398872 90.625000000000014 1.0000000180025095e-35
decision_type=2 2 2 2 2 2 2 2
left_child=4 2 5 -4 -1 -2 -3 -6
right_child=1 6 3 -5 7 -7 -8 -9
leaf_value=-0.0030522646170141384 -0.005893173135876925 0.017744847657775661 0.012011210195372884 -0.0023322100433058389 0.0037930071909711128 -0.01770940393896667 0.0034960726415866491 0.016884958336230761
leaf_weight=7.7561407238245037 46.078500121831894 7.7546919658780125 12.826332487165926 39.294195979833603 10.444296292960644 12.22452626377344 14.916115157306193 11.80954297631979
leaf_count=35 201 40 63 181 51 54 69 59
internal_value=2.69441e-05 -0.00165965 -0.00399865 0.00124427 0.00751277 -0.00872873 0.00916718 0.0114259
internal_weight=163.104 133.094 110.424 52.1205 30.01 58.303 22.6708 22.2538
internal_count=753 608 499 244 145 255 109 110
is_linear=0
shrinkage=0.02


Tree=135
num_leaves=9
num_cat=0
split_feature=42 7 7 15 22 34 18 16
split_gain=3.41425 4.24795 6.47035 4.82201 3.79196 3.3519 3.20924 0.620372
threshold=0.46233558417808346 297.89375000000007 378.47500000000008 6.6071734182531818e-31 0.00016212419570264941 1.3088253039616189 5.961711387899673e-15 0.0003626003754413491
decision_type=2 2 2 2 2 2 2 2
left_child=-1 4 7 -4 6 -6 -2 -3
right_child=1 2 3 -5 5 -7 -8 -9
leaf_value=0.0084824458086017202 -0.0078289662519405185 -0.0092958464299604231 -0.0098896943164654711 0.0099588093915820696 0.00036545172954764846 0.01247932194826086 0.0011315142526799849 -0.020746792874695174
leaf_weight=10.92340202629566 34.957256101071835 9.1474597454071063 8.4433045312762278 9.1365429833531362 39.252443082630634 11.403337426483629 26.533807277679443 9.7055915072560293
leaf_count=52 156 40 39 45 183 52 125 42
internal_value=-0.00172332 -0.00256543 -0.00841184 8.37738e-05 -0.000555541 0.0033974 -0.00391021 -0.0162411
internal_weight=159.503 148.58 36.4329 17.5798 112.147 50.6558 61.4911 18.8531
internal_count=734 682 166 84 516 235 281 82
is_linear=0
shrinkage=0.02


Tree=136
num_leaves=7
num_cat=0
split_feature=9 36 41 9 12 25
split_gain=5.81989 4.81873 4.53222 5.77128 5.64015 1.39215
threshold=348.24375000000003 -0.96772794309472043 63.625000000000007 143.51250000000002 1.1500000000000001 -0.00025937764366237137
decision_type=2 2 2 2 2 2
left_child=1 -1 3 -3 -4 -2
right_child=5 2 4 -5 -6 -7
leaf_value=0.015077139981264503 0.015138763676387388 -0.0046839924571548475 -0.011783948237423189 0.0057132887027240469 0.00109020955302324 0.0031135487708923021
leaf_weight=5.070866383612155 8.3837298303842562 46.953648127615452 37.438730515539646 37.491219468414783 19.582628294825554 10.367261923849581
leaf_count=28 41 210 169 174 88 48
internal_value=-0.000855394 -0.0022482 -0.00301281 0 -0.00731663 0.00928817
internal_weight=165.288 146.537 141.466 84.4449 57.0214 18.751
internal_count=758 669 641 384 257 89
is_linear=0
shrinkage=0.02


Tree=137
num_leaves=9
num_cat=0
split_feature=9 9 7 15 2 34 1 34
split_gain=3.15515 6.95619 3.78731 7.08938 3.32084 4.39253 2.9629 2.22019
threshold=150.49375000000001 207.08125000000004 84.543750000000003 1.4777894507789204e-11 642.50000000000011 0.67337962757278957 52.500000000000007 0.91453078276145183
decision_type=2 2 2 2 2 2 2 2
left_child=2 7 3 -1 5 -3 -4 -2
right_child=1 4 6 -5 -6 -7 -8 -9
leaf_value=0.010798116930468716 0.018340117003221613 -0.0098660441742035622 -0.0007097403236624118 -0.0079389446592855253 -0.011503942971684443 0.0027715320192569495 -0.014157192210340014 0.0052333359434361387
leaf_weight=14.541202723979952 9.3867110535502452 12.300196245312689 12.136439114809038 15.680579885840414 9.4613223448395711 61.428677417337894 16.728455349802971 16.556987002491951
leaf_count=67 46 54 58 70 45 285 75 77
internal_value=-0.000124617 0.00185076 -0.0038431 0.000941315 -0.000932932 0.000479102 -0.00891711 0.0107029
internal_weight=168.221 109.134 59.0867 30.2218 83.1902 73.7289 28.8649 25.9437
internal_count=777 507 270 137 384 339 133 123
is_linear=0
shrinkage=0.02


Tree=138
num_leaves=6
num_cat=0
split_feature=11 11 16 41 1
split_gain=4.92053 6.36642 3.63317 5.3238 2.76564
threshold=0.00033287304935741526 0.0002482846022081496 1.5698789453190499e-08 35.125000000000007 22.500000000000004
decision_type=2 2 2 2 2
left_child=1 2 4 -4 -1
right_child=-2 -3 3 -5 -6
leaf_value=0.013429761761307508 -0.012073642118127382 0.01610661519479565 0.0025067045134294003 -0.006513783049029746 0.0011046516673626221
leaf_weight=10.303144775331019 11.813863955438135 9.1851413547992689 48.260798767209053 53.634625047445297 24.647929854691029
leaf_count=50 53 48 217 246 111
internal_value=-0.000156927 0.000841879 -0.000248575 -0.00220025 0.00517733
internal_weight=157.846 146.032 136.846 101.895 34.9511
internal_count=725 672 624 463 161
is_linear=0
shrinkage=0.02


Tree=139
num_leaves=8
num_cat=0
split_feature=25 47 23 17 25 40 34
split_gain=6.19276 3.70371 5.33627 6.16405 4.26192 4.99088 3.97094
threshold=0.0027575108064008245 1.0000000180025095e-35 0.5518966632961515 1.1574703445349582e-06 -0.0011207434421142794 11.402749999999289 1.1936606239695513
decision_type=2 2 2 2 2 2 2
left_child=1 4 3 -3 -1 -6 -4
right_child=-2 2 6 -5 5 -7 -8
leaf_value=0.0030678510482870553 0.01277180850776815 -0.0093810886582491176 0.013532945623323453 0.0030250769396593701 0.0024062736191522841 -0.013331417617725033 -0.00056747082430644508
leaf_weight=15.307710297405718 12.900429435074328 26.294688075780869 18.430198721587661 36.988552123308182 10.038619011640547 27.42010024189949 12.103132501244543
leaf_count=76 62 118 85 173 51 117 55
internal_value=0 -0.00119195 0.00114301 -0.00210219 -0.00539907 -0.00900494 0.00791265
internal_weight=159.483 146.583 93.8166 63.2832 52.7664 37.4587 30.5333
internal_count=737 675 431 291 244 168 140
is_linear=0
shrinkage=0.02


Tree=140
num_leaves=9
num_cat=0
split_feature=25 47 35 34 34 35 34 35
split_gain=3.59727 3.71503 4.79863 3.83006 5.48319 3.74034 3.08481 2.50898
threshold=-0.0012538430540296108 1.0000000180025095e-35 -0.0014953912841433907 0.62738044015621575 1.1532398756952682 0.0006838757303325411 1.0175691092156789 0.00073569833358476324
decision_type=2 2 2 2 2 2 2 2
left_child=6 2 -2 -3 -5 -4 -1 -8
right_child=1 3 5 4 -6 -7 7 -9
leaf_value=0.012725341842987091 0.0071315350804777447 -0.0067252313821886921 -0.01357873298134548 0.0086099549244936704 -0.0032478015689998301 -0.00076350202369326794 0.0066850615573862361 -0.006696639632961153
leaf_weight=16.810928717255592 9.5155853256583196 14.096834413707255 20.511643841862679 42.116137161850929 22.863693691790104 17.843671523034573 12.540730111300947 8.3682218790054304
leaf_count=79 45 64 88 199 102 85 61 40
internal_value=0.00122615 -0.000354067 -0.00473688 0.00225027 0.00436078 -0.00794017 0.00657118 0.000994343
internal_weight=164.667 126.948 47.8709 79.0767 64.9798 38.3553 37.7199 20.909
internal_count=763 583 218 365 301 173 180 101
is_linear=0
shrinkage=0.02


Tree=141
num_leaves=9
num_cat=0
split_feature=41 18 25 41 11 25 11 22
split_gain=5.06436 4.42007 7.82985 5.69761 4.58583 4.03415 3.02717 2.63911
threshold=147.50000000000003 1.3365179461480611e-07 -0.0011627182610707274 34.625000000000007 0.00011347435243166286 9.4007113851303137e-05 0.0001180511020810308 0.00025776056791203185
decision_type=2 2 2 2 2 2 2 2
left_child=1 2 6 -3 -5 -4 -1 -2
right_child=7 3 5 4 -6 -7 -8 -9
leaf_value=0.014568092148647292 -0.01689613171689788 0.015905976588953156 -0.010903723393532565 -0.0066689721854183382 0.0091289817658090789 -0.0013179955027924006 0 -0.0025734363300368907
leaf_weight=11.73031857609749 10.456765823066236 13.174866236746309 29.57695633918047 15.655357651412489 12.125367023050783 46.012815736234188 9.6282563582062703 12.259386926889418
leaf_count=55 46 66 132 76 57 205 46 56
internal_value=-0.00131342 0.000111032 -0.00217247 0.00558238 9.545e-05 -0.00524046 0.00816581 -0.00985393
internal_weight=160.62 137.904 96.9483 40.9556 27.7807 75.5898 21.3586 22.7162
internal_count=739 637 438 199 133 337 101 102
is_linear=0
shrinkage=0.02


Tree=142
num_leaves=6
num_cat=0
split_feature=2 37 36 51 2
split_gain=5.13903 4.04399 5.70176 7.06941 3.93591
threshold=662.50000000000011 1.0000000180025095e-35 -0.52934918139468545 1.0000000180025095e-35 602.50000000000011
decision_type=2 2 2 2 2
left_child=1 4 -3 -4 -1
right_child=-2 2 3 -5 -6
leaf_value=0.0020767793165740083 -0.012784783133588492 -0.013110086566636816 0.011965028822554622 -0.0007241306734377587 0.020032217086077359
leaf_weight=13.807937167584898 9.6950465291738492 10.763680145144461 20.211830615997314 97.854303121566772 7.6816254109144202
leaf_count=76 46 46 91 428 52
internal_value=0.000558491 0.00153754 0.000123191 0.00147999 0.00936724
internal_weight=160.014 150.319 128.83 118.066 21.4896
internal_count=739 693 565 519 128
is_linear=0
shrinkage=0.02


Tree=143
num_leaves=10
num_cat=2
split_feature=17 23 11 22 74 15 25 17 86
split_gain=4.44231 8.85614 8.32781 6.97989 5.91857 5.39712 3.55373 2.312 1.15064
threshold=9.2570637875701816e-07 0.15266377996596539 3.5591084007610342e-05 0.0011065134853282964 0 6.8142164698359513e-33 -0.0012538430540296108 6.8078864349131868e-33 1
decision_type=2 2 2 2 9 2 2 2 9
left_child=3 8 -3 4 6 -4 -1 -5 -2
right_child=1 2 5 7 -6 -7 -8 -9 -10
leaf_value=-0.0026852497650251494 0.020686687243695739 -0.020101710206909186 -0.0047910689378079831 -0.0024939500647728589 0.0026863019213989843 0.006141200984954789 -0.017685876994297949 0.0092225434599908958 0.0075011898404223091
leaf_weight=10.616159319877623 8.1419874280691147 6.901974916458129 29.875364728271961 10.584721460938455 11.63687578588724 41.762086793780327 22.353578060865402 13.821616150438784 9.138794869184494
leaf_count=49 42 32 136 48 52 198 98 69 43
internal_value=-0.000455043 0.0022827 -0.000555179 -0.00432024 -0.00899594 0.00149626 -0.0132536 0.00400692 0.0148336
internal_weight=164.833 95.8202 78.5394 69.013 44.6066 71.6375 32.9697 24.4063 17.2808
internal_count=767 451 366 316 199 334 147 117 85
cat_boundaries=0 1 2
cat_threshold=4 4
is_linear=0
shrinkage=0.02


Tree=144
num_leaves=10
num_cat=0
split_feature=40 42 41 42 42 40 40 35 7
split_gain=3.99873 5.85407 4.38892 4.33892 6.4378 4.25055 9.38699 2.91798 3.81816
threshold=45.98512499999925 0.75387123712171367 24.125000000000004 1.344949195825285 1.8134805553707973 59.024750000000502 76.375124999999585 -6.9071926696139384e-05 72.987500000000026
decision_type=2 2 2 2 2 2 2 2 2
left_child=2 -2 7 -4 -5 -3 -7 -1 -9
right_child=1 5 3 4 -6 6 -8 8 -10
leaf_value=-0.0079860365267991201 0.0083451205755617607 -0.018207687423143225 0.022198378131288173 -0.010089553955671777 0.0070651894867044566 0.011407520136615572 -0.012659219715490515 0.010931185295106753 -0.0056976024542682961
leaf_weight=16.392827518284321 11.664065599441527 9.4814782589673978 5.64314280450344 8.9513788819313032 64.170242287218571 10.064920961856844 14.414263457059858 10.604799315333368 9.1825079023838025
leaf_count=71 55 40 24 38 324 42 60 47 42
internal_value=0.00171673 -0.00317577 0.00372108 0.00636249 0.00477641 -0.00742986 -0.00246904 -0.00188438 0.00302292
internal_weight=160.57 45.6247 114.945 78.7648 73.1216 33.9607 24.4792 36.1801 19.7873
internal_count=743 197 546 386 362 142 102 160 89
is_linear=0
shrinkage=0.02


Tree=145
num_leaves=7
num_cat=0
split_feature=42 35 15 42 2 8
split_gain=4.13862 4.8152 4.11725 3.53715 3.45079 2.94877
threshold=5.3586319590954874 0.00079783953301903966 0.99075437450253701 0.44754218635363174 597.50000000000011 304.15000000000003
decision_type=2 2 2 2 2 2
left_child=2 4 3 -1 -2 -5
right_child=1 -3 -4 5 -6 -7
leaf_value=0.011290436736059879 0.01025169330744112 0.020578314990298666 -0.011429943911431704 0.0011837737737613097 -0.0079974453612467536 -0.0069248584123613611
leaf_weight=10.657678604125975 7.5513934716582316 7.7907627075910559 11.074398458003996 100.00338995456696 6.8814432621002197 20.752916663885117
leaf_count=51 41 49 48 443 41 92
internal_value=0.00101425 0.00885022 -0.000219252 0.000759358 0.00120748 -0.000205909
internal_weight=164.712 22.2236 142.488 131.414 14.4328 120.756
internal_count=765 131 634 586 82 535
is_linear=0
shrinkage=0.02


Tree=146
num_leaves=9
num_cat=0
split_feature=25 11 42 1 14 42 41 35
split_gain=6.10269 5.83399 4.39726 4.48831 6.03793 4.21022 6.77189 3.06737
threshold=0.00053138022134093259 0.00027172467902709089 3.5627454426501752 22.500000000000004 0.020024443344064422 5.2875044801046096 79.625000000000014 -6.9071926696139384e-05
decision_type=2 2 2 2 2 2 2 2
left_child=1 5 3 -2 -5 6 -1 -4
right_child=2 -3 7 4 -6 -7 -8 -9
leaf_value=0.0026104757577249931 -0.017343407307409426 0.017048588776843558 -0.0045550960101367688 -0.0099882480028399209 0.0075103811995672802 0.01164353618449702 -0.010826382811946804 0.011542861637235027
leaf_weight=55.177685484290123 14.822129368782042 9.02758941054344 8.5113226771354693 21.26777471601963 10.97019377350807 11.394925847649573 19.363367274403572 8.0064446777105314
leaf_count=249 65 45 44 90 47 68 83 43
internal_value=-0.000581817 0.00257875 -0.00536236 -0.008467 -0.00380635 0.000811053 -0.000897672 0.00311884
internal_weight=158.541 94.9636 63.5779 47.0601 32.238 85.936 74.5411 16.5178
internal_count=734 445 289 202 137 400 332 87
is_linear=0
shrinkage=0.02


Tree=147
num_leaves=7
num_cat=1
split_feature=35 36 16 16 79 41
split_gain=4.79718 6.20188 3.83525 3.49319 3.1892 1.66166
threshold=-0.0022499119206804063 -0.39491422563419248 6.2581481724346901e-12 9.1093501373920677e-23 0 89.000000000000014
decision_type=2 2 2 2 1 2
left_child=5 -2 3 -3 -4 -1
right_child=1 2 4 -5 -6 -7
leaf_value=0.015773180808408834 -0.012572583311114903 0.00033551266851937039 -0.0035307892399170262 0.014868227210096226 0.0046464577874293983 0.0026645790223789076
leaf_weight=8.51812691986561 15.464950837194918 15.999323911964895 72.349262274801731 11.524072498083113 24.378942914307117 9.5894073247909528
leaf_count=44 75 74 331 52 111 47
internal_value=0.000215308 -0.00102441 0.000453931 0.00693866 -0.00138198 0.00964789
internal_weight=157.824 139.717 124.252 27.5234 96.7282 18.1075
internal_count=734 643 568 126 442 91
cat_boundaries=0 1
cat_threshold=2
is_linear=0
shrinkage=0.02


Tree=148
num_leaves=12
num_cat=1
split_feature=18 40 9 9 2 73 22 16 25 15 22
split_gain=4.53336 6.38241 11.1063 4.62576 4.6229 4.07457 5.23532 2.95584 2.81125 2.1629 1.82537
threshold=1.3365179461480611e-07 25.516249999999676 151.86250000000004 73.137500000000017 602.50000000000011 0 -0.0017581187353254632 0.25460575518308337 -0.00072135247425528909 3.9316647985945108e-18 -0.00088730786817814422
decision_type=2 2 2 2 2 1 2 2 2 2 2
left_child=1 2 3 -1 -4 10 -7 8 -3 -8 -2
right_child=5 7 4 -5 -6 6 9 -9 -10 -11 -12
leaf_value=0.00012021285098199777 0.0024979862035874783 -0.0016536623313289274 0.018249675139171397 -0.013595574596583582 0.0004413257558358561 0.012698463286577975 0.00018511727996062995 -0.00070082901790039756 -0.015642906209977131 -0.011360077121093227 0.016104321424674072
leaf_weight=21.113165184855461 8.297427676618101 9.195326089859007 14.100270785391332 16.1040860414505 10.739351406693457 7.6583198681473759 11.750598393380644 14.540202289819716 23.198725685477257 11.155666336417196 10.942405968904493
leaf_count=94 41 40 77 73 56 37 56 62 98 54 53
internal_value=-0.000923975 -0.0032313 0.000901953 -0.00585813 0.0110975 0.00397146 -0.000436616 -0.00872631 -0.01202 -0.00542657 0.0109462
internal_weight=158.796 108.991 62.0569 37.2173 24.8396 49.8044 30.5646 46.9343 32.3941 22.9063 19.2398
internal_count=741 500 300 167 133 241 147 200 138 110 94
cat_boundaries=0 1
cat_threshold=4
is_linear=0
shrinkage=0.02


Tree=149
num_leaves=11
num_cat=0
split_feature=40 11 16 41 41 15 34 25 25 22
split_gain=5.00074 6.4913 4.82945 4.85311 4.59404 4.26731 3.23484 1.78806 1.72126 1.44902
threshold=22.150374999999261 0.00018849957171156539 1.5180640131266711e-10 43.875000000000007 115.12500000000001 0.0020348342411464406 0.80937764957864411 -0.0012010406989359623 0.00018869395846757002 -0.00069504594805888957
decision_type=2 2 2 2 2 2 2 2 2 2
left_child=5 2 -2 -4 -3 6 8 -8 -1 -7
right_child=1 4 3 -5 -6 9 7 -9 -10 -11
leaf_value=-0.0036148021738110509 0.0036362079930924158 0.01242759577763561 0 -0.01361883883786809 -0.0028363432288751106 0.0015066407320311137 0.00092971993377930569 0.013105197840191063 0.0068615054588217206 -0.0087800178052572925
leaf_weight=13.042705319821836 13.579199135303496 14.737316690385343 15.395750969648359 32.569087609648705 14.222469143569468 8.993090286850931 7.3493332564830771 26.870622485876083 10.045915395021437 9.7724841982126218
leaf_count=61 59 70 67 137 63 44 40 138 49 48
internal_value=0.000428933 -0.00269537 -0.0063801 -0.00935467 0.00488658 0.00421044 0.00692938 0.0107613 0.00079 -0.00371993
internal_weight=166.578 90.5038 61.544 47.9648 28.9598 76.0742 57.3086 34.22 23.0886 18.7656
internal_count=776 396 263 204 133 380 288 178 110 92
is_linear=0
shrinkage=0.02


Tree=150
num_leaves=10
num_cat=0
split_feature=11 17 23 36 25 42 10 23 13
split_gain=6.703 3.93225 7.95941 3.71897 3.52003 3.39447 2.01375 1.67469 1.36823
threshold=0.00018189873771101142 1.4190193229803522e-10 0.20567189263840016 -0.32997051910326697 -0.0017168549971271411 1.7568038128389969 1.0000000180025095e-35 0.42598064705526822 1.0000000180025095e-35
decision_type=2 2 2 2 2 2 2 2 2
left_child=1 2 -1 6 -2 -5 -3 -4 -6
right_child=4 3 7 5 8 -7 -8 -9 -10
leaf_value=-0.020638225417748009 -0.0016569949720081228 0.012794429546454584 0.0045504240913443756 -0.0066541784374520088 0.015959689924891791 0.0027454437616908074 0 -0.0048020841494360181 0.005128208383622811
leaf_weight=10.914913669228552 9.7883707061409932 12.110034584999084 11.320915222167971 28.679547056555748 14.359076939523222 29.981210872530937 8.7517254278063774 18.320990324020386 11.639802716672419
leaf_count=47 46 59 52 122 69 153 44 81 54
internal_value=0.000434824 -0.00179932 -0.00680077 0.000729713 0.00793942 -0.00178402 0.00783076 -0.00100241 0.0117022
internal_weight=155.867 120.079 40.5568 79.5225 35.7873 58.6608 20.8618 29.6419 25.9989
internal_count=727 558 180 378 169 275 103 133 123
is_linear=0
shrinkage=0.02


Tree=151
num_leaves=5
num_cat=0
split_feature=36 25 35 8
split_gain=5.41138 5.12384 2.65238 2.98028
threshold=-0.64545352272159617 0.0027575108064008245 -0.0019600266500939376 38.425000000000004
decision_type=2 2 2 2
left_child=-1 2 -2 -4
right_child=1 -3 3 -5
leaf_value=0.012752887742032235 -0.010245998702410671 0.011911011228203523 0.011021283763275016 -0.0010457733248007387
leaf_weight=14.128877483308314 10.468568146228789 12.44176499545574 7.8213828578591338 110.67218155413866
leaf_count=76 50 61 35 506
internal_value=0.00137974 0.00011964 -0.00105467 -0.000113486
internal_weight=155.533 141.404 128.962 118.494
internal_count=728 652 591 541
is_linear=0
shrinkage=0.02


Tree=152
num_leaves=10
num_cat=0
split_feature=62 41 42 9 16 16 14 14 42
split_gain=5.09337 3.45056 8.96 7.3297 6.94031 4.12307 4.10179 2.46082 2.18284
threshold=1.0000000180025095e-35 83.500000000000014 1.8134805553707973 262.55000000000001 0.023058546875290766 0.01388697832378359 0.00020517565469027206 0.53205426898464092 2.4048709048883032
decision_type=2 2 2 2 2 2 2 2 2
left_child=7 2 3 -2 6 -4 -3 8 -1
right_child=1 4 5 -5 -6 -7 -8 -9 -10
leaf_value=0.0054272330649292252 -0.0060612322163727649 -0.0053344970141829609 0.0034741542122687465 0.012360380932141724 -0.016264745432433635 0.017239397362977259 0.0085791208077614454 0.00032195192756829735 0.021358308242493403
leaf_weight=8.7232272773981148 41.962120667099953 17.02203264832497 20.173283472657204 9.7097238898277265 11.774747073650358 17.53197418153286 14.782079815864561 8.0188307017087919 8.7175673320889455
leaf_count=42 176 72 94 46 51 83 65 43 68
internal_value=0.00236938 0.000720327 0.00299868 -0.00231674 -0.00378027 0.0103097 0.00101383 0.0104017 0.0144419
internal_weight=158.416 132.956 89.3771 51.6718 43.5789 37.7053 31.8041 25.4596 17.4408
internal_count=740 587 399 222 188 177 137 153 110
is_linear=0
shrinkage=0.02


Tree=153
num_leaves=8
num_cat=0
split_feature=34 1 13 11 35 11 23
split_gain=4.39872 6.37918 7.69057 4.38925 4.24651 4.85056 2.96406
threshold=0.6435185882628528 17.500000000000004 -1.0000000180025095e-35 8.9759867523258612e-05 -0.0022499119206804063 4.7457925609602036e-05 0.56258055189131062
decision_type=2 2 2 2 2 2 2
left_child=3 2 -2 -1 -3 -6 -4
right_child=1 4 6 -5 5 -7 -8
leaf_value=-0.0011660238718801965 0.0082331325086000655 0.014583458979837004 -0.017775490844333754 -0.018578379570242384 0.011112155703783712 -0.00053946122766121559 -0.002850187725023125
leaf_weight=15.731765925884249 9.0628190264105779 10.98324680328369 14.821120925247671 9.1535035818815214 16.638496391475201 70.812600202858448 10.314040116965769
leaf_count=70 47 56 66 41 78 325 49
internal_value=-0.000711298 0.000713839 -0.00655227 -0.00827286 0.00333908 0.00171012 -0.012224
internal_weight=157.518 132.632 34.198 24.8853 98.4343 87.4511 25.1352
internal_count=732 621 162 111 459 403 115
is_linear=0
shrinkage=0.02


Tree=154
num_leaves=9
num_cat=0
split_feature=35 41 51 2 35 17 17 1
split_gain=5.04441 4.64401 4.06645 4.41962 4.30041 4.52805 4.25154 1.68977
threshold=-0.0010694146701080126 89.000000000000014 1.0000000180025095e-35 612.50000000000011 0.00067231367272799257 7.6127798526139565e-16 3.1979510647144662e-12 37.500000000000007
decision_type=2 2 2 2 2 2 2 2
left_child=1 7 3 -2 6 -6 -4 -1
right_child=2 -3 4 -5 5 -7 -8 -9
leaf_value=0.0051150389869669853 0.014226380671055121 -0.00099761610357852509 0.0022246207310553782 -0.0033679561140271437 -0.0085160445211935783 0.0048447392961251121 -0.010845422267641692 0.017076751917939625
leaf_weight=11.531987696886063 11.842757627367975 16.622223190963268 12.502276480197905 8.9159870073199254 12.861970432102678 35.898947238922119 34.127985805273056 13.384104512631893
leaf_count=58 55 78 54 44 57 170 150 67
internal_value=0.000953068 0.00686805 -0.00115164 0.00658629 -0.00294865 0.00109959 -0.00724204 0.012183
internal_weight=157.688 41.5383 116.15 20.7587 95.3912 48.7609 46.6303 24.9161
internal_count=733 203 530 99 431 227 204 125
is_linear=0
shrinkage=0.02


Tree=155
num_leaves=10
num_cat=1
split_feature=11 7 16 16 23 42 73 23 23
split_gain=4.30763 4.31688 3.39195 6.48872 5.27814 4.64505 2.57119 2.13051 0.495584
threshold=0.00014092590490509996 244.59375000000003 1.6703688949605847e-13 6.4600513874363373e-06 0.39291976321672767 1.7568038128389969 0 0.44002171465873646 0.40938880853606868
decision_type=2 2 2 2 2 2 1 2 2
left_child=2 -2 8 4 -4 -5 7 -3 -1
right_child=1 6 3 5 -6 -7 -8 -9 -10
leaf_value=0.014956555524601303 -0.01227008563904332 -0.010734883106441256 0.0019355618685547233 -0.00059139742223826715 -0.017770488814684241 0.0095456754753114811 0.0086674119919431022 0.00096323432494195603 0.0057071889812932578
leaf_weight=8.5238542482256907 15.416246667504309 8.4885051548481005 9.3651690483093279 34.862391322851181 10.090357072651384 34.165249913930893 9.2797198221087438 15.462818570435045 9.7967391610145551
leaf_count=41 68 39 44 148 46 172 47 74 44
internal_value=0.000953531 -0.00387394 0.00322356 0.00146897 -0.00836051 0.00440493 9.05063e-05 -0.00320626 0.0108725
internal_weight=155.451 48.6473 106.804 88.4832 19.4555 69.0276 33.231 23.9513 18.3206
internal_count=723 228 495 410 90 320 160 113 85
cat_boundaries=0 1
cat_threshold=2
is_linear=0
shrinkage=0.02


Tree=156
num_leaves=10
num_cat=0
split_feature=15 15 18 42 42 14 23 42 16
split_gain=4.53028 6.17166 5.07235 4.26661 4.88655 4.95402 4.08068 3.6473 2.88325
threshold=9.0298111065103721e-07 2.7347540000151491e-19 1.9061871944246619e-05 1.1908967135871638 4.1771320431394425 0.00210326923813709 0.29246375557817361 3.0934272316935947 6.4600513874363373e-06
decision_type=2 2 2 2 2 2 2 2 2
left_child=1 2 6 -2 5 -5 -1 -3 -4
right_child=3 7 8 4 -6 -7 -8 -9 -10
leaf_value=0.0045156355403302055 0.012082270050368715 -0.016292896455656392 0 -0.010228395286804002 0.01084431762420165 0.0047686788782210759 -0.0070972992965151341 0 0.015137278857598711
leaf_weight=16.916872270405293 17.367342978715897 16.923458114266399 8.5428497567772883 18.28531089425087 12.358531609177588 14.782937236130236 34.399732358753681 8.2285265699028951 10.636257737874983
leaf_count=77 77 74 40 79 69 67 155 46 53
internal_value=-0.000166477 -0.0029316 6.1467e-05 0.00393123 0.000492607 -0.00340475 -0.00314119 -0.0112315 0.00865901
internal_weight=158.442 95.6477 70.4957 62.7941 45.4268 33.0682 51.3166 25.152 19.1791
internal_count=737 445 325 292 215 146 232 120 93
is_linear=0
shrinkage=0.02


Tree=157
num_leaves=9
num_cat=0
split_feature=35 7 8 41 40 17 40 7
split_gain=4.09415 5.24606 5.12699 4.12557 4.43448 3.56926 2.27734 2.27193
threshold=-0.001111390888215944 382.27500000000003 293.3250000000001 16.125000000000004 6.1098750000001028 0.0061513595559656237 21.328499999998716 233.35625000000002
decision_type=2 2 2 2 2 2 2 2
left_child=2 3 6 5 -5 -2 -1 -8
right_child=1 -3 -4 4 -6 -7 7 -9
leaf_value=0.018112973249949486 -0.0017778557031551884 0.010617632061062735 -0.0043003933563247046 0.0092120567561688859 -0.006542454031507744 0.013468807160396079 -0.00019658023813341857 0.012345043372640297
leaf_weight=9.2178810164332408 14.408957317471506 11.234394103288649 13.544975765049456 6.6712333709001532 79.557804591953754 8.8314787149429304 11.426582813262941 9.0328681021928769
leaf_count=55 61 53 65 44 357 40 49 42
internal_value=0.000136341 -0.00172102 0.00538055 -0.00312624 -0.00516316 0.00408505 0.00999075 0.00537821
internal_weight=163.926 120.704 43.2223 109.469 86.229 23.2404 29.6773 20.4595
internal_count=766 555 211 502 401 101 146 91
is_linear=0
shrinkage=0.02


Tree=158
num_leaves=12
num_cat=0
split_feature=40 42 40 22 2 42 41 46 18 18 41
split_gain=3.59219 6.44085 4.37772 5.20779 3.27173 5.57912 3.89139 3.37145 3.0057 1.97134 1.59322
threshold=45.98512499999925 0.51885819719769855 58.497500000000407 0.00025776056791203185 607.50000000000011 1.8591886005853613 54.125000000000007 19.500000000000004 7.4165359203890415e-12 3.0371004772769227e-07 87.125000000000014
decision_type=2 2 2 2 2 2 2 2 2 2 2
left_child=4 -2 -3 -4 5 8 7 -6 -1 -7 -8
right_child=1 2 3 -5 6 9 10 -9 -10 -11 -12
leaf_value=-0.0062525380844445835 0.011027830103327365 -0.016850408794614417 -0.010848211588906469 0.0057622857766437873 0.007886754780654379 0.012994320079694938 -0.015212320560073343 -0.005830558142047638 0.0068199422412644388 0.0030451600207991522 -0.0019178256958923663
leaf_weight=17.236456483602527 8.9265593439340574 11.37551726400852 13.460628613829615 14.460108146071432 20.162410631775856 30.258099399507046 7.0842792615294483 9.4923290014266986 10.257588714361189 14.066992200911043 9.3250856176018697
leaf_count=72 45 48 57 61 100 151 35 41 45 73 47
internal_value=0.0012262 -0.0032678 -0.00685719 -0.0021364 0.00312706 0.00577885 -0.000914832 0.00325322 -0.00109665 0.0101061 -0.00854611
internal_weight=166.106 48.2228 39.2963 27.9207 117.883 71.8191 46.0641 29.6547 27.494 44.3251 16.4094
internal_count=775 211 166 118 564 341 223 141 117 224 82
is_linear=0
shrinkage=0.02


Tree=159
num_leaves=6
num_cat=0
split_feature=25 15 25 35 34
split_gain=4.94913 3.73193 4.32694 5.30074 4.51034
threshold=0.0026869726759672975 0.99774550585180444 0.00053138022134093259 0.00077031925970232399 0.62738044015621575
decision_type=2 2 2 2 2
left_child=1 2 4 -4 -1
right_child=-2 -3 3 -5 -6
leaf_value=-0.0074993925515501846 0.010276473046828832 -0.012930357489446414 -0.010273126335957018 0.0033859945169498942 0.0038715748894667052
leaf_weight=15.847229115664957 14.277489878237246 9.9513827636837942 31.557508878409863 16.009502395987511 75.640807621181011
leaf_count=72 72 45 139 75 358
internal_value=-0.000518025 -0.00165394 -0.000717551 -0.00557731 0.00177727
internal_weight=163.284 149.006 139.055 47.567 91.488
internal_count=761 689 644 214 430
is_linear=0
shrinkage=0.02


Tree=160
num_leaves=10
num_cat=0
split_feature=47 1 17 16 22 17 36 23 36
split_gain=3.90087 3.78092 4.71195 4.90546 4.35129 2.46313 3.12481 5.15473 2.69897
threshold=1.0000000180025095e-35 17.500000000000004 0.3621723780978926 1.5558052303350721e-21 -0.00048632868827528118 0.94629514463054709 0.083887261198617266 0.66995778192825273 0.43463041861264906
decision_type=2 2 2 2 2 2 2 2 2
left_child=5 4 3 -3 -2 6 7 -1 -8
right_child=1 2 -4 -5 -6 -7 8 -9 -10
leaf_value=0.0011332095964215626 -0.0098699113159513713 -0.0037747967487827901 -0.0031485700330983347 0.011298747041129322 0.0045770044246663082 -0.012795818819671508 0.010036264609531489 -0.015992359946138807 -0.0030706873506984333
leaf_weight=15.490953691303732 15.481363475322725 9.4607944488525373 17.012775145471096 44.491600565612316 15.406055197119711 8.46183282881975 12.087504744529726 10.88652567565441 10.428050190210341
leaf_count=72 71 43 78 207 76 41 55 49 51
internal_value=0.000724043 0.00309392 0.00563879 0.00852576 -0.00255834 -0.00336253 -0.00138593 -0.00604168 0.00383821
internal_weight=159.207 101.853 70.9652 53.9524 30.8874 57.3549 48.893 26.3775 22.5156
internal_count=743 475 328 250 147 268 227 121 106
is_linear=0
shrinkage=0.02


Tree=161
num_leaves=12
num_cat=0
split_feature=2 42 42 2 34 34 36 22 36 13 14
split_gain=4.98712 8.0369 3.71316 4.09139 3.46152 7.24539 3.44291 3.36822 2.91603 4.83704 4.76756
threshold=617.50000000000011 2.5422619047619048 2.2303099983848145 642.50000000000011 0.89128902030196577 0.63588708063527921 0.042055026570610402 -0.00052960082316069875 -0.043131049245405069 -1.0000000180025095e-35 0.0042735499494413777
decision_type=2 2 2 2 2 2 2 2 2 2 2
left_child=1 4 6 -4 5 -1 -2 -6 10 -10 -3
right_child=2 8 3 -5 7 -7 -8 -9 9 -11 -12
leaf_value=-0.012981270714616529 0.018819927626313643 0.0061272426736776534 0.007566635377902059 -0.010884231553353997 -0.016849284663882583 0.0061505401432446621 0.0024056760194977162 -0.0046410979027661763 -0.0023036871726642883 0.015053411387267545 -0.012773775367693986
leaf_weight=12.208916321396829 10.214692905545236 11.656326919794084 8.7530895099043864 8.3196157291531545 18.475466564297676 18.499860927462578 11.802269235253332 22.269444853067398 9.3520318791270274 15.23211160302162 8.0882106870412809
leaf_count=52 45 60 48 45 78 80 53 98 47 77 41
internal_value=-0.000548526 -0.00266923 0.00549316 -0.00119732 -0.00681369 -0.001436 0.0107685 -0.0105916 0.00388183 0.00838413 -0.00156872
internal_weight=154.872 115.782 39.0897 17.0727 71.4537 30.7088 22.017 40.7449 44.3287 24.5841 19.7445
internal_count=724 533 191 93 308 132 98 176 225 124 101
is_linear=0
shrinkage=0.02


Tree=162
num_leaves=10
num_cat=1
split_feature=40 17 42 42 9 16 40 78 16
split_gain=3.3294 3.95911 4.52454 3.65796 4.60979 5.11183 3.4157 3.28186 1.80595
threshold=14.823124999999893 0.87764403039899408 1.8872853506845282 1.344949195825285 357.56875000000008 2.3224448147936553e-05 33.953062499999767 0 3.2370916620672848e-06
decision_type=2 2 2 2 2 2 2 1 2
left_child=1 2 -1 6 5 -5 -2 -8 -4
right_child=3 -3 8 4 -6 -7 7 -9 -10
leaf_value=-0.0019088006555604213 -0.0043532243377210223 -0.0063328187460106192 0.0021779214548215175 0.00014412251359140375 0.0067626521245212094 -0.011350165727614088 0.00031747677179556796 0.014073223281785221 0.015167678783748102
leaf_weight=11.906948566436766 13.149323284626005 8.4127070084214193 7.2293803021311787 26.927942521870136 12.352143026888369 32.371859304606915 14.759114280343058 13.952767983078955 20.692104943096638
leaf_count=50 56 44 42 119 58 140 66 65 117
internal_value=0.000848411 0.00521304 0.00789413 -0.000983412 -0.00375014 -0.0061153 0.0035893 0.0074528 0.0122034
internal_weight=161.754 48.2411 39.8284 113.513 71.6519 59.2998 41.8612 28.7119 27.9215
internal_count=757 253 209 504 317 259 187 131 159
cat_boundaries=0 1
cat_threshold=1
is_linear=0
shrinkage=0.02


Tree=163
num_leaves=10
num_cat=1
split_feature=73 8 7 36 9 42 8 41 42
split_gain=4.4282 3.90059 4.41915 5.24891 3.32347 3.32739 3.91964 2.22032 1.41564
threshold=0 304.15000000000003 240.03750000000002 0.11119842330838604 261.33750000000003 2.2486236131899564 179.32500000000002 110.62500000000001 2.7435809654228009
decision_type=1 2 2 2 2 2 2 2 2
left_child=4 2 3 -2 5 6 -1 -3 -4
right_child=1 7 8 -5 -6 -7 -8 -9 -10
leaf_value=0.001670267130527013 -0.0089475049822812878 -0.002683064139193034 0.00033022063708454364 0.0024328674251269471 0.010828495884771186 0.007200506690102311 -0.01415840266409857 -0.01662669382300366 0.011063094285362595
leaf_weight=13.801020935177805 41.194991059601307 9.1987374275922793 11.833910822868349 24.637262254953384 14.219872377812861 13.788463562726973 9.4325568377971631 12.909999534487723 9.3339390158653242
leaf_count=59 181 43 51 117 71 75 40 56 49
internal_value=-0.00179075 -0.00408001 -0.00202959 -0.00462603 0.00295368 -0.000118412 -0.00482746 -0.011452 0.0056191
internal_weight=160.351 109.109 87.0001 65.8323 51.2419 37.022 23.2336 22.1087 21.1678
internal_count=742 497 398 298 245 174 99 99 100
cat_boundaries=0 1
cat_threshold=4
is_linear=0
shrinkage=0.02


Tree=164
num_leaves=7
num_cat=0
split_feature=40 17 7 15 23 42
split_gain=3.98447 2.86682 5.29281 4.53469 3.85388 3.52863
threshold=4.9144374999996225 2.6823368450519749e-05 391.30625000000003 0.028984963892593238 0.097225674667490172 1.3640188176473564
decision_type=2 2 2 2 2 2
left_child=-1 2 5 4 -3 -2
right_child=1 3 -4 -5 -6 -7
leaf_value=0.011462579354021252 0 0.01173748689461869 0.0089862527297827274 0.013522505640036726 -0.0027740619140610855 -0.0095810656152250304
leaf_weight=8.4054247960448247 21.219584971666336 7.2527276352047911 8.8413422554731351 8.832707613706587 59.898196771740913 46.772262774407864
leaf_count=50 90 34 41 42 279 213
internal_value=-0.00109615 -0.00189596 -0.00460632 0.000790996 -0.000969453 -0.00656544
internal_weight=161.222 152.817 76.8332 75.9836 67.1509 67.9918
internal_count=749 699 344 355 313 303
is_linear=0
shrinkage=0.02


Tree=165
num_leaves=8
num_cat=0
split_feature=42 62 42 14 1 34 16
split_gain=3.82109 2.98773 5.27453 3.08054 4.16189 3.65691 2.62542
threshold=0.30364794491824693 1.0000000180025095e-35 3.7559523809523814 0.0086642822570309908 17.500000000000004 0.60192897120096933 0.00018876685117592181
decision_type=2 2 2 2 2 2 2
left_child=-1 2 6 5 -5 -3 -2
right_child=1 3 -4 4 -6 -7 -8
leaf_value=0.016012585814412218 -0.0080809693637684185 -0.014975635814833693 0.019493619063113584 -0.0065514741110298093 0.0052826395703559053 -0.0024801484988260319 0.0067408399485676188
leaf_weight=4.7156563550233832 8.2527894675731712 10.509343385696409 6.6581878811120978 15.735236898064612 38.563164576888084 66.228734746575356 8.8221078813076002
leaf_count=23 39 45 60 70 171 289 45
internal_value=-9.30633e-06 -0.000635657 0.00568969 -0.00186115 0.00168825 -0.00443923 -0.000141757
internal_weight=159.485 154.77 23.7331 131.036 54.2984 76.7381 17.0749
internal_count=742 719 144 575 241 334 84
is_linear=0
shrinkage=0.02


Tree=166
num_leaves=6
num_cat=0
split_feature=9 16 16 51 1
split_gain=4.47431 3.69289 3.74382 3.24268 2.59881
threshold=364.70625000000007 0.9957383975587949 1.5698789453190499e-08 1.0000000180025095e-35 22.500000000000004
decision_type=2 2 2 2 2
left_child=1 2 4 -4 -1
right_child=-2 -3 3 -5 -6
leaf_value=0.011016498714523216 0.0099247556461584292 0.0080618618015613833 0.003003257481642227 -0.0063419294066918179 -1.3125257907646551e-05
leaf_weight=10.353820525109766 16.260113820433617 15.279544569551943 17.24387464672327 68.933478526771069 30.258270837366581
leaf_count=51 78 72 85 316 140
internal_value=0.000279251 -0.000844415 -0.00201936 -0.00439016 0.00285179
internal_weight=158.329 142.069 126.789 86.1774 40.6121
internal_count=742 664 592 401 191
is_linear=0
shrinkage=0.02


Tree=167
num_leaves=10
num_cat=0
split_feature=37 41 12 9 46 22 22 9 40
split_gain=4.81459 4.82688 8.03616 6.80805 3.91418 3.86986 3.75807 3.60371 1.15719
threshold=1.0000000180025095e-35 83.500000000000014 1.1500000000000001 141.37500000000003 18.500000000000004 0.00059374027344733069 0.00061442111662512674 200.40000000000003 24.772593749999945
decision_type=2 2 2 2 2 2 2 2 2
left_child=4 3 5 6 8 -3 -2 -5 -1
right_child=1 2 -4 7 -6 -7 -8 -9 -10
leaf_value=0.0077737355723274375 0.0015264098029787066 -0.016558753663490938 0.0060516117122943035 0.014534391955648675 0.019406900341583135 -0.00086899340392702397 -0.010089005040967016 0.002743342339564585 -0.0021615158082388731
leaf_weight=7.4413261637091663 23.30732673406601 20.105044513940815 14.037392064929007 16.733234517276287 8.2647156044840795 10.313249379396437 18.812472343444824 30.515609964728355 8.4277823045849782
leaf_count=54 102 87 61 77 49 45 81 139 41
internal_value=0.000906858 -0.000555458 -0.00590254 0.00207389 0.00895374 -0.0116271 -0.00363604 0.0072582 0.00232628
internal_weight=157.958 133.824 44.4557 89.3686 24.1338 30.4183 42.1198 47.2488 15.8691
internal_count=736 592 193 399 144 132 183 216 95
is_linear=0
shrinkage=0.02


Tree=168
num_leaves=11
num_cat=0
split_feature=37 16 17 8 15 35 41 46 35 17
split_gain=3.67358 4.99921 3.60222 3.76209 3.46066 3.02748 2.59074 2.55769 2.39839 2.85646
threshold=1.0000000180025095e-35 0.00016602624693488489 1.6673411104760685e-05 212.42500000000004 4.2256569674413606e-08 -0.00040633544858896965 43.125000000000007 18.500000000000004 -0.0013271681749418716 1.1574703445349582e-06
decision_type=2 2 2 2 2 2 2 2 2 2
left_child=8 2 5 -4 7 -2 -6 -3 -1 -10
right_child=1 4 3 -5 6 -7 -8 -9 9 -11
leaf_value=0.016874384082075845 0.0065390147117654956 -0.014058470828868137 0.014653633942384874 0.00027343862587351689 0.0067648949842397318 -0.0066067224177188497 -0.0047657278019961986 -0.003636069601808943 -0.0051670167256208368 0.010077188135689615
leaf_weight=6.8682733550667789 10.031968757510187 16.000796057283878 15.74440784007311 14.487562224268911 14.645075827836992 17.495895221829414 14.207586288452147 28.517435885965824 8.0686780139803904 9.220758341252802
leaf_count=46 44 70 72 64 64 76 63 125 44 57
internal_value=0.000482969 -0.000813045 0.00349801 0.00818396 -0.00428892 -0.00154442 0.000916571 -0.00774047 0.00750906 0.00274139
internal_weight=155.288 131.131 57.7598 30.232 73.3709 27.5279 28.8527 44.5182 24.1577 17.2894
internal_count=725 578 256 136 322 120 127 195 147 101
is_linear=0
shrinkage=0.02


Tree=169
num_leaves=8
num_cat=0
split_feature=25 25 40 34 40 46 35
split_gain=3.56777 4.63299 4.24199 6.61344 4.12613 2.59977 0.662848
threshold=0.0024074989339993289 0.0011778197060495089 24.04725000000008 0.92868996457352038 58.497500000000407 18.500000000000004 -4.1543665710508574e-05
decision_type=2 2 2 2 2 2 2
left_child=1 2 3 -1 -4 -3 -2
right_child=6 5 4 -5 -6 -7 -8
leaf_value=-0.00084442059349800651 0.0032594580299227095 -0.014186548602402647 -0.0069108323856645502 0.01230590917666371 0.0037697521603395063 -0.0003907700701054518 0.013126734978762203
leaf_weight=32.951890856027603 7.8701205253601101 12.575552158057691 34.434061929583549 26.178483180701733 22.849009275436401 10.797724127769468 8.5434119850397092
leaf_count=162 39 57 150 135 102 47 43
internal_value=0.000647565 -0.00037211 0.00123335 0.0049856 -0.00255604 -0.00833702 0.00919892
internal_weight=156.2 139.787 116.413 59.1304 57.2831 23.3733 16.4135
internal_count=735 653 549 297 252 104 82
is_linear=0
shrinkage=0.02


Tree=170
num_leaves=9
num_cat=1
split_feature=22 73 40 22 51 18 11 11
split_gain=3.63091 3.2884 3.57999 3.05663 2.89882 2.27288 2.88393 2.7479
threshold=-0.0062725018416233394 0 14.823124999999893 -0.0021777012879427987 1.0000000180025095e-35 1.0721192955601756e-12 7.1512651253494386e-05 6.4115436985004109e-05
decision_type=2 1 2 2 2 2 2 2
left_child=-1 5 4 -4 -3 6 -2 -7
right_child=1 2 3 -5 -6 7 -8 -9
leaf_value=-0.013445716968094698 -0.007791088889095416 0.012147588667632006 0.002757897129263779 -0.0072293680844444418 -0.00012343870093483637 0.018516544885075505 0.0059621681696601378 0.0028209194048408152
leaf_weight=7.3298486620187751 9.344798147678377 8.9912389144301397 14.730529204010962 48.060589596629143 29.513583172112703 7.3689785152673748 13.789714589715002 12.97188677638769
leaf_count=34 41 48 65 212 148 39 65 63
internal_value=-0.00059916 9.7884e-05 -0.00183478 -0.00478584 0.00282505 0.00467584 6.55295e-05 0.00938941
internal_weight=152.101 144.771 101.296 62.7911 38.5048 43.4754 23.1345 20.3409
internal_count=715 681 473 277 196 208 106 102
cat_boundaries=0 1
cat_threshold=4
is_linear=0
shrinkage=0.02


Tree=171
num_leaves=10
num_cat=0
split_feature=34 36 36 18 40 13 42 42 22
split_gain=3.88008 2.62062 9.31579 5.70749 4.34668 5.16137 4.55752 3.7246 2.15345
threshold=0.61458324985448309 0.089180110497236231 -0.23765033674870831 6.2210128039246137e-06 24.375000000000004 1.0000000180025095e-35 1.344949195825285 1.3296573778627945 -0.00025540334339702731
decision_type=2 2 2 2 2 2 2 2 2
left_child=8 2 7 -4 5 -3 -6 -2 -1
right_child=1 4 3 -5 6 -7 -8 -9 -10
leaf_value=0.00034407247997151876 0.014442880220543 0.018762371807503647 -0.0022330597456412752 -0.020159393433242183 0.010010131848256967 0 -0.0048445114512315262 0.0015271444830188799 -0.011578406605110199
leaf_weight=8.9240843281149882 13.533714160323141 14.62214992195368 25.896746598184109 9.5063886493444425 11.994230717420576 9.8086979389190656 21.481207519769669 27.173715062439442 13.012317359447477
leaf_count=40 63 78 114 42 54 52 93 139 58
internal_value=0.000885361 0.00220555 -0.000167687 -0.00763298 0.00537662 0.0116218 0.000439835 0.00620834 -0.00666302
internal_weight=155.953 134.017 76.1106 35.4031 57.9063 24.4308 33.4754 40.7074 21.9364
internal_count=733 635 358 156 277 130 147 202 98
is_linear=0
shrinkage=0.02


Tree=172
num_leaves=6
num_cat=1
split_feature=23 42 47 18 73
split_gain=4.00295 3.74464 3.45207 4.32801 3.10967
threshold=0.028300560257812631 9.542443064182196 1.0000000180025095e-35 2.3202505856887401e-06 0
decision_type=2 2 2 2 1
left_child=-1 2 4 -4 -2
right_child=1 -3 3 -5 -6
leaf_value=-0.017453124114161778 -0.0085803123537471805 0.011447908437401368 -0.0016880713892676389 0.0079710848802629422 0.0012345211604757199
leaf_weight=4.914873242378234 37.261066295206547 8.5798652879893762 65.787824876606464 24.478168398141861 17.660426467657089
leaf_count=25 167 54 304 115 80
internal_value=-0.00126797 -0.000602451 -0.00142905 0.000924178 -0.00535135
internal_weight=158.682 153.767 145.187 90.266 54.9215
internal_count=745 720 666 419 247
cat_boundaries=0 1
cat_threshold=2
is_linear=0
shrinkage=0.02


Tree=173
num_leaves=8
num_cat=0
split_feature=9 15 42 40 42 18 7
split_gain=3.53988 4.62166 3.91929 6.16132 2.50841 2.28931 4.36625
threshold=146.75000000000003 0.0011798075253832982 0.60894552723638196 82.898968749999781 1.0583727300645835 1.0721192955601756e-12 85.86875000000002
decision_type=2 2 2 2 2 2 2
left_child=1 5 -2 4 -4 6 -1
right_child=2 -3 3 -5 -6 -7 -8
leaf_value=0.0034899292894575266 0.013587479483822773 -0.012602406402245825 -0.0074096308952272599 -0.012361647553374993 0.0047021634158359808 0.0067201991068347369 -0.012609450821283254
leaf_weight=14.969664357602598 11.764701530337332 14.019454866647719 6.3039339780807486 10.006098568439482 71.374734900891781 13.80360312014818 10.339147157967089
leaf_count=68 59 64 27 42 347 69 44
internal_value=0.000915082 -0.00315979 0.00316164 0.00155771 0.0035613 0.000305036 -0.00308822
internal_weight=152.581 53.1319 99.4495 87.6848 77.6787 39.1124 25.3088
internal_count=720 245 475 416 374 181 112
is_linear=0
shrinkage=0.02


Tree=174
num_leaves=12
num_cat=0
split_feature=17 22 22 17 16 22 41 16 16 15 47
split_gain=4.46526 3.75163 6.33894 4.65111 4.64991 4.42317 3.73213 2.29359 2.28778 2.0443 1.37096
threshold=1.4190193229803522e-10 -0.00048632868827528118 -0.0021644304375318239 0.0006320095317802534 1.4674408724304798e-05 0.0015098226598237814 18.125000000000004 4.4014572074430423e-15 9.3103459916476167e-07 4.2606442981733122e-09 1.0000000180025095e-35
decision_type=2 2 2 2 2 2 2 2 2 2 2
left_child=6 2 4 10 -2 -5 -1 -8 -9 -4 -3
right_child=1 3 9 5 -6 -7 7 8 -10 -11 -12
leaf_value=-0.014976576678055822 -0.0051127419171972666 0.0055494424599855539 -0.0142011224030306 0.0089564744293074462 0.01077173950213766 -0.0045802977963605032 0.0063532867539950891 -0.012558916739295694 -0.00072440576974325775 -0.0011193401150381016 0.018070858463531951
leaf_weight=9.9047505557537061 10.648796036839487 8.9089184775948524 12.707593478262426 16.609038926661015 18.096044652163982 19.948865845799446 9.6145313531160337 8.5436688065528852 25.188826501369476 9.2599788755178434 11.747225970029831
leaf_count=41 52 42 57 85 90 91 45 38 116 40 60
internal_value=0.000212049 0.00258062 -0.00127643 0.00606563 0.00471142 0.00148472 -0.00443687 -0.00160986 -0.00416986 -0.00923683 0.0134531
internal_weight=161.178 107.926 50.7124 57.214 28.7448 36.5579 53.2518 43.347 33.7325 21.9676 20.6561
internal_count=757 517 239 278 142 176 240 199 154 97 102
is_linear=0
shrinkage=0.02


Tree=175
num_leaves=7
num_cat=1
split_feature=25 25 75 41 17 1
split_gain=3.109 4.47857 2.67298 4.24232 3.21635 2.0496
threshold=0.0026108343292645096 0.0011778197060495089 0 134.12500000000003 2.558527219974871e-08 37.500000000000007
decision_type=2 2 9 2 2 2
left_child=1 2 3 -1 -4 -3
right_child=-2 5 4 -5 -6 -7
leaf_value=0.0003338815172523267 0.009224265405742324 -0.015109571374814413 -0.00098261636692392024 -0.012952507605017188 0.0087248568080055353 -0.0027779513213639188
leaf_weight=58.682767823338509 13.370286285877226 9.4472320079803467 21.453419148921967 10.314001917839049 31.546860873699188 15.571162544190884
leaf_count=283 69 42 101 45 152 68
internal_value=0.000321925 -0.00050401 0.00105113 -0.00150778 0.00399848 -0.00806687
internal_weight=160.386 147.015 121.997 68.9968 53.0003 25.0184
internal_count=760 691 581 328 253 110
cat_boundaries=0 1
cat_threshold=11
is_linear=0
shrinkage=0.02


Tree=176
num_leaves=7
num_cat=0
split_feature=37 11 25 11 40 40
split_gain=3.43293 2.88936 2.16311 2.26429 2.96522 1.23029
threshold=1.0000000180025095e-35 5.3206325805162172e-05 -0.0027323834240441419 0.00025625866341891641 11.743906249999783 37.385624999999443
decision_type=2 2 2 2 2 2
left_child=1 -1 -2 4 -4 -3
right_child=2 5 3 -5 -6 -7
leaf_value=-0.0027719455219045825 -0.009233002428823028 0.01612074632560416 0.0039689883435605321 0.006260367502218608 -0.0035860417914635439 0.0035999521516398053
leaf_weight=7.3834675550460842 11.349404305219648 9.1583866477012652 26.970880158245564 16.361264452338219 75.706606611609459 7.7603767961263648
leaf_count=46 50 67 131 75 324 37
internal_value=1.71367e-05 0.00680016 -0.00124358 -0.000361293 -0.00152451 0.0112339
internal_weight=154.69 24.3022 130.388 119.039 102.677 16.9188
internal_count=730 150 580 530 455 104
is_linear=0
shrinkage=0.02


Tree=177
num_leaves=8
num_cat=0
split_feature=34 8 34 18 40 34 42
split_gain=4.59241 5.60757 2.87806 3.8835 4.28571 3.1218 2.64599
threshold=0.67337962757278957 190.47500000000002 0.81692329683618337 1.1896034644953427e-13 31.49925000000076 1.1507753278903581 2.6154503323770859
decision_type=2 2 2 2 2 2 2
left_child=1 -1 6 4 -4 -5 -2
right_child=2 -3 3 5 -6 -7 -8
leaf_value=0 0.012609294652930514 -0.017706837964158291 0.00024588757689718885 0.009031464684505261 -0.010276501576370351 -0.0010858990582343806 -0.00070244797753804674
leaf_weight=15.277233846485617 13.276713445782663 11.979792155325411 38.68640274554491 22.395385846495628 23.642880693078041 23.185506276786327 8.707489185035227
leaf_count=70 59 54 185 112 102 110 49
internal_value=-0.000710947 -0.00803994 0.000830805 -0.000481614 -0.00374999 0.00384346 0.00727457
internal_weight=157.151 27.257 129.894 107.91 62.3293 45.5809 21.9842
internal_count=741 124 617 509 287 222 108
is_linear=0
shrinkage=0.02


Tree=178
num_leaves=12
num_cat=0
split_feature=22 17 23 8 17 14 17 14 25 7 35
split_gain=3.88879 5.2885 5.1932 4.31734 3.40857 4.92564 3.36886 2.90338 2.22341 2.15923 1.42754
threshold=0.0012101530482455463 2.6823368450519749e-05 0.68773193152853596 212.42500000000004 0.0038485704992619082 1.1933419329965747e-05 2.491735470584021e-19 8.6521650092654088e-10 0.00074221985616789571 286.8562500000001 -1.0000000180025095e-35
decision_type=2 2 2 2 2 2 2 2 2 2 2
left_child=1 2 6 7 8 -6 -1 -3 -2 -5 -10
right_child=4 3 -4 9 5 -7 -8 -9 10 -11 -12
leaf_value=-0.0016427518324337999 0.015480544154517538 0.017299290389477057 0.0045027192467469827 -0.010798732242307882 0.0070135691949435612 -0.011510017297669229 -0.013923106685179813 0.0031894134582442176 -0.0011828920827219752 0.0013971843814843217 0.0087897107394709992
leaf_weight=15.741544060409067 12.215609245002272 7.99127268791199 12.746895909309385 9.2262308076024073 11.628967784345152 9.399129852652548 25.490769647061825 22.909850783646107 9.2924567013978994 11.326137147843836 10.444401592016217
leaf_count=69 61 40 60 41 55 45 113 114 45 54 49
internal_value=0.000451894 -0.00172734 -0.00608298 0.00275659 0.00485143 -0.00114036 -0.00952673 0.00745432 0.00889168 -0.00404635 0.00397447
internal_weight=158.413 105.433 53.9792 51.4535 52.9806 21.0281 41.2323 30.9011 31.9525 20.5524 19.7369
internal_count=746 491 242 249 255 100 182 154 155 95 94
is_linear=0
shrinkage=0.02


Tree=179
num_leaves=8
num_cat=0
split_feature=25 25 34 34 42 34 34
split_gain=3.16306 3.3408 2.64075 5.39951 3.64032 2.58223 2.36365
threshold=-0.0012538430540296108 0.0027575108064008245 0.6435185882628528 0.76239319071895906 1.8256466344448812 0.86195170426932888 1.2590398762814123
decision_type=2 2 2 2 2 2 2
left_child=5 2 4 -4 -2 -1 -7
right_child=1 -3 3 -5 -6 6 -8
leaf_value=0.013516622471371425 -0.017460448216363628 0.0088024839848928945 0.010392101164095446 -0.0029812760413691661 0 -0.0032243521993825675 0.0081501760551782182
leaf_weight=10.249228231608866 9.03930312395096 10.750548891723154 13.282758072018622 75.030143927782774 9.6465865522623044 15.105576246976854 11.916927166283129
leaf_count=49 38 55 64 348 46 75 59
internal_value=0.000338838 -0.00123395 -0.00237007 -0.00080883 -0.00902809 0.0053668 0.00168954
internal_weight=155.021 117.749 106.999 88.3129 18.6859 37.2717 27.0225
internal_count=734 551 496 412 84 183 134
is_linear=0
shrinkage=0.02


Tree=180
num_leaves=11
num_cat=0
split_feature=41 34 18 7 8 34 34 17 41 14
split_gain=4.98355 7.75058 3.52223 5.53751 5.39283 4.64556 3.5823 2.6005 2.20091 1.37662
threshold=94.625000000000014 0.86562138641118491 1.3365179461480611e-07 159.27500000000001 196.05000000000004 0.76239319071895906 0.88888772574382335 1.2761989868997821e-10 35.125000000000007 4.859643173132993e-08
decision_type=2 2 2 2 2 2 2 2 2 2
left_child=2 -2 3 5 -5 -1 -4 -3 -8 -9
right_child=1 7 6 4 -6 -7 8 9 -10 -11
leaf_value=0.0043158535513943457 -0.016992733004008109 0.0077264159221399342 0.015151347314564254 0.012577438173018375 -0.0015409575674636758 -0.010317277540314689 0.0091176269183168186 -0.009582460001450039 -0.0041302030176475256 0
leaf_weight=11.33149668574333 15.253668405115603 10.462335899472238 13.057078771293165 18.126262590289116 23.030248664319515 26.462555900216103 7.5412736311554935 8.8730174824595469 10.684736132621763 12.596177771687506
leaf_count=52 69 50 65 86 109 117 40 40 54 59
internal_value=-0.000347485 -0.00574989 0.00194196 -0.00025751 0.00468563 -0.00577712 0.00751475 0 0.00122833 -0.00398003
internal_weight=157.419 47.1852 110.234 78.9506 41.1565 37.7941 31.2831 31.9315 18.226 21.4692
internal_count=741 218 523 364 195 169 159 149 94 99
is_linear=0
shrinkage=0.02


Tree=181
num_leaves=10
num_cat=0
split_feature=35 42 42 1 35 14 1 41 17
split_gain=3.87906 3.427 7.45275 5.38508 4.75635 4.60046 3.38272 3.32151 2.49436
threshold=0.0024874796883188202 2.5422619047619048 1.2011235955056183 47.500000000000007 0.00025909989360582355 2.5819358337851008e-08 32.500000000000007 73.500000000000014 9.2570637875701816e-07
decision_type=2 2 2 2 2 2 2 2 2
left_child=1 2 4 -4 -1 6 -3 -7 -2
right_child=8 5 3 -5 -6 7 -8 -9 -10
leaf_value=0.0082004987968555838 -5.4540695410885739e-05 -0.013627241877538039 0.00064638103106530009 -0.013926758103461542 -0.0069201067220440587 0.013547949323691924 0.0025375661298342768 0.00076649789811505183 0.013466922180224748
leaf_weight=22.910043731331825 7.8986299559474018 8.5828112587332726 13.813962981104849 29.989023253321648 11.489508613944052 15.562581144273279 9.6477533206343651 18.340292621403933 11.999977447092531
leaf_count=103 38 43 60 127 51 91 47 93 60
internal_value=2.56167e-05 -0.00120843 -0.003868 -0.00928512 0.00292788 0.00266584 -0.00507359 0.00702559 0.00806677
internal_weight=150.235 130.336 78.2025 43.803 34.3996 52.1334 18.2306 33.9029 19.8986
internal_count=713 615 341 187 154 274 90 184 98
is_linear=0
shrinkage=0.02


Tree=182
num_leaves=10
num_cat=0
split_feature=47 36 41 22 7 13 36 36 16
split_gain=3.88572 3.54053 3.38312 5.14094 3.51352 3.14431 3.13519 2.90154 1.77072
threshold=1.0000000180025095e-35 0.21279831006675037 160.50000000000003 -0.00048632868827528118 142.12500000000003 1.0000000180025095e-35 0.4603189447844161 -0.27421597630651584 2.7062029387860477e-06
decision_type=2 2 2 2 2 2 2 2 2
left_child=1 7 3 5 -5 -2 -3 -1 -9
right_child=2 6 -4 4 -6 -7 -8 8 -10
leaf_value=-0.00085649464076880343 0.0026504116879931252 0.011006374084928773 -0.0081318819199465223 0 0.01112783825802491 -0.0080447630459570887 -0.0051639232615302852 -0.019514252786219329 -0.0069852738247228544
leaf_weight=15.164931192994116 21.665371529757977 7.8583744913339642 11.981988728046415 18.912118554115295 30.53036941960454 19.607981510460377 9.060089096426962 9.1865512430667895 15.893181927502154
leaf_count=73 100 36 54 91 154 88 46 40 71
internal_value=-0.000953145 -0.00510775 0.00132846 0.00271847 0.00703852 -0.00235879 0.00220717 -0.0083073 -0.0123769
internal_weight=159.861 57.1631 102.698 90.7158 49.4425 41.2734 16.9185 40.2447 25.0797
internal_count=753 266 487 433 245 188 82 184 111
is_linear=0
shrinkage=0.02


Tree=183
num_leaves=10
num_cat=1
split_feature=35 36 41 74 16 17 35 16 42
split_gain=5.13019 8.1811 4.33629 4.2453 4.20661 4.29426 4.09452 3.63692 4.09595
threshold=-0.0010694146701080126 0.093650347942447379 35.625000000000007 0 6.2581481724346901e-12 4.8287546841475679e-16 -0.0022499119206804063 0.93721958927316507 2.6867680173237125
decision_type=2 2 2 9 2 2 2 2 2
left_child=2 7 -1 6 -3 -6 -4 8 -2
right_child=1 4 3 -5 5 -7 -8 -9 -10
leaf_value=0.016970397768296463 0 0.011249247535065425 0.0054110808552360291 0.012579521145151576 -0.010559612014293705 0.0027868560466236254 -0.011315321927232684 -0.018959023263773342 -0.012795706477630878
leaf_weight=9.8955152183771116 26.344349786639214 15.426243640482424 10.388788521289827 9.2482517659664172 11.620067842304705 39.49225477874279 10.646096207201479 9.4139371961355192 15.86130331456661
leaf_count=51 112 73 53 42 54 194 51 40 76
internal_value=0 -0.00212556 0.00606299 0.00187847 0.00243366 -0.000276651 -0.00291146 -0.00805107 -0.00509669
internal_weight=158.337 118.158 40.1787 30.2831 66.5386 51.1123 21.0349 51.6196 42.2057
internal_count=746 549 197 146 321 248 104 228 188
cat_boundaries=0 1
cat_threshold=4
is_linear=0
shrinkage=0.02


Tree=184
num_leaves=11
num_cat=1
split_feature=9 9 40 46 9 34 3 2 86 16
split_gain=2.19487 3.61816 3.61317 3.44371 5.11008 2.5827 5.335 2.22298 1.72386 1.49514
threshold=144.38125000000002 84.350000000000009 25.516249999999676 19.500000000000004 203.18125000000001 0.92758879809038308 1.0000000180025095e-35 597.50000000000011 0 0.00016602624693488489
decision_type=2 2 2 2 2 2 2 2 9 2
left_child=1 8 5 4 -4 6 -2 -5 -1 -3
right_child=2 9 3 7 -6 -7 -8 -9 -10 -11
leaf_value=0.0050002368067576988 -0.0073166173915094569 -0.0025307074721643429 0.0072033483593044898 0.01038418413540019 -0.0077505104416786602 0.013175109794699111 0.01195267292918809 -0.0014332615850917183 -0.0039820366146347029 -0.015031540268238433
leaf_weight=15.428155787289143 11.070567354559898 8.2014382556080836 10.629612058401106 12.25373685359955 38.647492602467537 13.054073207080362 9.8014866337180138 10.363284423947333 16.648305185139179 11.177287414669989
leaf_count=74 56 38 47 53 170 78 53 47 76 49
internal_value=-0.000446561 -0.00382157 0.00115878 -0.00131936 -0.00432635 0.00646951 0.00159066 0.00488388 0.000177421 -0.0104192
internal_weight=157.275 51.4552 105.82 71.8941 49.2771 33.9261 20.8721 22.617 32.0765 19.3787
internal_count=741 237 504 317 217 187 109 100 150 87
cat_boundaries=0 1
cat_threshold=4
is_linear=0
shrinkage=0.02


Tree=185
num_leaves=8
num_cat=1
split_feature=2 72 17 25 14 40 17
split_gain=3.70954 5.41731 5.25423 4.66376 4.77464 3.95558 3.16678
threshold=652.50000000000011 0 2.6823368450519749e-05 -0.00056414288152879138 5.3197574504961411e-05 53.733468750000618 0.89872364846068009
decision_type=2 1 2 2 2 2 2
left_child=1 2 5 -3 -5 -1 -4
right_child=-2 3 6 4 -6 -7 -8
leaf_value=-0.0033675165815133315 -0.0085678132322249776 0.0059208211120576337 0.012716095243811903 -0.016998037680173089 -0.00056610779396934117 0.0094060018369168975 0.0018628004830860269
leaf_weight=37.414170101284981 14.140366174280642 10.426127545535563 32.175922624766827 13.918320350348951 15.091753952205179 11.960459589958189 18.58431962877512
leaf_count=174 69 53 158 63 68 53 89
internal_value=0.000776517 0.00182012 0.00411118 -0.00386706 -0.00895339 -2.88687e-05 0.00897117
internal_weight=153.711 139.571 100.135 39.4362 29.0101 49.3746 50.7602
internal_count=727 658 474 184 131 227 247
cat_boundaries=0 1
cat_threshold=9
is_linear=0
shrinkage=0.02


Tree=186
num_leaves=7
num_cat=0
split_feature=9 7 9 23 7 47
split_gain=4.44414 6.00881 5.18723 3.26531 3.14902 3.07424
threshold=340.21250000000003 297.89375000000007 243.46875000000003 0.48425806533042021 436.91875000000005 1.0000000180025095e-35
decision_type=2 2 2 2 2 2
left_child=1 2 5 -3 -2 -1
right_child=4 3 -4 -5 -6 -7
leaf_value=-0.0068980774733719613 0.015756404822319443 -0.019449088934843723 0.0096343894352641287 -0.0026894262970717057 0 0.0003408784233570607
leaf_weight=34.192148834466934 9.0571805760264414 10.278527937829496 16.611123129725456 10.172135852277277 11.153124265372751 65.928942207247019
leaf_count=159 48 45 79 49 52 310
internal_value=-0.000831354 -0.00216868 -0.000325069 -0.0119066 0.00763751 -0.00211572
internal_weight=157.393 137.183 116.732 20.4507 20.2103 100.121
internal_count=742 642 548 94 100 469
is_linear=0
shrinkage=0.02


Tree=187
num_leaves=9
num_cat=1
split_feature=25 25 72 36 42 17 2 41
split_gain=4.14016 5.89843 5.24124 4.28009 3.23047 2.95394 2.08716 1.90125
threshold=-0.00074864196697478136 -0.00044145158156810122 0 0.11119842330838604 2.3464352091564051 0.11201696855551453 607.50000000000011 97.750000000000014
decision_type=2 2 1 2 2 2 2 2
left_child=5 -2 3 -3 -4 6 7 -1
right_child=1 2 4 -5 -6 -7 -8 -9
leaf_value=0.0098088100770465335 -0.016358936643548018 -0.0010364417176178683 -0.013530027237821316 0.0090161090821277642 0 0.013333537674697764 -0.0038003517927705129 -0.00090061209362121708
leaf_weight=14.357169024646284 9.7331195771694166 43.486186169087887 18.458649083971981 25.717858098447323 9.8647131174802762 11.178072668612002 14.798279069364069 9.7402875721454603
leaf_count=71 44 200 79 124 52 57 72 44
internal_value=-9.44255e-06 -0.00226117 -0.000641579 0.00235379 -0.00656091 0.00464623 0.0017276 0.00537755
internal_weight=157.334 107.261 97.5274 69.204 28.3234 50.0738 38.8957 24.0975
internal_count=743 499 455 324 131 244 187 115
cat_boundaries=0 1
cat_threshold=9
is_linear=0
shrinkage=0.02


Tree=188
num_leaves=12
num_cat=0
split_feature=41 9 34 41 34 8 11 17 11 41 40
split_gain=2.73658 5.89458 4.47086 7.25249 4.38252 3.21313 3.84711 2.3008 1.59953 1.3333 0.4606
threshold=108.12500000000001 143.51250000000002 0.76239319071895906 25.625000000000004 0.86760845137613851 181.67500000000004 0.0001118598788774924 0.00047324937739800745 4.2745214385040514e-05 60.625000000000007 44.910156250000007
decision_type=2 2 2 2 2 2 2 2 2 2 2
left_child=1 2 8 -4 -2 9 -7 10 -1 -3 -6
right_child=4 5 3 -5 7 6 -8 -9 -10 -11 -12
leaf_value=-0.0013209270247220464 -0.014539730459350642 0.015494680054273466 0.0019339514396458943 -0.016159085593905283 0.0078182698100028713 -0.0032657101390189814 0.0081052306338326666 -0.0073163855269910453 0.009579108324863795 0.0038892691550680494 0.00070587306589300393
leaf_weight=8.2004658430814761 10.119116425514219 15.119235776364805 16.325059160590172 16.704976305365562 8.0655206441879326 21.524973936378956 23.397543668746948 9.1911590397357923 10.426524169743059 8.4970707222819311 10.028080031275747
leaf_count=37 47 75 76 79 40 103 114 42 48 41 43
internal_value=0.000655921 0.00215848 -0.00283509 -0.00724626 -0.00394674 0.00599502 0.00257363 0.000144907 0.0046519 0.0118905 0.004434
internal_weight=157.6 120.196 51.657 33.03 37.4039 68.5388 44.9225 27.2848 18.627 23.6163 18.0936
internal_count=745 573 240 155 172 333 217 125 85 116 83
is_linear=0
shrinkage=0.02


Tree=189
num_leaves=10
num_cat=1
split_feature=41 9 17 74 41 11 1 42 42
split_gain=4.63934 5.69378 4.8385 4.32723 4.12903 3.09506 2.35036 1.68544 1.38544
threshold=58.875000000000007 391.30625000000003 5.2464196409074605e-17 0 82.875000000000014 0.00016233517418726593 12.500000000000002 1.8591886005853613 1.6359453372626289
decision_type=2 2 2 9 2 2 2 2 2
left_child=2 3 8 4 -2 -5 -4 -8 -1
right_child=1 -3 6 5 -6 -7 7 -9 -10
leaf_value=-0.010265521447848574 -0.00026647902169708528 0.0092345792422873045 -0.0010080592020156277 0.007928555437204398 -0.013692926315588419 -0.0063057364282280374 0.0046416516355372054 0.013281553956624195 0
leaf_weight=9.8444077372550982 14.301985017955301 10.124791234731672 14.414621710777281 11.570923015475275 30.398148752748966 10.691757366061209 32.371441856026649 15.49914740771055 10.80556697398424
leaf_count=41 70 48 72 54 140 49 146 84 51
internal_value=-0.000370921 -0.00391014 0.00285466 -0.00609254 -0.0096282 0.000857344 0.00566474 0.00777631 -0.00521421
internal_weight=160.023 77.0876 82.9352 66.9628 44.7001 22.2627 62.2852 47.8706 20.65
internal_count=755 361 394 313 210 103 302 230 92
cat_boundaries=0 1
cat_threshold=4
is_linear=0
shrinkage=0.02


Tree=190
num_leaves=9
num_cat=0
split_feature=25 16 25 41 41 41 8 15
split_gain=4.76045 4.38574 3.21686 3.04457 4.65968 2.60534 4.28584 2.47705
threshold=0.00058647019033577987 1.0918141489631938e-11 0.00024652380974605641 21.375000000000004 34.125000000000007 89.000000000000014 217.90000000000003 1.584077138702989e-08
decision_type=2 2 2 2 2 2 2 2
left_child=2 -2 3 7 -5 6 -3 -1
right_child=1 5 -4 4 -6 -7 -8 -9
leaf_value=-0.012371845951295857 0.0031824975579112648 -0.0096479302773467487 0.011536111774005892 0.013576108423439705 -7.2589088591679408e-05 -0.016502701294193244 0.0057029156879968299 0.00067350613623015404
leaf_weight=11.183638945221903 15.413151636719702 23.850716784596443 10.239493064582346 10.955052141100166 56.160891734063625 12.362618684768675 8.9883134365081769 9.4025303274393064
leaf_count=50 69 110 50 56 268 58 44 42
internal_value=-0.0012221 -0.0056006 0.00145627 9.49909e-05 0.00223375 -0.00872945 -0.0052246 -0.00638038
internal_weight=158.556 60.6148 97.9416 87.7021 67.1159 45.2016 32.839 20.5862
internal_count=747 281 466 416 324 212 154 92
is_linear=0
shrinkage=0.02


Tree=191
num_leaves=9
num_cat=1
split_feature=42 2 60 42 42 1 73 15
split_gain=3.07137 3.57852 2.96728 3.18905 3.96705 2.66822 3.01531 1.75313
threshold=4.4758891771313793 612.50000000000011 1.0000000180025095e-35 2.7994104997168101 1.8591886005853613 17.500000000000004 0 3.8645754813473146e-16
decision_type=2 2 2 2 2 2 1 2
left_child=2 7 5 4 -4 -1 -7 -2
right_child=1 -3 3 -5 -6 6 -8 -9
leaf_value=-0.01337221800958339 0.0017152301687518689 -0.0037750130408385455 -0.0011522886074997007 -0.0077084654161163422 0.0093253571540516129 0.0057942647647281267 -0.006665906638498754 0.016187159429473751
leaf_weight=13.697848066687582 6.8788738213479581 9.6105242744088155 42.980690762400627 15.33077237010002 20.095367759466171 10.046337559819221 23.414203330874443 9.2419141158461553
leaf_count=60 43 61 189 73 90 44 101 55
internal_value=-0.000892176 0.00520912 -0.00222116 0.000102739 0.00218558 -0.00613144 -0.00269112 0.0108232
internal_weight=151.297 25.7313 125.565 78.4068 63.0761 47.1584 33.4605 16.1208
internal_count=716 159 557 352 279 205 145 98
cat_boundaries=0 1
cat_threshold=4
is_linear=0
shrinkage=0.02


Tree=192
num_leaves=12
num_cat=0
split_feature=41 12 42 7 18 36 41 41 35 36 16
split_gain=3.33569 5.52847 5.18663 4.04496 3.77936 3.74462 6.97837 2.90842 2.40149 1.86121 2.73163
threshold=63.375000000000007 1.1500000000000001 5.3586319590954874 137.92500000000004 1.0000000180025095e-35 0.077854512068392084 33.125000000000007 130.00000000000003 0.0018896995565564638 -0.20991795163605362 0.029335827841794265
decision_type=2 2 2 2 2 2 2 2 2 2 2
left_child=3 2 7 9 -3 6 -5 -2 -7 -1 -11
right_child=1 4 -4 5 -6 8 -8 -9 -10 10 -12
leaf_value=0.0043401239053748744 -0.0072633684036212945 -0.0054654280836356518 0.002659560052613199 0.012115272298688624 0.010089138749365779 0.019797514148073111 -0.0084917525488471968 -0.021236533653363449 0.0037797465126378623 -0.0089719539814577514 0.0024616627495699078
leaf_weight=11.300152480602263 23.770735047757626 9.2119516283273715 12.320289939641951 11.240266487002375 14.268878772854803 9.3766466528177279 13.077972806990145 9.4998477250337583 8.4851301535963994 20.496715940535069 11.989412292838095
leaf_count=52 106 42 71 55 66 46 63 40 43 93 54
internal_value=-0.000568536 -0.00384229 -0.00788724 0.00200679 0.00376773 0.00639256 0.000898463 -0.0119315 0.0131103 -0.00213252 -0.00462556
internal_weight=155.038 69.0717 45.5909 85.9663 23.4808 42.18 24.3182 33.2706 17.8618 43.7863 32.4861
internal_count=731 325 217 406 108 207 118 146 89 199 147
is_linear=0
shrinkage=0.02


Tree=193
num_leaves=7
num_cat=0
split_feature=62 14 14 17 17 42
split_gain=8.19488 2.69526 3.46341 3.69375 2.18449 1.85774
threshold=1.0000000180025095e-35 0.99790333993237701 0.93876048030810633 4.5223643338878098e-05 4.8287546841475679e-16 1.6359453372626289
decision_type=2 2 2 2 2 2
left_child=4 2 3 -2 -1 -6
right_child=1 -3 -4 -5 5 -7
leaf_value=0.0003321320615057095 -0.0047735387993168669 0.0073636624529554171 -0.011262729359845576 0.0026848762395544896 0.0048386410954948831 0.019646070300081021
leaf_weight=6.5711532831192043 45.576744377613068 13.341346547007559 12.690591558814047 60.235039532184601 7.5083903074264553 11.598963901400564
leaf_count=39 199 59 56 274 37 86
internal_value=0.00124076 -0.000756648 -0.00177503 -0.000486158 0.0113651 0.0146558
internal_weight=157.522 131.844 118.502 105.812 25.6785 19.1074
internal_count=750 588 529 473 162 123
is_linear=0
shrinkage=0.02


Tree=194
num_leaves=9
num_cat=0
split_feature=2 9 7 8 22 36 36 14
split_gain=2.45105 3.53622 3.17297 2.48609 2.06084 2.02692 2.74241 2.48526
threshold=652.50000000000011 145.64375000000004 72.987500000000026 80.850000000000009 -0.00026933211838529549 -0.23765033674870831 0.01511647333087575 0.0014825716332945349
decision_type=2 2 2 2 2 2 2 2
left_child=1 2 4 -4 -1 7 -7 -3
right_child=-2 5 3 -5 -6 6 -8 -9
leaf_value=0.0090064595457758842 -0.0070510233851721364 0.012897740207194294 -0.015032456289778284 -0.0021287510459629387 -0.0033362203934210999 -0.0046273636165876557 0.0042333312831298771 0.0010713513504558112
leaf_weight=10.043722599744799 13.838472507894037 16.735433615744117 9.6630528867244738 17.6142897605896 8.9361166507005674 18.74195472151041 44.512715362012386 14.191231511533259
leaf_count=46 68 86 44 79 42 85 209 71
internal_value=0.000618969 0.00146168 -0.00295408 -0.00728205 0.00301883 0.00370177 0.00148343 0.00786246
internal_weight=154.277 140.439 46.2572 27.2773 18.9798 94.1813 63.2547 30.9267
internal_count=730 662 211 123 88 451 294 157
is_linear=0
shrinkage=0.02


Tree=195
num_leaves=8
num_cat=0
split_feature=9 9 41 23 40 36 9
split_gain=3.28018 8.30175 4.95619 6.1539 4.19512 3.36077 3.64168
threshold=150.49375000000001 175.02500000000001 33.125000000000007 0.11543712503288962 19.877687500000324 -0.28270360218453655 77.58750000000002
decision_type=2 2 2 2 2 2 2
left_child=4 -2 -3 -4 5 -1 -7
right_child=1 2 3 -5 -6 6 -8
leaf_value=0.0099250127744545096 0.018567980337164565 0.011551017163483186 -0.017995416634578737 0.00031244910853194977 -0.013656171723699951 0.0013906937354443048 -0.011495442485437999
leaf_weight=8.6377156600356084 10.425246279686688 12.506325982511042 7.1699872240424147 67.011721339076757 11.691928207874296 21.985664203763008 12.732272848486899
leaf_count=46 56 61 32 316 50 102 59
internal_value=0.000292648 0.0025316 0.000344855 -0.0015931 -0.00352488 -0.000411178 -0.00335665
internal_weight=152.161 97.1133 86.688 74.1817 55.0476 43.3557 34.7179
internal_count=722 465 409 348 257 207 161
is_linear=0
shrinkage=0.02


Tree=196
num_leaves=10
num_cat=0
split_feature=17 15 42 42 36 36 14 14 13
split_gain=2.86139 4.65251 3.85847 3.73768 2.28182 4.22526 1.6637 1.41514 1.34326
threshold=9.2570637875701816e-07 0.038733424461256181 1.025322962146362 2.1966213209876453 0.41876493467997578 0.020354903593519862 0.6069209598895341 0.02956721239119409 -1.0000000180025095e-35
decision_type=2 2 2 2 2 2 2 2 2
left_child=2 4 -1 7 5 -2 -5 -4 -6
right_child=1 -3 3 6 8 -7 -8 -9 -10
leaf_value=0.0075423625038870522 0.0031911738180632962 0.014144472249166026 -0.014653499048837799 0.002614711801028553 0.012945919766413263 -0.0074895305899932508 -0.0070847642823965553 -0.0033426872735182046 0.00070573847012021438
leaf_weight=11.115129590034483 37.600931145250797 11.650071911513804 14.106311790645124 22.862195104360584 7.7755062505602828 22.826945930719376 9.0119239315390569 9.5841125845909101 8.1709708496928197
leaf_count=51 183 58 60 112 40 104 44 40 43
internal_value=0.000487047 0.00287267 -0.00256949 -0.00479592 0.000915148 -0.000802085 -7.72449e-05 -0.0106414 0.00743985
internal_weight=154.704 88.0244 66.6797 55.5645 76.3744 60.4279 31.8741 23.6904 15.9465
internal_count=735 428 307 256 370 287 156 100 83
is_linear=0
shrinkage=0.02


Tree=197
num_leaves=8
num_cat=0
split_feature=34 3 9 51 17 17 17
split_gain=4.14174 4.72413 3.09512 3.24879 4.05042 2.07891 1.63682
threshold=0.64870037340213527 1.0000000180025095e-35 340.21250000000003 1.0000000180025095e-35 8.4526054700370306e-31 4.5223643338878098e-05 0.00026344385391722803
decision_type=2 2 2 2 2 2 2
left_child=1 -1 3 5 -5 -2 -4
right_child=2 -3 6 4 -6 -7 -8
leaf_value=-0.014531599722361004 0 0.0027453065350541523 0.013807260415926772 -0.011696375448492103 -0.00057879760021569272 0.011515791916547528 0.00087181054981197816
leaf_weight=16.226371377706528 12.238352417945864 8.7552612200379389 8.5365720093250292 15.103691831231115 78.812404237687588 11.081027418375013 8.7049164772033674
leaf_count=74 59 40 43 66 374 61 45
internal_value=-0.00105367 -0.00837305 0.000313526 -0.000825972 -0.00253434 0.00562888 0.00801112
internal_weight=159.459 24.9816 134.477 117.235 93.9161 23.3194 17.2415
internal_count=762 114 648 560 440 120 88
is_linear=0
shrinkage=0.02


Tree=198
num_leaves=10
num_cat=0
split_feature=40 3 36 1 1 14 8 18 8
split_gain=4.33241 2.80881 4.28442 3.58024 3.15456 2.95655 1.92379 1.66068 1.46748
threshold=5.8750000000000009 1.0000000180025095e-35 -0.23929275215908744 17.500000000000004 52.500000000000007 2.5593005947771402e-11 51.525000000000006 2.5938577839142166e-34 181.67500000000004
decision_type=2 2 2 2 2 2 2 2 2
left_child=6 3 7 8 -5 -4 -1 -3 -2
right_child=1 2 5 4 -6 -7 -8 -9 -10
leaf_value=0.0017320392240247093 -0.0024324293925234697 0.0015714155851911087 -0.0089595499297520659 0.0067527852237652744 -0.003404296770292946 0.0021430559789764516 0.018224039968234258 0.015620166363582291 -0.014651879361480958
leaf_weight=6.4734587296843511 8.2357375547289866 6.6746084615588215 11.915295824408529 15.618016824126242 44.34054633975029 35.336308792233467 6.292982529848814 10.057983830571173 11.936449475586413
leaf_count=33 38 36 51 77 199 154 48 57 55
internal_value=0.000282818 -0.00069738 0.00235354 -0.00320647 -0.000592776 -0.000659968 0.0110306 0.0107591 -0.0102969
internal_weight=156.881 144.115 63.9842 80.1308 59.9586 47.2516 12.7664 16.7326 20.1722
internal_count=748 667 298 369 276 205 81 93 93
is_linear=0
shrinkage=0.02


Tree=199
num_leaves=5
num_cat=0
split_feature=42 25 16 14
split_gain=4.29747 3.72818 2.87089 3.38048
threshold=0.46233558417808346 0.0027247921921447226 5.0103027376868295e-28 0.0018818240750434476
decision_type=2 2 2 2
left_child=-1 2 -2 -4
right_child=1 -3 3 -5
leaf_value=0.01158501698627701 0.0064641272429055464 0.010066224877370522 -0.0064098372020457827 0.00013384787824568032
leaf_weight=9.8864822238683683 12.058397427201269 9.3287932649254781 64.508451767265797 57.512778475880623
leaf_count=50 57 49 299 272
internal_value=-0.000476772 -0.00142432 -0.00233681 -0.00330079
internal_weight=153.295 143.408 134.08 122.021
internal_count=727 677 628 571
is_linear=0
shrinkage=0.02


Tree=200
num_leaves=8
num_cat=0
split_feature=35 22 36 15 36 35 16
split_gain=4.24608 2.96131 4.40638 4.39583 2.62196 3.94596 1.4714
threshold=-0.0022633806620099865 0.00016212419570264941 -0.39491422563419248 5.890358420951232e-09 0.65474721317638684 0.00085130616663460881 0.0005702365458495883
decision_type=2 2 2 2 2 2 2
left_child=6 2 -2 -4 5 -3 -1
right_child=1 4 3 -5 -6 -7 -8
leaf_value=0.01269188440386637 -0.016868176642473226 -0.00098839853216851122 -0.0077098777264566721 0.0024070388797786967 -0.0083927351129607763 0.010125235402252505 0.0012497347325566691
leaf_weight=9.4271630197763461 10.001581046730278 39.032230503857136 34.854372791945934 31.0423623919487 9.4746790751814824 17.362182140350342 10.647047631442545
leaf_count=50 47 182 158 143 48 85 52
internal_value=-0.00106572 -0.00232854 -0.00500508 -0.00288961 0.000694527 0.00244542 0.00725513
internal_weight=161.842 141.767 75.8983 65.8967 65.8691 56.3944 20.0742
internal_count=765 663 348 301 315 267 102
is_linear=0
shrinkage=0.02


Tree=201
num_leaves=9
num_cat=1
split_feature=18 73 22 17 17 11 11 16
split_gain=3.90483 6.13749 5.5314 5.27993 2.53575 2.33591 2.90654 4.38287
threshold=8.6381023627253707e-08 0 -0.0020398766268829136 5.5095671244316248e-08 3.344884019696417e-11 0.00024658997056546352 0.00016693550040881879 1.1347014596964864e-14
decision_type=2 1 2 2 2 2 2 2
left_child=5 4 -3 -4 -2 6 7 -1
right_child=1 2 3 -5 -6 -7 -8 -9
leaf_value=0.0088634196001207647 0.0025039545886498568 0.010574438132813453 -0.016794410142823481 0.001700311034127564 0.018776305302304331 0.0042617348267287294 -0.012849193731340015 -0.0045115591565689228
leaf_weight=10.137249320745466 7.7761981412768391 9.0667677819728869 10.518818333745005 11.842954415827988 10.264725353568791 13.331165611743925 12.952710419893263 71.780113387852907
leaf_count=47 37 43 48 61 55 64 60 332
internal_value=-0.000980158 0.00357287 -0.00163943 -0.00708913 0.0125774 -0.0031304 -0.00426534 -0.00269712
internal_weight=157.671 49.4695 31.4285 22.3618 18.0409 108.201 94.8701 81.9174
internal_count=747 244 152 109 92 503 439 379
cat_boundaries=0 1
cat_threshold=4
is_linear=0
shrinkage=0.02


Tree=202
num_leaves=11
num_cat=0
split_feature=42 47 16 9 0 18 22 25 42 18
split_gain=3.0605 4.59741 4.76903 4.37633 4.24836 3.63979 3.50321 5.16687 2.60564 1.47369
threshold=1.8134805553707973 1.0000000180025095e-35 0.00028144261869367807 275.27500000000003 9.5000000000000018 1.8299657759954872e-27 -0.0047581017738242319 -0.0012538430540296108 1.2189178025609255 2.1510240896079363e-12
decision_type=2 2 2 2 2 2 2 2 2 2
left_child=1 4 9 6 -1 -5 -2 -8 -4 -3
right_child=3 2 8 5 -6 -7 7 -9 -10 -11
leaf_value=-0.017293752215902673 -0.0073921611488235867 0.0015283782014994798 0 0.0031992578645164593 -0.00010489764318250558 -0.011042650093054076 0.020142726013598899 0.0037906706047769996 -0.013020773472373308 0.013158961095515148
leaf_weight=13.507415175437927 6.3998965099453917 10.485096871852877 16.803022764623169 12.190661892294886 10.7334373742342 13.978746093809603 9.1343923956155759 42.681049644947052 9.3265152126550657 9.1952969133853895
leaf_count=57 31 45 75 61 47 67 50 222 40 43
internal_value=-0.000265307 -0.00336445 0.000279248 0.00224641 -0.0102262 -0.00431385 0.0053198 0.00711373 -0.00511035 0.00762621
internal_weight=154.436 70.0508 45.8099 84.3847 24.2409 26.1694 58.2153 51.8154 26.1295 19.6804
internal_count=738 307 203 431 104 128 303 272 115 88
is_linear=0
shrinkage=0.02


Tree=203
num_leaves=9
num_cat=0
split_feature=35 36 1 14 7 9 25 18
split_gain=4.86709 4.57873 5.42213 4.32099 3.02188 5.62144 2.92807 1.67057
threshold=-0.0022499119206804063 0.11119842330838604 32.500000000000007 0.032792806595734802 372.33750000000003 281.95625000000007 -0.00014799002586170915 5.1458831879931161e-10
decision_type=2 2 2 2 2 2 2 2
left_child=6 2 7 -4 5 -3 -1 -2
right_child=1 4 3 -5 -6 -7 -8 -9
leaf_value=0.017247884568468132 -0.01619853084407237 0.0029075573727711519 -0.0053006767786146318 0.0076722911565774189 0.012484994798453677 -0.013683123726087107 0.0012420396108719747 -0.0039149118874343865
leaf_weight=7.7816981412470367 17.271673031151298 46.631085358560085 30.808237083256245 14.013342246413229 8.125888027250765 8.8591512069106084 11.786379359662531 8.8318126574158651
leaf_count=42 75 226 142 64 42 41 60 43
internal_value=-0.000586771 -0.00199467 -0.0054763 -0.00103485 0.00181878 0 0.00842796 -0.0125617
internal_weight=154.109 134.541 70.9251 44.8216 63.6161 55.4902 19.5681 26.1035
internal_count=735 633 324 206 309 267 102 118
is_linear=0
shrinkage=0.02


Tree=204
num_leaves=6
num_cat=1
split_feature=40 36 74 3 41
split_gain=3.89713 3.51275 3.09834 6.16711 6.14526
threshold=5.4688437500008158 -0.64545352272159617 0 1.0000000180025095e-35 60.625000000000007
decision_type=2 2 9 2 2
left_child=-1 -2 3 -3 -4
right_child=1 2 4 -5 -6
leaf_value=0.01149953984585594 0.0074697482459997501 -0.0085790826262549143 -0.0080167090269826023 0.00122627975453863 0.0094021668117697504
leaf_weight=8.7209123708307725 14.266661174595354 57.570945478975773 11.968079112470152 43.575809367001057 20.009001277387142
leaf_count=56 75 264 55 199 92
internal_value=-0.000702875 -0.00153794 -0.00259651 -0.00432537 0.00265544
internal_weight=156.111 147.39 133.124 101.147 31.9771
internal_count=741 685 610 463 147
cat_boundaries=0 1
cat_threshold=4
is_linear=0
shrinkage=0.02


Tree=205
num_leaves=8
num_cat=0
split_feature=42 15 16 16 42 34 16
split_gain=3.69648 3.44569 2.32325 3.84069 2.52436 2.00824 1.6634
threshold=4.4758891771313793 0.98736092475601422 6.2581481724346901e-12 6.0808495488700933e-08 1.8388916021282713 0.92868996457352038 3.3570411195630631e-05
decision_type=2 2 2 2 2 2 2
left_child=1 2 4 -4 -1 -2 -7
right_child=5 -3 3 -5 -6 6 -8
leaf_value=0.011034676146791796 0.00034962565155546041 -0.011849163670146236 -0.013793777165652159 -0.00020627023621870081 -0.0017109551287308818 0.0030115584783500923 0.018345448278789481
leaf_weight=12.753301024436952 12.149891532957556 10.134967833757399 8.2962000221014005 89.653925612568855 9.6300651878118497 6.8187703378498536 6.9928681775927544
leaf_count=57 75 44 36 401 43 42 44
internal_value=0.000149169 -0.00119643 -0.000159505 -0.00154552 0.00545583 0.00692754 0.0118947
internal_weight=156.43 130.468 120.333 97.9501 22.3834 25.9615 13.8116
internal_count=742 581 537 437 100 161 86
is_linear=0
shrinkage=0.02


Tree=206
num_leaves=7
num_cat=0
split_feature=35 40 11 9 22 14
split_gain=4.80205 5.34446 3.89767 4.19389 3.43651 2.93734
threshold=-0.0033338405573105426 7.5780937500003356 0.00024460875408646146 291.40000000000003 -0.00048632868827528118 0.00013413436679514141
decision_type=2 2 2 2 2 2
left_child=-1 5 4 -4 -3 -2
right_child=1 2 3 -5 -6 -7
leaf_value=0.014409141946716315 0.00024262308498179726 -0.0071135188324676591 0.014821914580688449 -0.0018237302285489213 0 0.015662190356029962
leaf_weight=8.9604792743921262 9.6570958718657511 46.757511600852013 10.105586171150209 11.699306100606917 59.172047257423401 11.330605577677487
leaf_count=48 55 208 49 60 268 71
internal_value=0.000963408 2.24029e-05 -0.00149421 0.00593934 -0.0031217 0.00917376
internal_weight=157.683 148.722 127.734 21.8049 105.93 20.9877
internal_count=759 711 585 109 476 126
is_linear=0
shrinkage=0.02


Tree=207
num_leaves=7
num_cat=0
split_feature=9 17 2 25 15 15
split_gain=4.8772 4.75439 3.3802 2.2724 2.22995 3.96465
threshold=391.30625000000003 5.2464196409074605e-17 652.50000000000011 -0.0028774104358336035 3.5573507817838787e-22 0.0024457159654402128
decision_type=2 2 2 2 2 2
left_child=1 4 3 -3 -1 -6
right_child=-2 2 -4 -5 5 -7
leaf_value=8.0097271049646163e-05 0.01281965762822797 -0.0068371796104293179 -0.0081640809076550941 0.0041811281956495444 -0.018803570030579999 -0.0015323894632706912
leaf_weight=12.371916018426417 12.027511581778525 6.8639054596424094 10.285300761461256 91.915651109069586 9.9312588050961512 12.370867080986498
leaf_count=55 59 32 51 441 45 58
internal_value=0.00110122 0 0.00209505 0.00329452 -0.00630613 -0.00995772
internal_weight=155.766 143.739 109.065 98.7796 34.674 22.3021
internal_count=741 682 524 473 158 103
is_linear=0
shrinkage=0.02


Tree=208
num_leaves=7
num_cat=0
split_feature=42 40 40 17 35 42
split_gain=5.03398 3.69673 5.28803 7.11622 4.35595 4.34922
threshold=0.27660084315377137 45.227000000000778 58.497500000000407 0.0038485704992619082 0.0025821874088088979 1.8134805553707973
decision_type=2 2 2 2 2 2
left_child=-1 4 -3 -4 5 -2
right_child=1 2 3 -5 -6 -7
leaf_value=0.018241845333474775 -0.0054115431434630995 -0.01591350870570812 0.0064754367898022282 -0.012154769417252183 0.013719684767818848 0.0030567194703663863
leaf_weight=4.8093864992260924 37.239845812320709 12.782707989215849 19.386107936501503 12.639143407344816 9.1101639419794065 65.338922820985317
leaf_count=26 158 55 86 56 52 334
internal_value=-3.56018e-06 -0.000714629 -0.0055253 -0.000840923 0.00119401 0
internal_weight=161.306 156.497 44.808 32.0253 111.689 102.579
internal_count=767 741 197 142 544 492
is_linear=0
shrinkage=0.02


Tree=209
num_leaves=10
num_cat=0
split_feature=8 17 22 41 7 7 18 18 8
split_gain=3.03078 4.68983 5.21312 3.02473 4.46725 5.39021 3.72856 3.34302 4.38496
threshold=94.375000000000014 7.6127798526139565e-16 0.00061442111662512674 49.000000000000007 219.34375000000003 378.47500000000008 2.3321842788104166e-26 3.1460499614754128e-08 149.07500000000002
decision_type=2 2 2 2 2 2 2 2 2
left_child=1 -1 -3 7 6 -6 -5 8 -2
right_child=3 2 -4 4 5 -7 -8 -9 -10
leaf_value=-0.015516696771734345 -0.008943824867624333 0.0076066062269025915 -0.0097080485227986971 -0.0014235501693596006 -0.0073057468412424508 0.0058970458886384216 0.013454934041760007 0.015371463456113945 0.0079791095492447416
leaf_weight=10.273037619888781 8.2222936674952525 14.666606374084951 11.507355954498051 11.192983485758306 40.833792053163052 16.223160289227962 13.276351045817135 10.91433624178171 16.607404220849276
leaf_count=46 37 71 54 52 186 80 69 58 80
internal_value=0.000185149 -0.00473129 0 0.00179097 -0.000282713 -0.0034115 0.00662483 0.00656296 0.00201353
internal_weight=153.717 36.447 26.174 117.27 81.5263 57.057 24.4693 35.744 24.8297
internal_count=733 171 125 562 387 266 121 175 117
is_linear=0
shrinkage=0.02


Tree=210
num_leaves=8
num_cat=0
split_feature=34 22 11 11 34 22 41
split_gain=3.4835 3.03358 6.08933 4.64229 2.98854 3.38406 2.59596
threshold=0.60801214488694466 9.9516798868877626e-05 0.00023489138314708623 6.4115436985004109e-05 0.73287623163465121 0.00059374027344733069 25.625000000000004
decision_type=2 2 2 2 2 2 2
left_child=6 2 3 -2 -3 -6 -1
right_child=1 4 -4 -5 5 -7 -8
leaf_value=-0.015537845880435731 0.0013235079369226482 0.01407077199925845 0.0094429753798225113 -0.0097204090143360837 0.014063641125440576 -0.00028574479551201276 -0.00094213612675374844
leaf_weight=9.7673158869147318 23.581479359418154 7.8793430067598811 12.357172958552836 37.042199656367302 6.4057253077626219 52.188330072909594 10.892628662288187
leaf_count=43 114 40 61 170 32 255 51
internal_value=-0.0010535 6.24537e-05 -0.00269151 -0.0053754 0.00317003 0.00139197 -0.00851828
internal_weight=160.114 139.454 72.9809 60.6237 66.4734 58.5941 20.6599
internal_count=766 672 345 284 327 287 94
is_linear=0
shrinkage=0.02


Tree=211
num_leaves=12
num_cat=0
split_feature=40 17 23 14 40 40 17 15 23 23 15
split_gain=4.14772 5.22272 5.61583 3.7982 3.63983 4.29573 4.1822 3.2487 2.44728 1.63455 1.38963
threshold=25.516249999999676 7.3950955939610482e-07 0.15266377996596539 0.021974982535504037 55.29493749999893 45.98512499999925 0.10692879641452063 2.7681442821180214e-25 0.49048136727773256 0.33424697232855283 6.35665062512351e-05
decision_type=2 2 2 2 2 2 2 2 2 2 2
left_child=1 3 -3 9 5 6 -2 -6 -4 -1 -9
right_child=4 2 8 -5 7 -7 -8 10 -10 -11 -12
leaf_value=-0.0023113357670387436 0.0013458922821288652 0.019893560796261561 -0.0011723163682443886 -0.0099301111013207245 -0.005518441429507988 -0.018598058387312072 -0.013172854551330649 0.011709809155658888 0.0092168398175843623 0.0093312258390277052 0.00049364230384885447
leaf_weight=8.288922920823099 21.948150739073753 10.017531041055916 20.305158972740173 15.580292098224161 14.86553782224655 9.7838974297046644 10.802086934447287 9.2936670407652873 14.035240724682806 8.144423656165598 9.9964036047458631
leaf_count=40 96 56 102 74 67 42 47 42 79 43 46
internal_value=-0.000316336 0.00292089 0.00733673 -0.00305284 -0.00361346 -0.00746864 -0.0035135 0.00109263 0.0030447 0.00331886 0.00650393
internal_weight=153.061 76.3716 44.3579 32.0136 76.6897 42.5341 32.7502 34.1556 34.3404 16.4333 19.2901
internal_count=734 394 237 157 340 185 143 155 181 83 88
is_linear=0
shrinkage=0.02


Tree=212
num_leaves=9
num_cat=0
split_feature=16 60 11 34 16 9 18 14
split_gain=2.85524 3.96088 4.46706 3.25297 3.20656 3.08872 2.18666 1.7007
threshold=6.2581481724346901e-12 1.0000000180025095e-35 0.00018935740367905299 0.63588708063527921 0.00011351765921777895 276.41250000000008 6.6667990508625023e-10 0.00034493471501211188
decision_type=2 2 2 2 2 2 2 2
left_child=5 4 3 -3 -2 7 -6 -1
right_child=1 2 -4 -5 6 -7 -8 -9
leaf_value=0.0025615186797151956 0.0031240767379082691 -0.0098164166537052528 0.012166609338903438 0.0018394779827954899 -0.011493363702801376 -0.0033948718864874289 -0.00078459760917524437 0.014151104458165196
leaf_weight=10.98925903439522 12.503495097160338 10.619328550994394 13.244836457073687 52.996742248535156 24.359678961336613 9.2477003931999189 12.931394368410109 13.211647890508173
leaf_count=51 63 48 65 253 111 44 64 65
internal_value=0.000592139 -0.00074917 0.00203667 -0.000135173 -0.00512284 0.00571958 -0.00805406 0.00943701
internal_weight=160.104 126.655 76.8609 63.6161 49.7946 33.4486 37.2911 24.2009
internal_count=764 604 366 301 238 160 175 116
is_linear=0
shrinkage=0.02


Tree=213
num_leaves=8
num_cat=0
split_feature=25 11 15 25 9 9 36
split_gain=2.98106 2.1046 8.25189 3.62321 2.68567 5.34499 2.35552
threshold=0.0026869726759672975 5.5670141607114795e-05 0.0068400664464575755 -0.00039265229160622328 144.38125000000002 175.02500000000001 0.029773195780096153
decision_type=2 2 2 2 2 2 2
left_child=1 2 3 -1 6 -6 -3
right_child=-2 4 -4 -5 5 -7 -8
leaf_value=-0.0013793640012540909 0.0082391993197953612 -0.0010839355842873395 -0.012023472834485179 0.012452242680624928 0.013636130290300788 -0.0030732326789590222 -0.015410463317414554
leaf_weight=10.425543051213028 12.901746578514574 9.3539483398199099 10.62768793851137 20.009029392153025 7.5181556493043891 70.293880239129066 10.828943982720373
leaf_count=52 66 42 48 97 40 330 49
internal_value=-0.000535287 -0.00144524 0.00223584 0.00763012 -0.00305531 -0.00123012 -0.00941857
internal_weight=151.959 139.057 41.0623 30.4346 97.9949 77.812 20.1829
internal_count=724 658 197 149 461 370 91
is_linear=0
shrinkage=0.02


Tree=214
num_leaves=6
num_cat=0
split_feature=40 2 37 14 35
split_gain=2.99511 4.30428 3.69775 4.29304 1.30653
threshold=5.4688437500008158 652.50000000000011 1.0000000180025095e-35 0.0092859476860875697 0.0011058079263033458
decision_type=2 2 2 2 2
left_child=-1 2 4 -4 -2
right_child=1 -3 3 -5 -6
leaf_value=0.010091087446649057 0.013479217283866451 -0.012143062230624625 -0.0044243711738337979 0.0032656377531632176 0.0017706027185237913
leaf_weight=9.556073594838379 8.910429712384941 11.531853862106798 68.660637646913528 48.143898777663708 8.9752060547471029
leaf_count=58 57 55 302 215 51
internal_value=-0.000153875 -0.000928166 7.02233e-05 -0.001203 0.00832627
internal_weight=155.778 146.222 134.69 116.805 17.8856
internal_count=738 680 625 517 108
is_linear=0
shrinkage=0.02


Tree=215
num_leaves=5
num_cat=0
split_feature=23 40 2 42
split_gain=5.04199 2.57263 2.28512 3.0196
threshold=0.03120156332238239 5.1763749999990987 662.50000000000011 0.44754218635363174
decision_type=2 2 2 2
left_child=-1 -2 3 -3
right_child=1 2 -4 -5
leaf_value=-0.017054612976290365 0.011271951145616433 0.012053478726421703 -0.0089991762898602324 6.2528845842628193e-05
leaf_weight=5.5310848839581004 7.9952370449900618 8.0799161493778211 8.9708697833120805 127.19621378555894
leaf_count=28 49 42 43 594
internal_value=0.00011173 0.000881773 0.000190923 0.000905959
internal_weight=157.773 152.242 144.247 135.276
internal_count=756 728 679 636
is_linear=0
shrinkage=0.02


Tree=216
num_leaves=9
num_cat=0
split_feature=42 17 17 16 15 36 41 1
split_gain=6.45428 5.43094 6.33296 3.92224 3.72518 3.51291 3.16218 2.2512
threshold=1.8134805553707973 0.98951363993119179 2.6823368450519749e-05 9.2610004373507298e-11 3.2591300238715557e-11 -0.50710188206829798 15.875000000000002 17.500000000000004
decision_type=2 2 2 2 2 2 2 2
left_child=3 2 4 -1 -2 -5 -7 -4
right_child=1 -3 7 5 -6 6 -8 -9
leaf_value=0.0052197303263339717 0.0084900999851260216 -0.0070742415666361757 0.0043474328026019164 0.0055776388680600078 -0.0032922656426541768 0 -0.010826984291822746 0.018342194951336044
leaf_weight=15.709842279553412 18.12929630279541 11.521617922931908 8.6484932228922862 8.1618006527423841 22.74472238868475 14.09740227460861 35.399595230817795 18.667598001658916
leaf_count=70 89 59 45 39 109 61 153 103
internal_value=0.000995069 0.00493544 0.00712427 -0.00321409 0.00186836 -0.00566408 -0.00771035 0.0144332
internal_weight=153.08 79.7117 68.1901 73.3686 40.874 57.6588 49.497 27.3161
internal_count=728 405 346 323 198 253 214 148
is_linear=0
shrinkage=0.02


Tree=217
num_leaves=10
num_cat=0
split_feature=47 41 18 18 36 22 35 34 41
split_gain=3.60873 3.58823 4.89332 3.62991 3.47923 4.56813 3.16279 2.99914 0.584332
threshold=1.0000000180025095e-35 9.6250000000000018 2.3202505856887401e-06 0.0019900984525070865 0.11119842330838604 -0.0013028695858044311 -0.0013570144542039955 1.3658633475879205 34.625000000000007
decision_type=2 2 2 2 2 2 2 2 2
left_child=4 -2 7 -4 6 -6 -1 -3 -8
right_child=1 2 3 -5 5 -7 8 -9 -10
leaf_value=-9.6532620129585747e-05 0.01357311469357517 -0.00083695912079521223 0.01463248613445811 0 -0.0094187391778311584 0.0076194878502881102 -0.007271219897547079 -0.01207186081464025 -0.017037889068268953
leaf_weight=11.56368827819824 7.5148462504148474 54.990820482373238 12.214071623981001 15.270815335214136 9.5266595110297221 14.504574857652186 9.6533940136432665 10.943083509802817 12.155280373990534
leaf_count=62 34 263 62 72 41 76 42 49 54
internal_value=-0.00108712 0.00114395 0 0.00695355 -0.00506519 0.000518914 -0.00915893 -0.00294376 -0.0134862
internal_weight=158.337 100.934 93.4188 27.4849 57.4036 24.0312 33.3724 65.9339 21.8087
internal_count=755 480 446 134 275 117 158 312 96
is_linear=0
shrinkage=0.02


Tree=218
num_leaves=9
num_cat=0
split_feature=41 47 22 17 17 0 42 40
split_gain=3.7765 3.62801 4.05014 4.95536 3.91042 3.08916 4.89684 3.87804
threshold=160.50000000000003 1.0000000180025095e-35 0.00098990220155217011 9.2570637875701816e-07 0.035784654961052299 9.5000000000000018 2.6473208202954468 17.769624999999909
decision_type=2 2 2 2 2 2 2 2
left_child=1 5 3 -3 -4 6 -1 -7
right_child=-2 2 4 -5 -6 7 -8 -9
leaf_value=-0.012834948109688002 -0.0081704003989235257 -0.0046594386721290565 0.018311897904399167 0.0061668802690769435 0.00081903315508488627 -0.0055539366462719958 0.0041919098563977424 0.010040771722250954
leaf_weight=18.556842356920246 17.073755018413067 28.885029099881649 12.346278313547375 37.294392358511686 9.662640728056429 10.924850210547449 9.0443539880216104 12.259165629744528
leaf_count=79 79 131 66 183 46 55 50 55
internal_value=0.000384373 0.00152911 0.00399198 0.00135323 0.0112621 -0.0026263 -0.00709432 0.00251829
internal_weight=156.047 138.974 88.1883 66.1794 22.0089 50.7852 27.6012 23.184
internal_count=744 665 426 314 112 239 129 110
is_linear=0
shrinkage=0.02


Tree=219
num_leaves=11
num_cat=0
split_feature=18 16 2 42 42 11 11 34 14 40
split_gain=5.05271 3.88714 5.11477 5.22124 4.58848 3.45757 5.2207 3.67337 2.6116 2.62305
threshold=1.3284661495816463e-06 0.06320268957109533 612.50000000000011 2.5422619047619048 2.3569044925428111 0.00010583987719013891 6.3134564959228944e-05 0.90695746517077647 0.019351471192010639 14.823124999999893
decision_type=2 2 2 2 2 2 2 2 2 2
left_child=1 2 3 -1 -4 6 -2 -7 9 -3
right_child=5 8 4 -5 -6 7 -8 -9 -10 -11
leaf_value=-0.0071243016584568754 0.0095260483261776323 0.0061452596235806716 -0.0036734623056516365 0.0062162637256283687 -0.024059345474181329 0.00054482402245101258 -0.0082028317042785754 0.018865582417407569 0.0094840910953174432 -0.0057658056704238056
leaf_weight=29.990443021059036 11.555816236883404 10.582629520446064 10.104534618556501 17.588065296411514 9.0533460676670057 8.3823938965797442 13.102343030273913 10.31307329982519 11.741234414279459 18.732056938111782
leaf_count=129 61 54 45 95 47 39 62 53 55 82
internal_value=-0.000494211 -0.00284634 -0.00581528 -0.00204282 -0.0143204 0.00515105 0 0.0114006 0.00186052 -0.0012071
internal_weight=151.146 107.792 66.7364 47.5785 19.1579 43.3536 24.6582 18.6955 41.0559 29.3147
internal_count=722 507 316 224 92 215 123 92 191 136
is_linear=0
shrinkage=0.02


Tree=220
num_leaves=7
num_cat=0
split_feature=2 22 34 42 34 34
split_gain=3.22458 5.1475 3.91756 5.23705 1.81135 3.57324
threshold=662.50000000000011 0.0022824678386441678 0.57027857119022207 6.9778023225603398 0.81281908524384683 1.0219904262902675
decision_type=2 2 2 2 2 2
left_child=1 2 -1 -4 -3 -6
right_child=-2 4 3 -5 5 -7
leaf_value=-0.0095683691124051427 -0.009725764010655915 0.015572641737520081 -0.00029140416248348326 0.015210300599338832 -0.0054586153966072175 0.010112745396711767
leaf_weight=14.853486858308314 9.5023584440350515 9.9557189121842367 91.543171964585781 8.5613969638943654 7.759533159434798 15.760052114725111
leaf_count=68 48 51 421 57 36 76
internal_value=0.000911774 0.00169344 -0.00028655 0.00111236 0.00847809 0.00471767
internal_weight=157.936 148.433 114.958 100.105 33.4753 23.5196
internal_count=757 709 546 478 163 112
is_linear=0
shrinkage=0.02


Tree=221
num_leaves=11
num_cat=0
split_feature=35 40 25 17 15 36 15 36 25 25
split_gain=2.55907 4.29301 4.26499 2.9893 4.47079 2.94225 2.64142 2.63903 2.59484 3.08749
threshold=-0.0010694146701080126 22.150374999999261 0.00012160713974436516 1.8246815093812652e-06 2.7681442821180214e-25 0.41876493467997578 9.5460480519387218e-07 -0.43509363296927256 0.00053138022134093259 0.0009826847213325145
decision_type=2 2 2 2 2 2 2 2 2 2
left_child=1 -1 3 4 -2 -5 7 -3 -4 -10
right_child=2 6 8 5 -6 -7 -8 -9 9 -11
leaf_value=0.015654858517150576 0.002394252578565583 -0.0096670354566475644 0.01109032610399611 -0.0039496251333837294 -0.013881699807623188 0.0093392688782700864 0.0077983999789638494 0.0037580347858506826 -0.0081812848789703692 0.0036245376649519934
leaf_weight=9.3531447201967222 8.3812169432640093 11.482721574604509 10.788388982415198 24.978509172797203 21.882596172392368 7.9077967628836623 12.371563732624052 9.4635849595069903 11.075505010783671 31.833561591804028
leaf_count=62 41 54 51 116 97 44 59 41 52 149
internal_value=0.000207792 0.00437373 -0.00128684 -0.00481061 -0.00924994 -0.000395825 0.000668119 -0.00343331 0.00275973 0.000323699
internal_weight=159.519 42.671 116.848 63.1501 30.2638 32.8863 33.3179 20.9463 53.6975 42.9091
internal_count=766 216 550 298 138 160 154 95 252 201
is_linear=0
shrinkage=0.02


Tree=222
num_leaves=7
num_cat=0
split_feature=34 42 41 34 11 34
split_gain=3.73828 3.26705 5.40867 4.20841 3.11508 2.36457
threshold=1.4693024299136239 4.7946567866604912 121.12500000000001 0.98024099830155209 0.00010226888284473096 0.92868996457352038
decision_type=2 2 2 2 2 2
left_child=1 2 3 -1 -2 -3
right_child=4 5 -4 -5 -6 -7
leaf_value=0.0022140738727786644 0 -0.0008684656095329158 -0.013501703799907156 -0.0063305125212520883 0.014889998242775435 0.011855418894019623
leaf_weight=56.353848695755005 10.857909865677358 10.462055448442699 16.090468749403954 37.073908813297749 9.7495976239442808 10.035324741154907
leaf_count=256 52 66 68 171 47 63
internal_value=-0.000403354 -0.0017091 -0.00311978 -0.00114417 0.0072549 0.00534363
internal_weight=150.623 130.016 109.518 93.4278 20.6075 20.4974
internal_count=723 624 495 427 99 129
is_linear=0
shrinkage=0.02


Tree=223
num_leaves=9
num_cat=0
split_feature=25 25 41 16 25 35 9 8
split_gain=5.32505 4.11011 3.02646 2.76931 2.6569 2.6987 4.58927 2.05011
threshold=0.00053138022134093259 0.0026108343292645096 16.125000000000004 8.1316652494272747e-09 0.00024652380974605641 -0.00035006620879912074 96.781250000000014 48.32500000000001
decision_type=2 2 2 2 2 2 2 2
left_child=4 2 -2 -4 5 6 -1 -7
right_child=1 -3 3 -5 -6 7 -8 -9
leaf_value=0.021014798889435707 0.0034946648394589721 0.0047592261079733725 -0.0002815888328047596 -0.012753760363916058 0.013714915852116354 0.0089034297072459953 0.0025192005150441975 -0.0020374694285209198
leaf_weight=6.2702333442866793 7.7553739547729483 14.641492038965223 11.028960295021532 26.459606237709522 8.6059103682637197 6.9671878963708869 25.986516691744328 45.976717807352543
leaf_count=32 34 72 51 126 43 34 127 221
internal_value=0.00058937 -0.00398391 -0.00698477 -0.00934305 0.00358343 0.00234324 0.00681867 -0.000348108
internal_weight=153.692 59.8854 45.2439 37.4886 93.8066 85.2007 32.2568 52.9439
internal_count=740 283 211 177 457 414 159 255
is_linear=0
shrinkage=0.02


Tree=224
num_leaves=9
num_cat=0
split_feature=37 22 34 16 16 36 9 40
split_gain=5.22507 2.7238 4.81535 4.0017 6.6506 3.60405 2.7025 1.52495
threshold=1.0000000180025095e-35 -0.0031945742405970778 1.0175691092156789 0.00022808686323667397 6.4600513874363373e-06 -0.40312870188994204 145.64375000000004 39.110906249999978
decision_type=2 2 2 2 2 2 2 2
left_child=6 2 -2 4 -3 -5 -1 -8
right_child=1 3 -4 5 -6 -7 7 -9
leaf_value=-0.00031404801817693141 0.015354599088416023 -0.0022355340788150846 -0.0024651800599718456 -0.016055507578273918 0.015910570213162657 -0.0035229280465160955 0.018848212203266927 0.0046176422426460481
leaf_weight=8.0536048673093337 8.9306396022439021 35.433697283267975 13.894962981343268 11.045787766575812 9.2925090044736844 53.049584284424782 8.3390967808663863 7.7608344480395308
leaf_count=46 41 161 63 48 44 239 71 37
internal_value=0.000101374 -0.0014455 0.0046069 -0.00280002 0.00166887 -0.00598835 0.0084933 0.0130106
internal_weight=155.801 131.647 22.8256 108.822 44.7262 64.0954 24.1535 16.0999
internal_count=750 596 104 492 205 287 154 108
is_linear=0
shrinkage=0.02


Tree=225
num_leaves=5
num_cat=0
split_feature=25 34 35 25
split_gain=4.97851 3.88716 4.40289 3.67804
threshold=0.0026869726759672975 0.57027857119022207 -0.0034124479656237406 0.00088369232741926471
decision_type=2 2 2 2
left_child=1 -1 -3 -4
right_child=-2 2 3 -5
leaf_value=-0.0096200121057564963 0.012352955132356838 0.015743240846462205 0.0017396437942842893 -0.0061687443827990211
leaf_weight=15.747292309999464 12.026783041656016 6.263549353927373 89.974988464266062 30.632664501667023
leaf_count=73 61 34 433 138
internal_value=0.000496592 -0.000540509 0.000605938 -0.000253847
internal_weight=154.645 142.618 126.871 120.608
internal_count=739 678 605 571
is_linear=0
shrinkage=0.02


Tree=226
num_leaves=12
num_cat=1
split_feature=41 12 17 17 9 14 78 14 3 41 41
split_gain=4.29208 4.95621 5.10366 5.27593 3.38934 5.69422 4.29326 3.56898 3.12015 2.79672 2.55657
threshold=69.125000000000014 1.1500000000000001 2.0584162883142529e-24 0.019241224608971763 145.64375000000004 0.00210326923813709 0 1.6178308161465629e-09 1.0000000180025095e-35 23.625000000000004 49.000000000000007
decision_type=2 2 2 2 2 2 1 2 2 2 2
left_child=4 2 -2 -4 5 7 -7 -1 -3 -6 -11
right_child=1 8 3 -5 9 6 -8 -9 -10 10 -12
leaf_value=-0.00093317187049369395 -0.024400780169726272 0.009939202714343065 0 -0.015697483147889345 -0.0029182081796511961 -0.0048870685887410434 0.010638240140591971 -0.016871184988511919 -0.0047364649193920748 0.01362977286140178 0.0020401453425734038
leaf_weight=12.616594083607199 6.3443495854735366 10.806253634393215 25.252324134111404 12.154779776930807 10.0640427544713 10.794651009142399 16.144885942339897 10.793525375425814 9.9269246384501457 17.376908130943775 16.09523032233119
leaf_count=58 29 51 119 60 48 50 77 50 46 90 81
internal_value=-0.00105359 -0.00500953 -0.00879607 -0.00542683 0.00162443 -0.0018097 0.00425025 -0.00891751 0.00274188 0.00568218 0.00845175
internal_weight=158.37 64.4846 43.7515 37.4071 93.8858 50.3497 26.9395 23.4101 20.7332 43.5362 33.4721
internal_count=759 305 208 179 454 235 127 108 97 219 171
cat_boundaries=0 1
cat_threshold=1
is_linear=0
shrinkage=0.02


Tree=227
num_leaves=9
num_cat=0
split_feature=2 2 25 13 15 22 60 22
split_gain=2.74656 4.50616 3.07715 5.62394 3.05167 2.87504 2.7954 1.21273
threshold=617.50000000000011 602.50000000000011 0.0017911230241297212 -1.0000000180025095e-35 8.671037514218518e-32 -0.0010352821181951776 1.0000000180025095e-35 0.004322420041767726
decision_type=2 2 2 2 2 2 2 2
left_child=1 2 3 -1 -2 -3 -6 -4
right_child=4 5 7 -5 6 -7 -8 -9
leaf_value=-0.0092746704509044566 -0.0031237607769611167 -0.017741216329259311 0.012008996201761385 0.0021904216141476573 0 -0.0020288939696444935 0.014027160733283271 0.00081247130715934824
leaf_weight=24.024098094552755 11.44732580706477 9.0454530417919177 9.8210746496915835 51.985618025064468 9.1444478593766689 11.092729449272154 14.495837926864624 8.198212578892706
leaf_count=114 59 40 47 244 47 54 75 41
internal_value=0 -0.00152265 0.000288271 -0.00142877 0.00480045 -0.00987566 0.00885214 0.00754095
internal_weight=149.255 114.167 94.029 76.0097 35.0876 20.1382 23.6403 18.0193
internal_count=721 540 446 358 181 94 122 88
is_linear=0
shrinkage=0.02


Tree=228
num_leaves=9
num_cat=0
split_feature=9 2 36 18 17 15 41 7
split_gain=3.14275 5.07602 4.32904 3.52495 3.25592 5.17569 2.37714 2.1255
threshold=150.49375000000001 652.50000000000011 0.020354903593519862 2.5938577839142166e-34 9.2570637875701816e-07 8.671037514218518e-32 19.125000000000004 203.80625000000001
decision_type=2 2 2 2 2 2 2 2
left_child=2 4 3 -1 7 -6 -4 -2
right_child=1 -3 6 -5 5 -7 -8 -9
leaf_value=-0.0062311362711741751 -0.011087215590969006 -0.011706930706240742 -0.0024332182003482155 0.0078964616741198732 -0.0013613421266226609 0.01074057904108474 -0.015130427175449332 0.00044103967952401741
leaf_weight=12.60413381457329 6.8325739726424208 9.887594670057295 11.766403540968897 13.467813786119221 22.663882039487362 32.632057894021273 15.750754676759241 30.121593616902828
leaf_count=55 31 47 53 66 111 165 75 142
internal_value=-0.000884322 0.00112895 -0.0047818 0.000867146 0.00267986 0.00573777 -0.0101872 -0.00176833
internal_weight=155.727 102.138 53.5891 26.0719 92.2501 55.2959 27.5172 36.9542
internal_count=745 496 249 121 449 276 128 173
is_linear=0
shrinkage=0.02


Tree=229
num_leaves=8
num_cat=0
split_feature=1 42 15 7 42 42 40
split_gain=4.26024 5.3969 5.55662 3.24766 4.19207 4.61252 3.01276
threshold=17.500000000000004 3.2650501672240808 8.7933282596867437e-12 382.27500000000003 1.1908967135871638 1.612336618268136 34.713250000000706
decision_type=2 2 2 2 2 2 2
left_child=1 2 -1 4 6 -6 -2
right_child=3 -3 -4 -5 5 -7 -8
leaf_value=-0.017445460119848679 0.0011296099242906182 0.0052932817091485675 0.00076371476937106845 0.011802404168149426 -0.0096731840253856793 0.0018657840015851885 0.015860637759031994
leaf_weight=15.007688596844675 12.341608121991159 12.754326213151215 10.352738209068773 13.474733613431452 16.99075223505497 58.058425199240446 11.103080235421656
leaf_count=66 53 76 48 65 72 287 55
internal_value=0.000888561 -0.00474976 -0.0100374 0.00288604 0.00149955 -0.000760529 0.00871492
internal_weight=150.083 38.1148 25.3604 111.969 98.4939 75.0492 23.4447
internal_count=722 190 114 532 467 359 108
is_linear=0
shrinkage=0.02


Tree=230
num_leaves=10
num_cat=0
split_feature=34 17 17 35 16 16 1 11 23
split_gain=4.28629 6.11071 5.54542 4.5037 6.08916 3.45403 4.48325 2.59035 2.40788
threshold=1.1904447183935296 0.94629514463054709 0.53747167409152696 -0.0013570144542039955 6.2581481724346901e-12 0.91970616697958063 52.500000000000007 0.00010629927858282295 0.35072560000603908
decision_type=2 2 2 2 2 2 2 2 2
left_child=1 5 3 -2 -5 7 -7 -1 -3
right_child=2 8 -4 4 -6 6 -8 -9 -10
leaf_value=0.010467260127794644 0.0021809138621556316 0.0002236336908869624 0.0071791033159601175 0.00043557273629839173 -0.020314133800236018 0.007536726532060588 -0.0091900282827652533 0.0021810113669793623 -0.013373364987087523
leaf_weight=36.663198370486498 9.1188238486647588 7.7600591145455864 10.022753048688172 7.63157591223717 15.793655775487421 10.286895923316479 13.488719016313553 29.864165142178535 10.808335348963736
leaf_count=183 45 40 51 35 73 51 61 142 49
internal_value=0.000257907 0.00239828 -0.0050081 -0.00904245 -0.0135675 0.00459416 -0.00169867 0.00692379 -0.00766328
internal_weight=151.438 108.871 42.5668 32.5441 23.4252 90.303 23.7756 66.5274 18.5684
internal_count=730 526 204 153 108 437 112 325 89
is_linear=0
shrinkage=0.02


Tree=231
num_leaves=11
num_cat=1
split_feature=47 74 46 34 22 22 36 36 22 34
split_gain=2.71602 3.02665 3.22741 2.76986 3.78361 3.66456 2.40627 4.22974 2.70896 2.37257
threshold=1.0000000180025095e-35 0 19.500000000000004 0.98024099830155209 -0.00033028442620162735 0.0010433380724773538 0.11119842330838604 -0.083906579878473511 0.0010433380724773538 0.83780338574156465
decision_type=2 9 2 2 2 2 2 2 2 2
left_child=6 3 -3 5 -5 -2 7 9 -8 -1
right_child=1 2 -4 4 -6 -7 8 -9 -10 -11
leaf_value=0.0060234278418613944 0 0.015225436148164033 4.4996390019281412e-05 -0.010884210860364634 0.0023270731283610976 0.014355945289015307 -0.0050934116731365794 -0.016381629956082121 0.0081443375458911862 -0.0063959116979844131
leaf_weight=8.8172760233283061 29.487449400126934 11.43442051112652 11.676188334822653 16.302634663879875 15.629977960139511 8.44907024130225 11.103412665426733 11.162401869893072 11.276628971099852 14.755630031228064
leaf_count=42 145 57 54 75 77 46 49 48 60 71
internal_value=-4.86108e-05 0.00201315 0.00812463 -9.79439e-06 -0.00436122 0.00351681 -0.00348515 -0.00674061 0.00138312 -0.0014503
internal_weight=150.095 92.9797 23.1106 69.8691 31.9326 37.9365 57.1153 34.7353 22.38 23.5729
internal_count=724 454 111 343 152 191 270 161 109 113
cat_boundaries=0 1
cat_threshold=4
is_linear=0
shrinkage=0.02


Tree=232
num_leaves=10
num_cat=0
split_feature=51 17 15 35 7 35 14 16 40
split_gain=3.26934 5.03415 3.98097 7.15525 3.84403 3.09499 2.11968 1.64558 0.278642
threshold=1.0000000180025095e-35 4.8287546841475679e-16 8.671037514218518e-32 -0.00081076370052909604 191.76875000000004 -0.00033009335706077266 4.1304315875012908e-06 0.00048113733141590798 18.77499999999964
decision_type=2 2 2 2 2 2 2 2 2
left_child=6 5 3 -3 -4 -2 -1 -8 -7
right_child=1 2 4 -5 -6 8 7 -9 -10
leaf_value=0 3.3045491650612427e-05 -0.015306476575778884 -0.00088091483348117037 0.0035115897951198483 0.0091463145209856062 -0.015444412782433857 0.017804052438972363 0.0039773134919655279 -0.0068692777295283683
leaf_weight=11.258663926273586 13.376079209148882 11.721756458282469 23.838427159935236 20.548438094556332 36.501634929329157 9.3246242702007311 7.9740637466311481 9.108681704849003 9.5216352343559247
leaf_count=55 62 57 112 96 182 41 40 47 41
internal_value=0.00113176 -0.000232003 0.00209448 -0.00339812 0.00513728 -0.00696094 0.00714627 0.011391 -0.0119788
internal_weight=153.174 124.833 92.6103 32.2702 60.3401 32.2223 28.3414 17.0827 18.8463
internal_count=733 591 447 153 294 144 142 87 82
is_linear=0
shrinkage=0.02


Tree=233
num_leaves=11
num_cat=0
split_feature=42 47 18 11 34 16 25 41 8 25
split_gain=5.77031 5.06793 6.04054 3.49078 3.34891 3.3076 2.62474 1.65765 0.575699 0.231288
threshold=3.1777920914303768 1.0000000180025095e-35 1.8018268274446209e-05 0.0001118598788774924 0.60801214488694466 0.0005702365458495883 -0.0025487951782529935 94.625000000000014 213.95000000000002 -6.5932193968870877e-05
decision_type=2 2 2 2 2 2 2 2 2 2
left_child=1 3 5 9 -2 -3 -6 -8 -4 -1
right_child=4 2 8 -5 6 -7 7 -9 -10 -11
leaf_value=-0.0087241905675967072 -0.0061331701383016369 0.0020113623580748077 0.014321642915499902 -0.0018126896472401982 -0.0037889444925802468 -0.0078938705330040288 0.015821372921663083 0.0051591556274467511 0.0045721340651677959 -0.017909736420592716
leaf_weight=9.3184707462787646 6.6825372725725165 23.796076692640781 8.3425413891673106 17.6172004789114 4.9628588408231726 27.206704549491405 13.29014900699258 16.3414151892066 8.4142560958862287 10.400346755981444
leaf_count=40 35 106 40 78 28 120 86 87 40 44
internal_value=-0.000529553 -0.00305279 0.000146272 -0.0088675 0.0056732 -0.00320725 0.00823061 0.0104976 0.0102971 -0.0144891
internal_weight=146.373 105.096 67.7596 37.336 41.277 51.0028 34.5944 29.6316 16.7568 19.7188
internal_count=704 468 306 162 236 226 201 173 80 84
is_linear=0
shrinkage=0.02


Tree=234
num_leaves=7
num_cat=0
split_feature=40 34 17 25 36 34
split_gain=3.03813 3.49781 3.30108 3.44086 2.59957 2.39567
threshold=5.4688437500008158 0.64870037340213527 2.1598610296703088e-17 -0.0029230873303550805 0.23624164329838984 0.47167924616962992
decision_type=2 2 2 2 2 2
left_child=-1 5 4 -4 -3 -2
right_child=1 2 3 -5 -6 -7
leaf_value=0.011539097544499353 -0.00040538809491513008 0.00049574802001214869 -0.008576782475489023 0.0046036417949785113 -0.011541814318413416 -0.013806633144205603
leaf_weight=9.4435602650046331 12.86009304970503 16.169993735849861 7.4839105457067481 88.947675634175539 10.666324049234388 9.5815192162990552
leaf_count=62 59 75 36 425 47 41
internal_value=0.00110135 0.000309931 0.00168333 0.00344162 -0.00431589 -0.00672794
internal_weight=155.153 145.71 123.268 96.4316 26.8363 22.4416
internal_count=745 683 583 461 122 100
is_linear=0
shrinkage=0.02


Tree=235
num_leaves=12
num_cat=0
split_feature=47 17 8 14 41 40 40 40 25 23 25
split_gain=2.88268 3.20179 3.1348 4.574 3.72491 2.92282 4.30868 4.0449 2.63716 3.35944 2.23763
threshold=1.0000000180025095e-35 2.1598610296703088e-17 178.35000000000005 0.00085302327484043097 26.875000000000004 30.308031249999662 59.024750000000502 75.973718750000458 -0.0007628580691791477 0.56523938707155441 -0.00039265229160622328
decision_type=2 2 2 2 2 2 2 2 2 2 2
left_child=1 -1 4 -4 -3 8 10 -8 -2 -10 -7
right_child=5 2 3 -5 -6 6 7 -9 9 -11 -12
leaf_value=-0.011244239690660964 0.013342163296056206 -0.0032965334851985757 -0.012527536706666327 0.0038315019905204211 0.013643961322291381 -0.014313612520452551 0.014118813820274084 -0.0020437884562125373 0 0.013585317655338453 -0.00080390309527053258
leaf_weight=13.100822899490593 13.161528237164019 8.3989660516381281 13.273557655513288 11.65319626778364 9.9915211051702482 9.433772027492525 9.4384687095880526 13.459957540035246 32.684688128530979 8.1858620569109899 11.422605872154234
leaf_count=60 73 38 64 55 51 41 43 64 161 43 50
internal_value=0.000559694 -0.00295902 -0.000120673 -0.0047955 0.00582677 0.00265995 -0.00106147 0.00467921 0.00574708 0.00289771 -0.00756445
internal_weight=154.205 56.4181 43.3172 24.9268 18.3905 97.7869 43.7548 22.8984 54.0321 40.8706 20.8564
internal_count=743 268 208 119 89 475 198 107 277 204 91
is_linear=0
shrinkage=0.02


Tree=236
num_leaves=10
num_cat=1
split_feature=23 40 9 40 41 16 36 86 16
split_gain=4.48492 3.16869 3.67615 2.9857 3.73852 2.97765 2.3458 2.2417 0.624822
threshold=0.15589053466053085 45.227000000000778 129.28125000000003 59.774749999999592 119.37500000000001 0.068340732500387302 -0.04728488005281458 0 0.0029387816164816202
decision_type=2 2 2 2 2 2 2 9 2
left_child=7 2 5 -3 -5 -2 -4 -1 -9
right_child=1 3 6 4 -6 -7 -8 8 -10
leaf_value=0.00063115440136889459 -0.007523667445186356 -0.013680773634435418 0 0.0051947042794475299 -0.0095415888578380664 0.00499991957504951 0.0084799427914300073 0.017170484451139511 0.0062228475951627525
leaf_weight=12.286279790103436 24.499285358935595 11.925352945923803 23.90680293738842 13.695866741240026 11.696172937750815 9.4130323454737646 26.822770465165377 7.5361584797501573 8.3901233896613103
leaf_count=59 116 52 125 66 50 42 137 40 41
internal_value=0.000650949 -0.000983933 0.00110514 -0.00578405 -0.00147018 -0.00383199 0.00453183 0.00771548 0.012466
internal_weight=150.172 121.959 84.6419 37.3174 25.392 33.9123 50.7296 28.2126 15.9263
internal_count=728 588 420 168 116 158 262 140 81
cat_boundaries=0 1
cat_threshold=8
is_linear=0
shrinkage=0.02


Tree=237
num_leaves=5
num_cat=0
split_feature=14 14 41 47
split_gain=3.33141 6.18385 3.49473 3.43785
threshold=0.99999875902276636 0.99816806283667947 173.12500000000003 1.0000000180025095e-35
decision_type=2 2 2 2
left_child=1 2 3 -1
right_child=-2 -3 -4 -5
leaf_value=-0.003822034819557864 -0.011685183063208125 0.015154434388761302 -0.010063362662556577 0.003073116715749924
leaf_weight=45.58086945861578 8.6057922467589361 9.6520727127790433 13.189244024455546 74.595326498150826
leaf_count=220 39 46 63 372
internal_value=-0.000257702 0.000464625 -0.00065874 0.000398424
internal_weight=151.623 143.018 133.365 120.176
internal_count=740 701 655 592
is_linear=0
shrinkage=0.02


Tree=238
num_leaves=6
num_cat=0
split_feature=36 2 36 11 42
split_gain=4.3269 3.17275 3.02092 2.49655 0.935694
threshold=0.84302780770822083 652.50000000000011 -0.54853007579882584 0.00018189873771101142 1.6235703605528531
decision_type=2 2 2 2 2
left_child=1 2 4 -4 -1
right_child=-2 -3 3 -5 -6
leaf_value=-0.00041112653022580119 -0.013854005005002041 -0.0089422747810799716 0.0004444270906032351 0.0074006686380124762 -0.011521513447200444
leaf_weight=6.471141889691352 8.5635687969624978 13.297720361500977 95.344856079667807 26.211955942213535 8.0125177949666959
leaf_count=31 44 62 447 126 49
internal_value=-0.000812152 0 0.000958078 0.00204154 -0.00729217
internal_weight=157.902 149.338 136.04 121.557 14.4837
internal_count=759 715 653 573 80
is_linear=0
shrinkage=0.02


Tree=239
num_leaves=6
num_cat=0
split_feature=14 14 42 42 15
split_gain=3.24406 3.22691 2.8851 3.67521 2.80616
threshold=0.99999875902276636 0.99323513650353279 0.8377192982456142 9.542443064182196 1.584077138702989e-08
decision_type=2 2 2 2 2
left_child=1 2 4 -4 -1
right_child=-2 -3 3 -5 -6
leaf_value=0 -0.011798072493604728 0.008555540651601707 -0.0030891821873640347 0.0097404368103846221 0.014283145657940756
leaf_weight=12.218566641211511 8.5046008825302106 15.676124695688484 107.69098257645965 8.5849609486758691 8.2023989185690862
leaf_count=59 38 77 511 56 41
internal_value=-0.000449124 0.000217984 -0.000749766 -0.0020158 0.00593643
internal_weight=160.878 152.373 136.697 116.276 20.421
internal_count=782 744 667 567 100
is_linear=0
shrinkage=0.02


Tree=240
num_leaves=11
num_cat=0
split_feature=58 34 14 34 34 47 23 7 25 40
split_gain=2.39486 5.65512 4.50524 4.17286 3.68362 3.25573 4.39998 3.41213 2.1003 0.670582
threshold=1.0000000180025095e-35 1.4693024299136239 1.0562752071393206e-05 1.302803493636391 1.012074182511763 1.0000000180025095e-35 0.69185864353965298 243.45000000000002 -0.00056414288152879138 32.502249999999556
decision_type=2 2 2 2 2 2 2 2 2 2
left_child=3 2 8 5 -4 7 -7 -1 -2 -5
right_child=1 -3 4 9 -6 6 -8 -9 -10 -11
leaf_value=-0.0082370380659668348 -0.0015634267892375658 0.0095149929255741103 0.0033964356047594918 -0.0012439657183080377 -0.0091180450559946429 0.0029900890112853581 0.017038632032616491 0.0061381399722740086 -0.015688455113132264 -0.010304898310037058
leaf_weight=13.060923285782339 7.1422092914581325 11.188896298408507 25.792722009122372 8.0584817230701464 13.348018474876879 31.315753273665905 12.727480463683603 11.191062465310095 16.740049414336681 8.5544231832027418
leaf_count=59 37 55 125 40 62 150 63 56 78 40
internal_value=-0.00021911 -0.00285716 -0.0052617 0.00202319 -0.000842688 0.00426486 0.00747114 -0.00138563 -0.011938 -0.00657051
internal_weight=159.12 74.2119 63.023 84.9081 39.1407 68.2952 44.0432 24.252 23.8823 16.6129
internal_count=765 357 302 408 187 328 213 115 115 80
is_linear=0
shrinkage=0.02


Tree=241
num_leaves=11
num_cat=0
split_feature=15 35 36 15 17 8 41 14 17 17
split_gain=3.41649 5.09408 5.19648 4.96757 4.10742 3.70528 3.2926 2.95184 2.80297 0.440974
threshold=8.671037514218518e-32 -0.0010962823765991042 0.093650347942447379 0.00012466071179024343 9.2570637875701816e-07 304.15000000000003 62.875000000000007 0.00016019753958766104 1.5245233431715514e-11 0.0051536842393670257
decision_type=2 2 2 2 2 2 2 2 2 2
left_child=5 8 3 -3 -4 6 7 -1 -2 -10
right_child=1 2 4 -5 -6 -7 -8 -9 9 -11
leaf_value=-0.012418660357556179 0 0.00013290699740328159 -0.0030424466206563062 -0.015181542068225685 0.0095980504924473697 -0.012303503568756285 0.0065998713682084431 0.00020473883030309675 0.018616036669216053 0.007817252564497626
leaf_weight=11.353779233992102 7.2789859771728542 17.168074786663059 17.372125178575516 14.356617398560045 21.360969629138708 16.072042942047119 13.544456765055655 16.197701022028923 7.5965324193239203 8.3501768074929696
leaf_count=54 37 78 81 65 113 76 65 77 40 45
internal_value=-0.000595598 0.00171064 -0.000926172 -0.00690929 0.00384379 -0.00443458 -0.00099546 -0.00503989 0.00964366 0.0141105
internal_weight=150.651 93.4835 70.2578 31.5247 38.7331 57.168 41.0959 27.5515 23.2257 15.9467
internal_count=731 459 337 143 194 272 196 131 122 85
is_linear=0
shrinkage=0.02


Tree=242
num_leaves=7
num_cat=1
split_feature=42 41 7 41 73 11
split_gain=3.23986 3.25781 4.87976 4.96597 4.36842 3.2429
threshold=9.542443064182196 15.875000000000002 150.29375000000002 49.000000000000007 0 4.9121183682910007e-05
decision_type=2 2 2 2 1 2
left_child=1 5 4 -4 -3 -1
right_child=-2 2 3 -5 -6 -7
leaf_value=0 0.010494218134404517 -0.014776416086854736 0.0079240866307972325 -0.0028494087593709683 0.0014408231553479783 0.014122090377659189
leaf_weight=17.275911472737793 9.3364364057779294 19.33347599953413 21.557153198868036 69.559986636042595 8.6770182214677352 9.0607473999261838
leaf_count=76 63 90 111 325 45 43
internal_value=-0.000276656 -0.00107587 -0.00252084 -0.000177051 -0.00966936 0.00509376
internal_weight=154.801 145.464 119.128 91.1171 28.0105 26.3367
internal_count=753 690 571 436 135 119
cat_boundaries=0 1
cat_threshold=2
is_linear=0
shrinkage=0.02


Tree=243
num_leaves=10
num_cat=0
split_feature=37 22 17 17 47 14 15 15 16
split_gain=3.32964 3.44717 6.23838 3.16054 2.51042 3.60532 3.48873 2.07869 1.06353
threshold=1.0000000180025095e-35 0.0012101530482455463 0.0006320095317802534 1.4190193229803522e-10 1.0000000180025095e-35 0.0037740877912083351 4.2256569674413606e-08 8.671037514218518e-32 0.00018876685117592181
decision_type=2 2 2 2 2 2 2 2 2
left_child=8 4 3 -3 6 -6 -2 -4 -1
right_child=1 2 7 -5 5 -7 -8 -9 -10
leaf_value=0.0025720206744547507 -0.014975344392467184 0.0034778757788035647 -0.010188861341640666 0.019306824919580599 -0.005454472293089976 0.0040628048242650353 0 0.0016209831513862055 0.012232348624046317
leaf_weight=12.700254671275617 13.396237902343275 13.290457651019098 9.9849537685513514 9.2851830944418889 32.695329383015633 28.769010759890079 10.240680560469626 10.989777952432631 9.6921577379107458
leaf_count=78 58 60 44 47 149 130 46 52 68
internal_value=0.000384493 -0.000829666 0.00363152 0.0107855 -0.00319802 -0.000910032 -0.00862562 -0.00393584 0.00735399
internal_weight=151.044 128.652 43.5504 22.5756 85.1013 61.4643 23.6369 20.9747 22.3924
internal_count=732 586 203 107 383 279 104 96 146
is_linear=0
shrinkage=0.02


Tree=244
num_leaves=9
num_cat=0
split_feature=9 40 41 36 14 9 14 35
split_gain=4.09793 6.10624 4.04926 3.3335 3.85924 3.27042 3.13713 2.88013
threshold=351.78125000000006 45.98512499999925 143.12500000000003 0.28462673772155089 2.8341122288620595e-14 255.06250000000003 7.1810347903541173e-05 0.0019312371417483101
decision_type=2 2 2 2 2 2 2 2
left_child=1 3 5 4 -1 -3 -2 -5
right_child=6 2 -4 7 -6 -7 -8 -9
leaf_value=-0.0089075662361822166 0.00081323671995064593 -0.007597878080846051 -0.016603845686737655 0.013341469686656867 0.0030901343202852337 0.0061544736810034608 0.018775227771669886 0
leaf_weight=11.838713467121122 7.8606729954481152 14.982277035713198 9.6671556830406171 18.995157260447744 61.375107396394014 10.917285911738871 8.7383357957005483 8.7953944653272611
leaf_count=57 38 67 41 97 299 53 46 49
internal_value=0.00202682 0.000802705 -0.00615868 0.00334919 0.000975368 -0.00156459 0.0111396 0.00914348
internal_weight=153.17 136.571 35.5667 101.004 73.2138 25.8996 16.599 27.7906
internal_count=747 663 161 502 356 120 84 146
is_linear=0
shrinkage=0.02


Tree=245
num_leaves=10
num_cat=0
split_feature=1 2 36 8 9 42 41 14 35
split_gain=3.47081 5.80815 3.45359 2.71297 4.13631 4.22711 2.84361 1.81937 0.812767
threshold=17.500000000000004 607.50000000000011 0.089180110497236231 230.05000000000004 216.61250000000004 1.8134805553707973 134.12500000000003 0.0050736799048504465 -0.0009048843851956035
decision_type=2 2 2 2 2 2 2 2 2
left_child=1 7 -3 4 5 -2 8 -1 -5
right_child=3 2 -4 6 -6 -7 -8 -9 -10
leaf_value=0.011777950704847282 -0.0027021799630724008 -0.016137709088177167 -0.00085831867115776636 0.0036289974457491044 -0.0098583868048629352 0.0077820401974051604 0.00011112541894406919 -0.00074456868074186319 0.014094230066111442
leaf_weight=7.2884823232889167 29.019918948411942 14.229165919125082 11.301834993064402 6.8534152880311039 12.112817429006098 29.636274177581072 16.375170648097992 8.4549796655774099 15.202384911477564
leaf_count=39 127 67 57 37 58 157 75 43 76
internal_value=0.000759679 -0.00406253 -0.0098874 0.00265711 0.000223248 0.00253609 0.00686747 0.00505161 0.011401
internal_weight=150.474 41.2745 25.531 109.2 70.769 58.6562 38.431 15.7435 22.0558
internal_count=736 206 124 530 342 284 188 82 113
is_linear=0
shrinkage=0.02


Tree=246
num_leaves=10
num_cat=0
split_feature=25 41 62 46 36 8 11 25 25
split_gain=1.97077 4.79858 2.22789 2.63457 2.34926 2.42844 1.60639 1.53852 0.950342
threshold=-0.0018761856192344216 56.125000000000007 1.0000000180025095e-35 18.500000000000004 -0.39491422563419248 150.47500000000002 0.00015672085613633449 0.00073250263895667381 0.0006176676556360522
decision_type=2 2 2 2 2 2 2 2 2
left_child=1 -1 3 8 7 -6 -3 -4 -2
right_child=2 6 4 -5 5 -7 -8 -9 -10
leaf_value=0.01756534399864363 0.0048229942583845097 0.0053396217236640689 -0.013292211192942525 0.014695247200579898 -0.0041280706559293692 0.0021807966975277687 -0.0065118603552098125 -0.0011438692961949395 -0.0051682210384512792
leaf_weight=7.483743607997897 6.6433471255004424 7.4927097111940411 9.9415082335472125 6.4601356759667388 42.207994811236858 54.239277027547359 8.6183247864246351 8.9890545457601529 6.5753981359302998
leaf_count=37 46 39 44 42 188 249 41 40 41
internal_value=0.000114703 0.0053562 -0.000789538 0.00519085 -0.00189695 -0.000532596 -0.000659535 -0.00817152 0
internal_weight=158.651 23.5948 135.057 19.6789 115.378 96.4473 16.111 18.9306 13.2187
internal_count=767 117 650 129 521 437 80 84 87
is_linear=0
shrinkage=0.02


Tree=247
num_leaves=9
num_cat=0
split_feature=25 40 17 8 17 42 34 23
split_gain=3.23345 4.00146 3.72964 4.21975 6.54881 5.60647 3.04588 5.8327
threshold=-0.0018761856192344216 30.965625000000731 1.4190193229803522e-10 185.90000000000001 0.16710685663346128 1.8682148358935626 1.1904447183935296 0.23327598192348137
decision_type=2 2 2 2 2 2 2 2
left_child=1 -1 6 5 -5 -4 7 -2
right_child=2 -3 3 4 -6 -7 -8 -9
leaf_value=0.014495022469055339 -0.014261601056092626 -0.0018047353903162028 -0.0010112832045702405 0.0023861933187504154 -0.012904375368801757 0.013255699717178854 -0.014453299317629198 0.0044334788078703074
leaf_weight=11.146226957440378 9.4608687572181243 10.436352759599684 23.772463902831078 27.555024094879627 17.095709625631571 18.28545543551445 12.602100573480127 16.954210788011551
leaf_count=58 43 49 104 134 83 106 58 81
internal_value=-0.00030713 0.00661662 -0.00158587 0.000675124 -0.0034912 0.005216 -0.00665175 -0.00231949
internal_weight=147.308 21.5826 125.726 86.7087 44.6507 42.0579 39.0172 26.4151
internal_count=716 107 609 427 217 210 182 124
is_linear=0
shrinkage=0.02


Tree=248
num_leaves=11
num_cat=0
split_feature=25 25 41 16 42 40 16 41 14 42
split_gain=4.45572 4.65297 5.03828 2.60386 2.07708 5.08568 4.94456 4.71385 3.35895 1.58903
threshold=0.00048333184998549788 0.0026108343292645096 16.125000000000004 6.2581481724346901e-12 1.8134805553707973 59.024750000000502 5.60743451992078e-05 75.625000000000014 0.00210326923813709 5.5001620066699237
decision_type=2 2 2 2 2 2 2 2 2 2
left_child=4 2 -2 -4 5 6 -1 8 -6 -9
right_child=1 -3 3 -5 7 -7 -8 9 -10 -11
leaf_value=0.0048061530113447781 0.0058274676326392182 0.005562168803941051 -0.00028046781272174896 -0.012911582730926864 0.004118815162896877 0.0096181068747032989 -0.011794737694965718 -0.0044232505843455902 0.020492584144580599 0.0056849947100742542
leaf_weight=10.395796157419683 8.4830640405416471 13.341609653085468 9.4829939827322942 31.164465896785259 13.17332372441888 11.940239161252974 17.467423543334007 15.755849137902262 9.4312030673027021 8.7232955656945688
leaf_count=47 38 70 43 144 75 58 75 71 53 51
internal_value=-0.00029588 -0.0043673 -0.00724054 -0.0101863 0.0025796 -0.000651608 -0.00544113 0.00539271 0.0117833 -0.00050388
internal_weight=149.359 62.4721 49.1305 40.6475 86.8871 39.8035 27.8632 47.0837 22.6045 24.4791
internal_count=725 295 225 187 430 180 122 250 128 122
is_linear=0
shrinkage=0.02


Tree=249
num_leaves=6
num_cat=0
split_feature=36 40 2 35 51
split_gain=2.9738 3.75116 3.1919 5.8476 3.54479
threshold=-0.64545352272159617 76.375124999999585 622.50000000000011 0.00077031925970232399 1.0000000180025095e-35
decision_type=2 2 2 2 2
left_child=-1 2 4 -4 -2
right_child=1 -3 3 -5 -6
leaf_value=0.0096539537339044041 0.011118316155589352 -0.0094065646142771648 -0.013533268930422225 0.0048013397192590533 0.00062806441074322286
leaf_weight=11.548439152538775 14.731237426400183 15.718027554452418 14.443152293562891 11.317498497664927 80.778749532997608
leaf_count=70 75 72 66 62 382
internal_value=0.000309583 -0.000498938 0.000674008 -0.00537565 0.00240666
internal_weight=148.537 136.989 121.271 25.7607 95.51
internal_count=727 657 585 128 457
is_linear=0
shrinkage=0.02


end of trees

feature_importances:
rr_planned=199
risk_pts=137
reward_pts_planned=125
hmm_stress_prob=119
occ_first_bar_ret=104
rvol=103
har_rv_forecast=102
lambda_zscore=100
atr_20=83
hmm_strong_prob=80
hmm_bull_prob=77
lambda_val=76
hmm_bear_prob=75
hmm_neutral_prob=74
tsmom_return_30m=65
atr_5=55
atr=53
tsmom_conviction=50
minute_of_day=46
lambda_aligned=45
bd_tsmom=32
minute=24
overnight_type_cat=21
score=19
bd_lambda=18
hmm_state_ord=14
tsmom_bias_cat=12
bd_cvd=10
bd_occ=10
dir_long=9
stop_mult=8
har_vol_regime_cat=7
hour=6
bd_open_type=6
occ_dir_cat=6
open_type_cat=4
rvol_regime_cat=4
trend_dir_ord=3
avwap_near=2
cot_index=1
hmm_state_cat=1
occ_conviction_cat=1

parameters:
[boosting: gbdt]
[objective: binary]
[metric: binary_logloss]
[tree_learner: serial]
[device_type: cpu]
[data_sample_strategy: bagging]
[data: ]
[valid: ]
[num_iterations: 250]
[learning_rate: 0.02]
[num_leaves: 12]
[num_threads: 6]
[seed: 42]
[deterministic: 0]
[force_col_wise: 0]
[force_row_wise: 0]
[histogram_pool_size: -1]
[max_depth: 4]
[min_data_in_leaf: 40]
[min_sum_hessian_in_leaf: 0.001]
[bagging_fraction: 0.7]
[pos_bagging_fraction: 1]
[neg_bagging_fraction: 1]
[bagging_freq: 1]
[bagging_seed: 400]
[bagging_by_query: 0]
[feature_fraction: 0.6]
[feature_fraction_bynode: 1]
[feature_fraction_seed: 30056]
[extra_trees: 0]
[extra_seed: 12879]
[early_stopping_round: 0]
[early_stopping_min_delta: 0]
[first_metric_only: 0]
[max_delta_step: 0]
[lambda_l1: 0.3]
[lambda_l2: 1]
[linear_lambda: 0]
[min_gain_to_split: 0]
[drop_rate: 0.1]
[max_drop: 50]
[skip_drop: 0.5]
[xgboost_dart_mode: 0]
[uniform_drop: 0]
[drop_seed: 17869]
[top_rate: 0.2]
[other_rate: 0.1]
[min_data_per_group: 100]
[max_cat_threshold: 32]
[cat_l2: 10]
[cat_smooth: 10]
[max_cat_to_onehot: 4]
[top_k: 20]
[monotone_constraints: ]
[monotone_constraints_method: basic]
[monotone_penalty: 0]
[feature_contri: ]
[forcedsplits_filename: ]
[refit_decay_rate: 0.9]
[cegb_tradeoff: 1]
[cegb_penalty_split: 0]
[cegb_penalty_feature_lazy: ]
[cegb_penalty_feature_coupled: ]
[path_smooth: 0]
[interaction_constraints: ]
[verbosity: -1]
[saved_feature_importance_type: 0]
[use_quantized_grad: 0]
[num_grad_quant_bins: 4]
[quant_train_renew_leaf: 0]
[stochastic_rounding: 1]
[linear_tree: 0]
[max_bin: 255]
[max_bin_by_feature: ]
[min_data_in_bin: 3]
[bin_construct_sample_cnt: 200000]
[data_random_seed: 175]
[is_enable_sparse: 1]
[enable_bundle: 1]
[use_missing: 1]
[zero_as_missing: 0]
[feature_pre_filter: 1]
[pre_partition: 0]
[two_round: 0]
[header: 0]
[label_column: ]
[weight_column: ]
[group_column: ]
[ignore_column: ]
[categorical_feature: 68,69,70,71,72,73,74,75,76,77,78,79,80,81,82,83,84,85,86,87]
[forcedbins_filename: ]
[precise_float_parser: 0]
[parser_config_file: ]
[objective_seed: 16083]
[num_class: 1]
[is_unbalance: 0]
[scale_pos_weight: 1]
[sigmoid: 1]
[boost_from_average: 1]
[reg_sqrt: 0]
[alpha: 0.9]
[fair_c: 1]
[poisson_max_delta_step: 0.7]
[tweedie_variance_power: 1.5]
[lambdarank_truncation_level: 30]
[lambdarank_norm: 1]
[label_gain: ]
[lambdarank_position_bias_regularization: 0]
[eval_at: ]
[multi_error_top_k: 1]
[auc_mu_weights: ]
[num_machines: 1]
[local_listen_port: 12400]
[time_out: 120]
[machine_list_filename: ]
[machines: ]
[gpu_platform_id: -1]
[gpu_device_id: -1]
[gpu_use_dp: 0]
[num_gpu: 1]

end of parameters

pandas_categorical:[["compressed", "crisis", "elevated", "normal"], ["elevated", "normal"], ["bear", "bull", "neutral", "strong_bear", "strong_bull"], ["contango", "deep_contango", "flat"], ["mixed", "range", "reversal", "trend"], ["expansion", "neutral", "rotation"], ["high", "low", "normal"], ["bear", "bull", "neutral", "stress", "strong_bull", "unavailable"], ["mean_rev", "neutral"], ["long", "neutral", "short"], ["long", "neutral", "short"], ["low", "normal"], ["bearish", "bullish", "neutral"], ["neutral"], ["neutral", "strong_headwind", "tailwind"], ["neutral", "nq_extended"], ["extreme_long", "extreme_short", "neutral"], ["bullish", "neutral"], ["climax", "high", "normal", "thin"], [""]]
