tree
version=v4
num_class=1
num_tree_per_iteration=1
label_index=0
max_feature_idx=87
objective=binary sigmoid:1
feature_names=hour minute minute_of_day dir_long vix vix3m vvix atr atr_5 atr_20 trend_dir_ord har_rv_forecast stop_mult hmm_state_ord hmm_bull_prob hmm_strong_prob hmm_neutral_prob hmm_stress_prob hmm_bear_prob gex_bias_ord gex_ratio tsmom_bias_ord tsmom_return_30m tsmom_conviction tsmom_available occ_first_bar_ret sector_rs_ratio sector_rs_vs_sma smh_rs_slope macro_dxy_ret macro_tnx_chg_bps nq_es_zscore cot_index breadth_addn rvol lambda_val lambda_zscore lambda_aligned avwap_near avwap_confluence risk_pts reward_pts_planned rr_planned setup_atr_ratio vwap_at_entry deviation_std score bd_tsmom bd_gex bd_es bd_hmm bd_cvd bd_overnight bd_vix_term bd_sector bd_macro bd_nq_es_spread bd_conviction bd_open_type bd_rvol bd_occ bd_absorption bd_lambda bd_smh bd_cot bd_avwap bd_breadth bd_memory vol_regime_cat vix_regime_cat trend_dir_cat vix_term_cat open_type_cat overnight_type_cat har_vol_regime_cat hmm_state_cat gex_bias_cat tsmom_bias_cat occ_dir_cat occ_conviction_cat sector_bias_cat smh_signal_cat macro_combined_cat nq_es_signal_cat cot_bias_cat breadth_bias_cat rvol_regime_cat entry_type_cat
feature_infos=[13:15] [0:55] [815:930] [0:1] none none none [29.837499999999999:847.51250000000005] [22.399999999999999:624.85000000000002] [29.837499999999999:847.51250000000005] [-2:2] [1.1357400941605186e-05:0.0047533102795630265] [0.84999999999999998:1.3] [-2:2] [0:1] [0:1] [0:1] [0:1] [0:1] none none none [-0.014405295129389003:0.016606529143325562] [0:1] none [-0.0069836869602303018:0.0086450484391819155] none none none none none none none none [0.034208147882880575:6.0221060137865461] [-0.08937823834196891:0.038812785388127852] [-2.4874480146067839:2.3456456067910163] [0:1] none none [5:25.425374999998894] [12:67.800999999999476] [2.3999999999999999:2.6666666666677799] none none none [14:21] [0:1] none none [0:1] [0:1] [0:1] none none none none none none [0:1] [0:1] none [0:1] none none none none none -1:2:0:1 none -1:1:0:2:3 -1:0:1 -1:2:1:0 -1:1:2:0 -1:2:0 -1:2:1:3:4:0 -1:1:0 -1:2:0:1 -1:0:2:1 -1:1:0 -1:2:1 none -1:1:2 -1:0:1 -1:2:1:0 none -1:2:3:1:0 none
tree_sizes=658 681 760 768 676 679 686 654 788 899 792 789 683 790 870 682 684 793 577 886 912 750 786 901 778 795 762 781 893 785 888 784 808 791 892 788 764 782 889 781 805 895 755 787 871 880 895 794 791 875 775 794 792 889 800 899 767 784 905 890 785 896 792 783 788 762 795 879 777 898 890 905 898 896 673 796 791 778 791 891 774 782 800 869 784 892 779 779 893 778 897 887 892 663 801 999 794 890 896 890 899 894 791 891 869 904 767 756 796 900 667 773 885 793 682 895 890 860 768 769 889 685 893 884 889 771 795 774 893 795 861 784 871 788 792 859 679 682 875 890 771 888 902 783 815 883 912 795 810 787 981 906 905 888 795 900 897 887 877 883 899 1012 679 788 784 790 789 897 869 693 672 891 869 997 915 782 766 907 786 909 897 787 897 890 690 887 750 681 780 984 779 889 898 875 662 772 794 884 983 798 788 673 879 884 895 782 791 801 901 988 911 789 873 893 869 895 898 791 894 902 792 886 908 789 664 767 793 878 880 882 792 878 880 912 759 896 896 776 807 767 962 781 791 887 891 796 966 896 895 685

Tree=0
num_leaves=5
num_cat=0
split_feature=62 36 11 8
split_gain=134.128 11.5444 12.526 1.44382
threshold=1.0000000180025095e-35 0.66741511654332186 8.7694617296164886e-05 271.87500000000006
decision_type=2 2 2 2
left_child=-1 2 -2 -4
right_child=1 -3 3 -5
leaf_value=0.23847438665680906 0.27342561132073828 0.3059180927373007 0.28650713287234381 0.29972735575587622
leaf_weight=27.233987644314766 19.137396723031998 15.457128122448919 12.022210761904718 13.248966962099074
leaf_count=111 78 63 49 54
internal_value=0.274437 0.291216 0.285386 0.294365
internal_weight=87.0997 59.8657 44.4086 25.2712
internal_count=355 244 181 103
is_linear=0
shrinkage=1


Tree=1
num_leaves=5
num_cat=0
split_feature=62 35 11 23
split_gain=112.267 16.2274 16.731 5.48567
threshold=1.0000000180025095e-35 0.00099140823216120459 0.00013448929590197873 0.40540067399266122
decision_type=2 2 2 2
left_child=-1 2 3 -2
right_child=1 -3 -4 -5
leaf_value=-0.032939491413892096 0.0035797270268607246 0.027300996968648166 0.019610508061115924 -0.016292547368018648
leaf_weight=28.83804877102375 9.8085776567459124 22.98369038105011 17.370896086096764 10.057588890194891
leaf_count=117 40 94 71 41
internal_value=-0.00108011 0.0143673 0.00572215 -0.00649207
internal_weight=89.0588 60.2208 37.2371 19.8662
internal_count=363 246 152 81
is_linear=0
shrinkage=0.02


Tree=2
num_leaves=6
num_cat=0
split_feature=37 41 22 17 40
split_gain=118.529 4.01692 4.00822 3.5054 4.24866
threshold=1.0000000180025095e-35 16.479499999999465 0.0013496457644261517 0.00025137956571064937 9.1119374999998417
decision_type=2 2 2 2 2
left_child=-1 2 -2 4 -3
right_child=1 3 -4 -5 -6
leaf_value=-0.034533368340731715 0.014994889260859318 0.02159001035153818 0 0.027403680425563317 0.0025310183828891257
leaf_weight=25.974709466099739 16.140501812100414 9.7609119862318057 11.990407258272169 15.845892697572706 10.243743330240248
leaf_count=105 66 40 49 65 42
internal_value=0.000648165 0.0153349 0.00878985 0.0199298 0.0127013
internal_weight=89.9562 63.9815 28.1309 35.8505 20.0047
internal_count=367 262 115 147 82
is_linear=0
shrinkage=0.02


Tree=3
num_leaves=6
num_cat=0
split_feature=62 9 34 1 9
split_gain=96.7122 5.04226 3.70417 1.79535 0.579965
threshold=1.0000000180025095e-35 213.68125000000001 1.1142266745235052 22.500000000000004 301.66250000000008
decision_type=2 2 2 2 2
left_child=-1 2 -2 -3 -5
right_child=1 3 -4 4 -6
leaf_value=-0.030958599384627205 0.0017847226021596627 0.010699472064030321 0.015467342234878284 0.029395624837849375 0.015710771011357122
leaf_weight=24.818126857280731 17.828342288732529 9.9786640554666537 15.63036075234413 11.417012900114061 9.7319886982440931
leaf_count=100 73 41 64 47 40
internal_value=0.00177665 0.0147273 0.0086141 0.0206389 0.0243629
internal_weight=89.4045 64.5864 33.4587 31.1277 21.149
internal_count=365 265 137 128 87
is_linear=0
shrinkage=0.02


Tree=4
num_leaves=5
num_cat=0
split_feature=46 42 23 42
split_gain=8.86015 6.41675 4.19621 4.27105
threshold=19.500000000000004 2.6666666666668739 0.17341682488099019 2.6666666666665848
decision_type=2 2 2 2
left_child=1 2 -1 -4
right_child=-2 -3 3 -5
leaf_value=0.0035239011083692115 0.010289537903361175 0.0089804631484111073 -0.014463574287129336 -0.0015619404435686327
leaf_weight=9.7841666638851148 18.012335732579231 9.7762009054422361 30.99049811065197 17.141930267214775
leaf_count=40 74 40 126 70
internal_value=-0.00171418 -0.00509887 -0.00768937 -0.0101162
internal_weight=85.7051 67.6928 57.9166 48.1324
internal_count=350 276 236 196
is_linear=0
shrinkage=0.02


Tree=5
num_leaves=5
num_cat=0
split_feature=62 36 10 36
split_gain=106.151 13.5291 14.3681 6.27843
threshold=1.0000000180025095e-35 0.48611919726713337 1.0000000180025095e-35 -0.10217007220279238
decision_type=2 2 2 2
left_child=-1 2 -2 -4
right_child=1 -3 3 -5
leaf_value=-0.03169236029232475 0.023015342102495163 0.02840703834115943 -0.011728749107569061 0.007421279776116241
leaf_weight=26.629507079720497 15.057896658778189 20.574473798274994 11.234987929463387 14.405119344592094
leaf_count=107 62 85 46 59
internal_value=0.000873155 0.0154044 0.00816352 -0.000869944
internal_weight=87.902 61.2725 40.698 25.6401
internal_count=359 252 167 105
is_linear=0
shrinkage=0.02


Tree=6
num_leaves=5
num_cat=0
split_feature=62 35 10 35
split_gain=105.609 13.3226 12.6532 5.02613
threshold=1.0000000180025095e-35 0.0013152820286973981 1.0000000180025095e-35 0.00015788361587122838
decision_type=2 2 2 2
left_child=-1 2 -2 -4
right_child=1 -3 3 -5
leaf_value=-0.030339785473037541 0.021218742113099955 0.027357881416174117 -0.010530651353015435 0.0071766094403762082
leaf_weight=30.170707419514656 14.755043700337408 21.432470753788948 11.977236866950991 11.449804127216337
leaf_count=121 61 89 49 47
internal_value=-0.000363681 0.0149584 0.00732454 -0.00169121
internal_weight=89.7853 59.6146 38.1821 23.427
internal_count=367 246 157 96
is_linear=0
shrinkage=0.02


Tree=7
num_leaves=5
num_cat=0
split_feature=37 9 23 17
split_gain=96.1967 5.16552 3.74481 2.21589
threshold=1.0000000180025095e-35 213.68125000000001 0.56377302130823004 4.6286070873897141e-05
decision_type=2 2 2 2
left_child=-1 2 -2 -3
right_child=1 3 -4 -5
leaf_value=-0.029134382622552746 0.013703702918980484 0.01310062074627003 0 0.027009037106449325
leaf_weight=28.711703062057495 18.451836839318279 15.441575556993486 12.65350431203842 14.41975663602352
leaf_count=115 76 64 52 60
internal_value=0.000388931 0.0146353 0.00819279 0.0206688
internal_weight=89.6784 60.9667 31.1053 29.8613
internal_count=367 252 128 124
is_linear=0
shrinkage=0.02


Tree=8
num_leaves=6
num_cat=0
split_feature=37 35 3 16 36
split_gain=86.8598 15.3133 15.1675 3.48448 0.896475
threshold=1.0000000180025095e-35 0.00095462359490763741 1.0000000180025095e-35 0.025974378484936871 0.70414632998166049
decision_type=2 2 2 2 2
left_child=-1 2 -2 -4 -3
right_child=1 4 3 -5 -6
leaf_value=-0.029216337529035321 0.022157128748235607 0.014627913205313954 -0.011046578271554688 0.0028442061864174077 0.028197821834933731
leaf_weight=28.736010700464249 11.302293553948401 9.6068509221076983 14.117845952510836 12.202990949153898 15.509580194950102
leaf_count=115 47 40 58 50 65
internal_value=-0.00094027 0.0121718 0.00370594 -0.00451847 0.023996
internal_weight=91.4756 62.7396 37.6231 26.3208 25.1164
internal_count=375 260 155 108 105
is_linear=0
shrinkage=0.02


Tree=9
num_leaves=7
num_cat=0
split_feature=62 35 3 36 35 35
split_gain=87.3072 21.0658 11.0868 7.55384 0.0847935 0.0423439
threshold=1.0000000180025095e-35 0.00099140823216120459 1.0000000180025095e-35 -0.1610491175656496 0.0019797406629271674 -0.0011475971649338205
decision_type=2 2 2 2 2 2
left_child=5 2 -2 -4 -3 -1
right_child=1 4 3 -5 -6 -7
leaf_value=-0.033839499783147743 0.018270688607674085 0.018156385949295594 -0.017332270561260476 0.0043279156996672312 0.030201035377783295 -0.020956382453309073
leaf_weight=15.498853474855425 11.011770293116568 10.993236243724825 10.269582033157349 13.627050772309303 15.166920915246008 11.749257594346998
leaf_count=62 46 46 42 56 64 47
internal_value=-0.000224361 0.0129768 0.0024351 -0.00506184 0.0262153 -0.0294353
internal_weight=88.3167 61.0686 34.9084 23.8966 26.1602 27.2481
internal_count=363 254 144 98 110 109
is_linear=0
shrinkage=0.02


Tree=10
num_leaves=6
num_cat=0
split_feature=62 35 35 15 42
split_gain=78.082 12.967 5.36185 2.28512 0.0648056
threshold=1.0000000180025095e-35 0.00099140823216120459 -0.001069878405153616 3.9513769940802404e-10 2.6666666666663033
decision_type=2 2 2 2 2
left_child=4 2 -2 -4 -1
right_child=1 -3 3 -5 -6
leaf_value=-0.018700525589457281 0.015805917275401708 0.024658895523336808 -0.0056514210383227627 0.0059388991445214583 -0.03082758181630136
leaf_weight=10.748641714453699 11.308339297771452 21.762129455804825 13.635413095355036 11.66489903628826 17.498996511101723
leaf_count=43 47 92 56 48 70
internal_value=-0.000406842 0.0127055 0.00497357 -5.68557e-05 -0.0272154
internal_weight=86.6184 58.3708 36.6087 25.3003 28.2476
internal_count=356 243 151 104 113
is_linear=0
shrinkage=0.02


Tree=11
num_leaves=6
num_cat=0
split_feature=37 35 35 17 2
split_gain=84.7205 12.1097 7.48848 1.9826 0.937893
threshold=1.0000000180025095e-35 0.00095462359490763741 -0.00096382380428760574 0.0055561417453214136 842.50000000000011
decision_type=2 2 2 2 2
left_child=-1 2 -2 -3 -4
right_child=1 3 4 -5 -6
leaf_value=-0.029260784731570597 0.015853198524146496 0.027586639626177502 -0.0072416311947908416 0.012290621723945102 0.00053363374548753481
leaf_weight=27.737219125032425 12.502002120018004 15.772474482655527 9.7367648929357546 9.8947279751300794 11.418851479887961
leaf_count=111 52 67 40 42 47
internal_value=-0.000946481 0.012458 0.00412392 0.022597 -0.00293942
internal_weight=87.062 59.3248 33.6576 25.6672 21.1556
internal_count=359 248 139 109 87
is_linear=0
shrinkage=0.02


Tree=12
num_leaves=5
num_cat=0
split_feature=37 36 11 36
split_gain=69.9997 18.8567 14.9322 2.61758
threshold=1.0000000180025095e-35 0.48611919726713337 0.00019214328226708498 -0.13779365846340255
decision_type=2 2 2 2
left_child=-1 2 3 -2
right_child=1 -3 -4 -5
leaf_value=-0.027774803563945048 -0.014757793710738888 0.025554002648327138 0.016686850096735106 -0.0013111902992104557
leaf_weight=26.967198133468628 10.028050050139429 20.367066025733948 16.192018017172813 15.019754782319067
leaf_count=108 41 87 68 62
internal_value=-0.001425 0.0102727 0.00215735 -0.00728486
internal_weight=88.5741 61.6069 41.2398 25.0478
internal_count=366 258 171 103
is_linear=0
shrinkage=0.02


Tree=13
num_leaves=6
num_cat=0
split_feature=62 35 10 35 42
split_gain=76.598 17.0364 12.5064 4.71646 0.123422
threshold=1.0000000180025095e-35 0.0013152820286973981 1.0000000180025095e-35 -0.00022599881981608846 2.6666666666663033
decision_type=2 2 2 2 2
left_child=4 2 -2 -4 -1
right_child=1 -3 3 -5 -6
leaf_value=-0.018969152063448867 0.01922354842386766 0.026920906471901946 -0.013574714399822939 0.0029226755426334221 -0.031018038186373258
leaf_weight=11.722361579537393 13.76210382580757 20.168316975235939 10.286134317517282 16.243347182869911 16.459636896848679
leaf_count=47 58 87 42 67 66
internal_value=-0.000290658 0.0123144 0.00438275 -0.00351657 -0.0270337
internal_weight=88.6419 60.4599 40.2916 26.5295 28.182
internal_count=367 254 167 109 113
is_linear=0
shrinkage=0.02


Tree=14
num_leaves=7
num_cat=0
split_feature=62 35 3 42 35 42
split_gain=63.4444 15.2805 14.2042 1.57667 1.2949 0.61963
threshold=1.0000000180025095e-35 0.00099140823216120459 1.0000000180025095e-35 2.6666666666665688 0.00213076137536058 2.6666666666663033
decision_type=2 2 2 2 2 2
left_child=5 2 -2 -4 -3 -1
right_child=1 4 3 -5 -6 -7
leaf_value=-0.017035020224391847 0.021213694247804806 0.013037598449408341 -0.0099882864575478146 0 0.027323556003778639 -0.029548288956818252
leaf_weight=11.709529131650926 9.6636168360710126 9.5555911958217639 15.176461830735208 9.9521902501583082 14.005743354558943 16.927363634109497
leaf_count=47 41 41 62 41 61 68
internal_value=-0.00143953 0.0104385 0.00167453 -0.00613424 0.0225407 -0.0253815
internal_weight=86.9905 58.3536 34.7923 25.1287 23.5613 28.6369
internal_count=361 246 144 103 102 115
is_linear=0
shrinkage=0.02


Tree=15
num_leaves=5
num_cat=0
split_feature=37 36 11 36
split_gain=75.4598 11.139 9.87227 2.27093
threshold=1.0000000180025095e-35 0.48611919726713337 0.00012289933845573373 -0.10217007220279238
decision_type=2 2 2 2
left_child=-1 2 3 -2
right_child=1 -3 -4 -5
leaf_value=-0.02555284348389289 -0.0097087226931405427 0.024111419316854923 0.016322570900720725 0.0024759894493757086
leaf_weight=30.081290319561958 9.8260594159364718 21.127747520804405 18.656682208180428 12.151752158999441
leaf_count=121 40 92 79 50
internal_value=-4.09256e-06 0.0125527 0.0059639 -0.00289599
internal_weight=91.8435 61.7622 40.6345 21.9778
internal_count=382 261 169 90
is_linear=0
shrinkage=0.02


Tree=16
num_leaves=5
num_cat=0
split_feature=37 35 11 16
split_gain=72.6924 13.6347 8.84193 3.05153
threshold=1.0000000180025095e-35 0.0013152820286973981 0.00015366718417222859 0.025974378484936871
decision_type=2 2 2 2
left_child=-1 2 3 -2
right_child=1 -3 -4 -5
leaf_value=-0.025201619148419716 -0.0094755571844937127 0.026169941797850874 0.016829072831630904 0.004488263193056498
leaf_weight=28.531699776649475 10.951630160212519 20.209219858050346 15.56245596706867 11.664282053709028
leaf_count=115 45 89 66 48
internal_value=0.000376714 0.0131908 0.00567464 -0.00213448
internal_weight=86.9193 58.3876 38.1784 22.6159
internal_count=363 248 159 93
is_linear=0
shrinkage=0.02


Tree=17
num_leaves=6
num_cat=0
split_feature=37 35 3 17 35
split_gain=65.0444 13.5822 11.146 4.3112 1.44137
threshold=1.0000000180025095e-35 0.0013152820286973981 1.0000000180025095e-35 0.00081065151556054718 -0.0011475971649338205
decision_type=2 2 2 2 2
left_child=4 2 -2 -4 -1
right_child=1 -3 3 -5 -6
leaf_value=-0.028779993776939652 0.021444112461972656 0.024862569152194283 -0.007019641812564226 0.0081851131006254792 -0.014865360659275396
leaf_weight=17.816322892904285 10.470111131668089 19.821861520409584 19.916148275136951 10.422972664237021 11.144220188260077
leaf_count=72 45 88 82 43 45
internal_value=-6.33181e-05 0.0116228 0.00460761 -0.00151011 -0.0243007
internal_weight=89.5916 60.6311 40.8092 30.3391 28.9605
internal_count=375 258 170 125 117
is_linear=0
shrinkage=0.02


Tree=18
num_leaves=4
num_cat=0
split_feature=37 35 8
split_gain=69.3225 9.90129 10.1366
threshold=1.0000000180025095e-35 0.00095462359490763741 218.32500000000002
decision_type=2 2 2
left_child=-1 2 -2
right_child=1 -3 -4
leaf_value=-0.025018910191772929 -0.0049921927239605229 0.022142337722770817 0.016421419956876543
leaf_weight=30.121843829751015 18.292130127549171 22.518289372324944 15.071196272969244
leaf_count=122 75 100 64
internal_value=-0.00096873 0.0121015 0.00470274
internal_weight=86.0035 55.8816 33.3633
internal_count=361 239 139
is_linear=0
shrinkage=0.02


Tree=19
num_leaves=7
num_cat=0
split_feature=37 41 15 42 17 42
split_gain=59.3644 5.39689 3.49401 1.59438 2.74484 1.27665
threshold=1.0000000180025095e-35 16.479499999999465 4.1534284268306195e-29 2.666666666666734 1.7176301476090771e-05 2.6666666666663033
decision_type=2 2 2 2 2 2
left_child=5 2 -2 4 -3 -1
right_child=1 3 -4 -5 -6 -7
leaf_value=-0.013601832688529793 0.013057205955760999 0.0029002893693785728 -0.00044358016718531123 0.023577298400989318 0.019297886602373922 -0.027490978648968833
leaf_weight=9.8659944236278552 11.832869574427606 9.2728167772293109 16.897319689393044 13.804841220378874 9.0550757050514203 16.721915856003761
leaf_count=40 50 40 71 60 40 68
internal_value=0.0011026 0.0120349 0.00516722 0.0176531 0.0118914 -0.0232345
internal_weight=87.4508 60.8629 28.7302 32.1327 18.3279 26.5879
internal_count=369 261 121 140 80 108
is_linear=0
shrinkage=0.02


Tree=20
num_leaves=7
num_cat=1
split_feature=37 35 11 35 72 36
split_gain=44.9691 15.4084 9.95328 3.54007 2.884 1.57972
threshold=1.0000000180025095e-35 0.00091979233598493487 0.00019214328226708498 -0.0011475971649338205 0 0.66741511654332186
decision_type=2 2 2 2 1 2
left_child=3 2 4 -1 -2 -3
right_child=1 5 -4 -5 -6 -7
leaf_value=-0.027590569687538157 -0.011794383785071579 0.011926362667364226 0.014605044530218644 -0.0095616559526162624 0.001287160762237575 0.026482592930591561
leaf_weight=14.961845278739931 13.376744955778122 9.3393068313598651 14.135516643524168 9.8404672741889936 10.967456519603729 15.467286586761473
leaf_count=61 55 41 61 40 45 70
internal_value=0.000923256 0.00992903 0.00169439 -0.0213178 -0.00584594 0.0219094
internal_weight=88.0886 63.2863 38.4797 24.8023 24.3442 24.8066
internal_count=373 272 161 101 100 111
cat_boundaries=0 1
cat_threshold=4
is_linear=0
shrinkage=0.02


Tree=21
num_leaves=6
num_cat=0
split_feature=62 7 22 1 15
split_gain=53.7787 4.0409 1.45823 1.80064 0.606974
threshold=1.0000000180025095e-35 102.10625000000002 0.0031653331751576113 22.500000000000004 1.6891797016273841e-22
decision_type=2 2 2 2 2
left_child=4 -2 3 -3 -1
right_child=1 2 -4 -5 -6
leaf_value=-0.028210872871037733 0 0.0076898017410023988 0.0047168482265281843 0.018413676536580586 -0.01667647487887532
leaf_weight=11.012139409780504 11.176874920725821 14.417659908533095 10.085512951016424 24.883939296007156 17.624796628952026
leaf_count=45 47 62 44 109 72
internal_value=0 0.0106744 0.013088 0.014917 -0.0221166
internal_weight=89.2009 60.564 49.3871 39.3016 28.6369
internal_count=379 262 215 171 117
is_linear=0
shrinkage=0.02


Tree=22
num_leaves=6
num_cat=0
split_feature=35 10 8 35 11
split_gain=14.4247 18.769 18.6736 11.1437 1.97079
threshold=-0.0006092262932737558 1.0000000180025095e-35 264.15000000000003 0.0010722647401530314 8.0075076285764403e-05
decision_type=2 2 2 2 2
left_child=2 -2 4 -3 -1
right_child=1 3 -4 -5 -6
leaf_value=-0.024303271897327873 -0.013715241867033087 0.001206710224813057 0.011174070429398272 0.022761887984336641 -0.0097013469749181024
leaf_weight=14.686608523130419 12.627477452158926 18.011716842651367 10.70723846554756 21.49226576089859 9.850851505994795
leaf_count=60 53 74 46 98 41
internal_value=-1.90364e-05 0.00654987 -0.00981347 0.0133544 -0.0192855
internal_weight=87.3762 52.1315 35.2447 39.504 24.5375
internal_count=372 225 147 172 101
is_linear=0
shrinkage=0.02


Tree=23
num_leaves=7
num_cat=0
split_feature=37 35 10 52 35 25
split_gain=41.9194 13.5543 13.5779 4.10492 0.627421 0.301047
threshold=1.0000000180025095e-35 0.00095462359490763741 1.0000000180025095e-35 1.0000000180025095e-35 0.00213076137536058 0.00035509592032781601
decision_type=2 2 2 2 2 2
left_child=5 2 -2 -4 -3 -1
right_child=1 4 3 -5 -6 -7
leaf_value=-0.014877643937819632 0.016468820575830018 0.013435247198166012 -0.015890039595300241 8.0981436442775559e-05 0.025383956933424014 -0.025440144916900036
leaf_weight=15.343158215284349 14.961519941687582 10.553082272410395 10.52472922205925 12.904155313968658 13.754264965653418 10.218449413776396
leaf_count=63 65 47 43 53 64 42
internal_value=0.000919326 0.00977437 0.00205291 -0.00720469 0.0211694 -0.0201248
internal_weight=88.2594 62.6978 38.3904 23.4289 24.3073 25.5616
internal_count=377 272 161 96 111 105
is_linear=0
shrinkage=0.02


Tree=24
num_leaves=6
num_cat=0
split_feature=37 36 7 36 42
split_gain=54.9382 8.38835 2.46223 4.95323 0.540588
threshold=1.0000000180025095e-35 0.66741511654332186 195.78750000000002 -0.084063223176518612 2.6666666666663508
decision_type=2 2 2 2 2
left_child=4 2 -2 -4 -1
right_child=1 -3 3 -5 -6
leaf_value=-0.014600648830509521 0.001289313281887573 0.025537645298853922 0.019134890749475161 0.0013137611074733788 -0.026044917125886951
leaf_weight=12.163091614842417 17.145614519715309 14.56036803126335 14.196384876966476 12.162500903010368 14.049018606543539
leaf_count=50 71 68 61 53 58
internal_value=0.00176723 0.0126445 0.00771762 0.0114798 -0.0216867
internal_weight=84.277 58.0649 43.5045 26.3589 26.2121
internal_count=361 253 185 114 108
is_linear=0
shrinkage=0.02


Tree=25
num_leaves=6
num_cat=0
split_feature=62 36 35 35 35
split_gain=46.2345 14.7409 9.88376 1.9274 1.39519
threshold=1.0000000180025095e-35 0.48611919726713337 -0.00096382380428760574 -0.0011475971649338205 -0.00014155148648819531
decision_type=2 2 2 2 2
left_child=3 2 -2 -1 -4
right_child=1 -3 4 -5 -6
leaf_value=-0.027526319725158978 0.015793284991935441 0.022297300461381606 -0.010730094860008553 -0.012818563144226637 -0.0010650799183466952
leaf_weight=15.193037047982218 12.484737589955328 20.741460740566254 9.7087422460317629 11.166766598820685 17.83101324737072
leaf_count=63 54 96 40 46 75
internal_value=-0.000509651 0.00901438 0.00160894 -0.0222112 -0.00493916
internal_weight=87.1258 60.766 40.0245 26.3598 27.5398
internal_count=374 265 169 109 115
is_linear=0
shrinkage=0.02


Tree=26
num_leaves=6
num_cat=0
split_feature=37 35 8 2 42
split_gain=50.3749 19.0343 8.29929 2.70636 0.423427
threshold=1.0000000180025095e-35 0.00095462359490763741 213.87500000000003 847.50000000000011 2.6666666666663033
decision_type=2 2 2 2 2
left_child=4 2 3 -2 -1
right_child=1 -3 -4 -5 -6
leaf_value=-0.014404099805369264 -0.014549202509675197 0.023250864949605078 0.011472609041221335 0 -0.025422877532152579
leaf_weight=11.353355392813684 10.026493236422541 24.924698740243912 14.752173617482184 9.7404899299144727 16.560870975255966
leaf_count=47 41 116 64 40 69
internal_value=-2.39116e-05 0.0102951 0.000380144 -0.0077631 -0.021802
internal_weight=87.3581 59.4439 34.5192 19.767 27.9142
internal_count=377 261 145 81 116
is_linear=0
shrinkage=0.02


Tree=27
num_leaves=6
num_cat=0
split_feature=37 35 7 35 15
split_gain=51.7118 8.80805 5.70524 1.22618 0.144411
threshold=1.0000000180025095e-35 0.00091979233598493487 205.99375000000003 0.00213076137536058 1.6891797016273841e-22
decision_type=2 2 2 2 2
left_child=4 2 -2 -3 -1
right_child=1 3 -4 -5 -6
leaf_value=-0.028111542158318025 -0.0037888239576007259 0.012216379246347621 0.01228296117063511 0.025508280430377089 -0.017287284449933219
leaf_weight=10.541143104434015 17.78854900598526 11.36946737766266 15.262622743844984 11.561225742101668 16.330013990402222
leaf_count=44 73 52 66 56 68
internal_value=-0.0002139 0.0106366 0.00359948 0.0199545 -0.022605
internal_weight=82.853 55.9819 33.0512 22.9307 26.8712
internal_count=359 247 139 108 112
is_linear=0
shrinkage=0.02


Tree=28
num_leaves=7
num_cat=0
split_feature=62 35 35 17 42 35
split_gain=43.5915 8.58889 6.31403 7.87326 2.6104 0.440731
threshold=1.0000000180025095e-35 0.00095462359490763741 -0.001317540701160586 0.0046689373689872242 2.666666666666289 0.00213076137536058
decision_type=2 2 2 2 2 2
left_child=4 2 -2 -4 -1 -3
right_child=1 5 3 -5 -6 -7
leaf_value=-0.0089492470633942087 0.016517221211722659 0.013659261115885732 -0.0093626375718391629 0.012335687991605171 -0.024746209239946491 0.025256121763578682
leaf_weight=9.6058029383420962 11.118485778570173 11.175401017069818 16.148100867867473 9.9140404611825925 16.391332700848579 11.059752523899077
leaf_count=40 49 51 67 41 69 54
internal_value=0.00138695 0.0108769 0.00456369 -0.000736056 -0.0196793 0.0205245
internal_weight=85.4129 59.4158 37.1806 26.0621 25.9971 22.2352
internal_count=371 262 157 108 109 105
is_linear=0
shrinkage=0.02


Tree=29
num_leaves=6
num_cat=0
split_feature=37 36 9 16 15
split_gain=42.9973 14.2811 5.2755 0.723953 0.195652
threshold=1.0000000180025095e-35 0.33054742167487389 209.67500000000004 0.00042443701575027478 3.9513769940802404e-10
decision_type=2 2 2 2 2
left_child=3 2 -2 -1 -3
right_child=1 4 -4 -5 -6
leaf_value=-0.012393576983093225 -0.0069455027414202196 0.025636263002338205 0.0089513107223483952 -0.022887765626118838 0.014158353007777782
leaf_weight=13.576882094144823 13.90656837821007 14.951531976461412 17.611113056540489 15.190873697400091 9.04130572080612
leaf_count=57 57 71 77 64 42
internal_value=0.000667622 0.0109744 0.00175475 -0.0187193 0.0222906
internal_weight=84.2783 55.5105 31.5177 28.7678 23.9928
internal_count=368 247 134 121 113
is_linear=0
shrinkage=0.02


Tree=30
num_leaves=7
num_cat=0
split_feature=36 8 8 35 14 23
split_gain=10.5038 13.5163 4.5908 2.55485 3.68722 0.918288
threshold=-0.33497054600515691 264.15000000000003 278.97500000000008 0.00095462359490763741 5.3907269127241858e-05 0.3947955180304164
decision_type=2 2 2 2 2 2
left_child=1 5 3 -2 -5 -1
right_child=2 -3 -4 4 -6 -7
leaf_value=-0.0088676425121744836 0.0037899621924910826 0.0096751143471637477 -0.0033493538317232213 0.0037279579271832083 0.022139284011579191 -0.020545896137652977
leaf_weight=9.4908424317836779 18.102202251553535 10.905971258878706 12.551613390445707 8.8646265417337435 11.297014608979223 12.839931100606917
leaf_count=40 75 48 56 41 54 54
internal_value=0.000868153 -0.00765818 0.00660092 0.0100199 0.0148865 -0.0164325
internal_weight=84.0522 33.2367 50.8155 38.2638 20.1616 22.3308
internal_count=368 142 226 170 95 94
is_linear=0
shrinkage=0.02


Tree=31
num_leaves=6
num_cat=0
split_feature=37 7 15 42 42
split_gain=50.9951 2.62802 2.48312 2.14026 0.0276381
threshold=1.0000000180025095e-35 205.99375000000003 4.8475090589675795e-05 2.6666666666666772 2.6666666666665253
decision_type=2 2 2 2 2
left_child=-1 2 -2 4 -3
right_child=1 3 -4 -5 -6
leaf_value=-0.023138655346218569 0.0090196698467053978 0.0041794926352699702 -0.0030431823406060739 0.019672921936192515 0.0097722898986696647
leaf_weight=26.90946164727211 16.464060664176944 8.7781908512115532 9.5973702073097211 14.018777564167975 8.6819977909326536
leaf_count=114 71 40 41 64 40
internal_value=-0.000837575 0.0097064 0.00440739 0.0136379 0.00766423
internal_weight=84.4499 57.5404 26.0614 31.479 17.4602
internal_count=370 256 112 144 80
is_linear=0
shrinkage=0.02


Tree=32
num_leaves=6
num_cat=1
split_feature=37 35 35 73 35
split_gain=35.5221 11.0423 6.99728 4.48798 2.30535
threshold=1.0000000180025095e-35 0.00095462359490763741 -0.0011751821256482018 0 -0.0011475971649338205
decision_type=2 2 2 1 2
left_child=4 2 -2 -4 -1
right_child=1 -3 3 -5 -6
leaf_value=-0.021870119993358451 0.017659444221652158 0.021845865432633928 0.006042193179563538 -0.010244682835837012 -0.007624341038476124
leaf_weight=14.729277163743975 9.2490275800228101 22.843093067407608 12.690895408391953 12.109472632408142 10.917611181735991
leaf_count=63 41 111 53 50 46
internal_value=0.00250685 0.0113363 0.0036923 -0.00176662 -0.0165447
internal_weight=82.5394 56.8925 34.0494 24.8004 25.6469
internal_count=364 255 144 103 109
cat_boundaries=0 1
cat_threshold=2
is_linear=0
shrinkage=0.02


Tree=33
num_leaves=6
num_cat=0
split_feature=37 35 47 22 17
split_gain=45.1318 8.99159 4.98021 3.54426 1.04973
threshold=1.0000000180025095e-35 0.0013152820286973981 1.0000000180025095e-35 0.00059784165722140729 0.0055561417453214136
decision_type=2 2 2 2 2
left_child=4 2 -2 -4 -1
right_child=1 -3 3 -5 -6
leaf_value=-0.023494343102576792 -0.0031917799333165647 0.022037516254901138 0.019197622489196882 0.0024011520244076666 -0.011051702174466212
leaf_weight=17.762174427509311 16.029500558972359 18.707810789346695 10.077894702553751 11.527109757065771 9.3763650357723218
leaf_count=76 69 93 44 48 40
internal_value=0.000724709 0.0109641 0.00487632 0.0110041 -0.0199542
internal_weight=83.4809 56.3423 37.6345 21.605 27.1385
internal_count=370 254 161 92 116
is_linear=0
shrinkage=0.02


Tree=34
num_leaves=7
num_cat=0
split_feature=37 35 35 1 17 15
split_gain=35.4937 9.75287 6.90963 4.44368 1.349 0.202034
threshold=1.0000000180025095e-35 0.00095462359490763741 -0.00096382380428760574 27.500000000000004 0.0055561417453214136 1.6891797016273841e-22
decision_type=2 2 2 2 2 2
left_child=5 2 -2 -4 -3 -1
right_child=1 4 3 -5 -6 -7
leaf_value=-0.022903284759080891 0.015109180962860449 0.024172021907644316 -0.012320038998769883 0.0040857475968178233 0.010267672133178982 -0.013335394873732294
leaf_weight=10.407496333122255 11.310649394989012 13.83783069252968 10.667961955070497 13.68043904006481 8.7489256560802442 14.97803011536598
leaf_count=45 50 69 44 57 43 64
internal_value=0.00102387 0.00967147 0.0027888 -0.00306801 0.0197042 -0.0182048
internal_weight=83.6313 58.2458 35.6591 24.3484 22.5868 25.3855
internal_count=372 263 151 101 112 109
is_linear=0
shrinkage=0.02


Tree=35
num_leaves=6
num_cat=0
split_feature=62 18 25 34 42
split_gain=41.2536 2.08089 2.63849 3.02087 0.281522
threshold=1.0000000180025095e-35 9.3297245163462436e-06 -0.00076581192294078459 1.0936599898479593 2.6666666666663033
decision_type=2 2 2 2 2
left_child=4 2 -2 -4 -1
right_child=1 -3 3 -5 -6
leaf_value=-0.013978566386001151 0.01767407641852347 0.00059638614508495844 0.00097831458814203777 0.013795180363708892 -0.025133837315293919
leaf_weight=10.047095611691477 14.894161731004713 11.710133671760557 18.515211865305904 12.801443338394163 14.75254189968109
leaf_count=43 69 52 83 58 64
internal_value=-0.000410463 0.00875716 0.0106416 0.00666794 -0.021564
internal_weight=82.7206 57.921 46.2108 31.3167 24.7996
internal_count=369 262 210 141 107
is_linear=0
shrinkage=0.02


Tree=36
num_leaves=6
num_cat=0
split_feature=37 36 11 36 34
split_gain=42.6433 9.06993 4.5015 4.98174 4.81295
threshold=1.0000000180025095e-35 0.6479261370560977 0.00010260540286847117 -0.16399707932964822 1.0389577992021131
decision_type=2 2 2 2 2
left_child=-1 2 4 -4 -2
right_child=1 -3 3 -5 -6
leaf_value=-0.020573449753856776 -0.011763135535642845 0.022759779936223939 0.01995948883357318 0 0.0066976109817608806
leaf_weight=26.726351544260979 9.7146159708499926 14.710191383957861 10.362804710865019 9.8764457851648348 10.684657901525496
leaf_count=116 41 75 47 44 45
internal_value=-0.000200433 0.00972117 0.00442415 0.0109229 -0.00195232
internal_weight=82.0751 55.3487 40.6385 20.2393 20.3993
internal_count=368 252 177 91 86
is_linear=0
shrinkage=0.02


Tree=37
num_leaves=6
num_cat=0
split_feature=37 35 11 36 7
split_gain=35.5431 11.4327 4.22309 5.13887 3.10709
threshold=1.0000000180025095e-35 0.0013152820286973981 8.1233914030542944e-05 -0.16399707932964822 195.78750000000002
decision_type=2 2 2 2 2
left_child=4 2 -2 -4 -1
right_child=1 -3 3 -5 -6
leaf_value=-0.008030143097651557 -0.0032887430935570443 0.023036984144142326 0.0184140665961245 -0.00070863129341534479 -0.0239775066344067
leaf_weight=10.860311031341555 19.136567264795303 16.191590905189514 10.56790938973427 9.6785437017679197 15.95333857834339
leaf_count=47 79 83 48 42 70
internal_value=0.000186174 0.00935514 0.00315036 0.00938722 -0.018255
internal_weight=82.3883 55.5746 39.383 20.2465 26.8136
internal_count=369 252 169 90 117
is_linear=0
shrinkage=0.02


Tree=38
num_leaves=7
num_cat=0
split_feature=62 11 35 7 17 1
split_gain=39.1797 5.26142 6.80211 2.54869 2.19999 0.918734
threshold=1.0000000180025095e-35 0.0001131658038095478 0.00095462359490763741 126.90625000000001 0.0019708822736891067 22.500000000000004
decision_type=2 2 2 2 2 2
left_child=4 2 3 -2 -1 -3
right_child=1 5 -4 -5 -6 -7
leaf_value=-0.021370629931132892 0.0057200411189551569 0.0096389735400765394 0.017177034139258633 -0.0075568843145460765 -0.007323100497515945 0.021546425781749663
leaf_weight=17.739856377243999 9.7969628721475619 8.771521598100664 11.720549479126928 11.119785785675047 9.8393083661794645 16.947015821933746
leaf_count=78 40 41 59 46 43 81
internal_value=0.00218202 0.0114825 0.00560903 -0.00108724 -0.0170005 0.0182226
internal_weight=85.935 58.3558 32.6373 20.9167 27.5792 25.7185
internal_count=388 267 145 86 121 122
is_linear=0
shrinkage=0.02


Tree=39
num_leaves=6
num_cat=0
split_feature=37 35 36 11 17
split_gain=27.4199 12.5991 8.3828 8.10991 0.970922
threshold=1.0000000180025095e-35 0.0013152820286973981 0.028617872507534548 0.00016789850175384741 0.0015982031348313931
decision_type=2 2 2 2 2
left_child=4 2 3 -2 -1
right_child=1 -3 -4 -5 -6
leaf_value=-0.021529378853877675 -0.0039008745175817721 0.020003938626778503 -0.011136803759141545 0.018103526828582156 -0.0096150901869062368
leaf_weight=16.276410505175594 12.111873880028726 17.84351122379303 15.157597139477728 12.405733615159987 9.1436290144920331
leaf_count=72 50 93 65 57 40
internal_value=-0.00103574 0.00653712 0 0.00727119 -0.017997
internal_weight=82.9388 57.5187 39.6752 24.5176 25.42
internal_count=377 265 172 107 112
is_linear=0
shrinkage=0.02


Tree=40
num_leaves=6
num_cat=1
split_feature=62 35 35 72 7
split_gain=30.1926 10.2475 5.04241 6.37981 1.54998
threshold=1.0000000180025095e-35 0.0013152820286973981 -0.00096382380428760574 0 195.78750000000002
decision_type=2 2 2 1 2
left_child=4 2 -2 -4 -1
right_child=1 -3 3 -5 -6
leaf_value=-0.0086595601673002745 0.012944470302352169 0.021529339778549979 -0.011757767219425865 0.006775574983308703 -0.020926529368266923
leaf_weight=11.418430835008623 12.702506750822065 16.726805791258812 12.80223174393177 14.844555601477623 15.682917341589926
leaf_count=50 58 89 54 63 70
internal_value=0.000486478 0.00878314 0.00296122 -0.00170796 -0.0164638
internal_weight=84.1774 57.0761 40.3493 27.6468 27.1013
internal_count=384 264 175 117 120
cat_boundaries=0 1
cat_threshold=4
is_linear=0
shrinkage=0.02


Tree=41
num_leaves=7
num_cat=0
split_feature=37 36 11 34 36 16
split_gain=30.1754 7.02912 9.15589 1.57056 1.29354 0.210651
threshold=1.0000000180025095e-35 0.70414632998166049 8.8854184879520466e-05 1.0998820064072869 -0.16399707932964822 1.7600940421562861e-06
decision_type=2 2 2 2 2 2
left_child=5 2 3 -2 -4 -1
right_child=1 -3 4 -5 -6 -7
leaf_value=-0.010768863174824022 -0.010303349957203542 0.022454907210198324 0.017951846224901719 0.00031127515414402411 0.0062488546920837634 -0.020142475105866392
leaf_weight=9.9336049556732195 9.5002525001764315 11.699021056294439 12.317899048328398 9.5638151466846448 10.379136562347414 14.519928917288778
leaf_count=44 40 63 57 40 47 65
internal_value=0.000761478 0.00922589 0.00494112 -0.00492919 0.0133429 -0.0171431
internal_weight=77.9137 53.4601 41.7611 19.0641 22.697 24.4535
internal_count=356 247 184 80 104 109
is_linear=0
shrinkage=0.02


Tree=42
num_leaves=6
num_cat=0
split_feature=37 36 7 36 35
split_gain=34.5759 7.80901 5.21369 6.01753 0.479817
threshold=1.0000000180025095e-35 0.48611919726713337 205.99375000000003 -0.1407238215495418 -0.0011475971649338205
decision_type=2 2 2 2 2
left_child=4 2 -2 -4 -1
right_child=1 -3 3 -5 -6
leaf_value=-0.02047541309929669 -0.0021889826290154442 0.02189667358671854 0.0207507476109457 0 -0.010191579772484218
leaf_weight=15.498189941048624 18.63000051677227 16.181333556771278 11.862951055169107 9.662738084793089 9.5380670428276044
leaf_count=70 77 85 55 43 42
internal_value=0.00171946 0.0104443 0.00526368 0.011791 -0.0173299
internal_weight=81.3733 56.337 40.1557 21.5257 25.0363
internal_count=372 260 175 98 112
is_linear=0
shrinkage=0.02


Tree=43
num_leaves=6
num_cat=0
split_feature=37 36 51 36 42
split_gain=29.6045 7.10744 6.00591 5.67798 1.67148
threshold=1.0000000180025095e-35 0.48611919726713337 1.0000000180025095e-35 -0.084063223176518612 2.6666666666663255
decision_type=2 2 2 2 2
left_child=4 2 -2 -4 -1
right_child=1 -3 3 -5 -6
leaf_value=-0.0096028737679628058 0.014431010310789548 0.01872057844407712 0.006117688243821872 -0.012277403144072803 -0.022943586518865775
leaf_weight=11.273815438151361 11.497818946838377 17.309642106294632 13.157939359545708 11.514883622527122 13.171361267566679
leaf_count=50 51 92 59 49 60
internal_value=8.97186e-05 0.00848173 0.00304864 -0.00237747 -0.017646
internal_weight=77.9255 53.4803 36.1706 24.6728 24.4452
internal_count=361 251 159 108 110
is_linear=0
shrinkage=0.02


Tree=44
num_leaves=7
num_cat=0
split_feature=62 36 7 36 25 25
split_gain=29.207 8.01856 3.54346 5.99894 3.64916 0.364423
threshold=1.0000000180025095e-35 0.70414632998166049 205.99375000000003 -0.19580769382598615 0.00059517329262227369 -0.00077867716879202579
decision_type=2 2 2 2 2 2
left_child=5 2 4 -4 -2 -1
right_child=1 -3 3 -5 -6 -7
leaf_value=-0.011384205538763166 0.0053636337952258761 0.022163793666402642 0.019424059652996161 0 -0.010578802740631747 -0.021557826647826888
leaf_weight=10.626785010099413 11.031682312488558 11.852802723646162 10.794512271881104 14.507454946637154 9.6975896656513196 13.0043338984251
leaf_count=48 47 66 51 66 40 59
internal_value=0.000341716 0.00805756 0.00390367 0.00882933 -0.00196206 -0.0178743
internal_weight=81.5152 57.884 46.0312 25.302 20.7293 23.6311
internal_count=377 270 204 117 87 107
is_linear=0
shrinkage=0.02


Tree=45
num_leaves=7
num_cat=0
split_feature=62 35 10 15 35 35
split_gain=23.974 7.12947 10.6309 3.00894 1.37103 0.0828274
threshold=1.0000000180025095e-35 0.00097425458953751595 1.0000000180025095e-35 5.048853323038061e-13 -0.0011475971649338205 0.0022167039677796403
decision_type=2 2 2 2 2 2
left_child=4 2 -2 -4 -1 -3
right_child=1 5 3 -5 -6 -7
leaf_value=-0.020326350163026512 0.014532246802083607 0.01036277387111258 -0.014830028081329601 0 -0.0083966239907859435 0.020678704833522073
leaf_weight=16.085822060704235 13.473445713520048 7.8900399357080486 10.124490216374399 10.420206919312475 10.731834039092062 8.9400763809680921
leaf_count=74 63 40 42 43 48 51
internal_value=-0.00121327 0.00675735 0.00116179 -0.00759575 -0.0162415 0.0170315
internal_weight=77.6659 50.8483 34.0181 20.5447 26.8177 16.8301
internal_count=361 239 148 85 122 91
is_linear=0
shrinkage=0.02


Tree=46
num_leaves=7
num_cat=0
split_feature=62 34 14 15 17 17
split_gain=25.9033 2.95434 2.8128 2.51292 1.68 0.988389
threshold=1.0000000180025095e-35 0.88563661862500964 4.7169550321151341e-06 4.1534284268306195e-29 0.0019708822736891067 1.9429421945777921e-06
decision_type=2 2 2 2 2 2
left_child=4 3 -3 -2 -1 -4
right_child=1 2 5 -5 -6 -7
leaf_value=-0.020189889811923715 -0.0053257689621186025 0.002358844939545269 0.0089051043416674795 0.0076710023724917559 -0.0070523145425137879 0.020760076738746407
leaf_weight=15.847960248589517 9.0338176637887972 10.220360711216928 10.20491147041321 12.891554519534109 9.2951158732175809 11.330626875162123
leaf_count=73 43 48 49 61 42 54
internal_value=0.00028305 0.00818118 0.0120355 0.00205555 -0.0160181 0.0160531
internal_weight=78.8243 53.6813 31.7559 21.9254 25.1431 21.5355
internal_count=370 255 151 104 115 103
is_linear=0
shrinkage=0.02


Tree=47
num_leaves=6
num_cat=0
split_feature=36 10 11 35 17
split_gain=8.49636 16.5296 14.9811 4.17557 1.54532
threshold=-0.16399707932964822 1.0000000180025095e-35 0.00019214328226708498 0.00095462359490763741 0.0019708822736891067
decision_type=2 2 2 2 2
left_child=2 -2 4 -3 -1
right_child=1 3 -4 -5 -6
leaf_value=-0.019247274570085515 -0.012591906952177264 0.0037401025589021476 0.011599864307887005 0.019146208792077159 -0.0066086656230886333
leaf_weight=16.243085205554966 12.767361640930174 13.333356052637098 10.910903811454771 19.388278603553772 9.1562870442867261
leaf_count=73 58 55 53 106 40
internal_value=4.55571e-05 0.00582093 -0.00699102 0.0133436 -0.0153413
internal_weight=81.7993 45.489 36.3103 32.7216 25.3994
internal_count=385 219 166 161 113
is_linear=0
shrinkage=0.02


Tree=48
num_leaves=6
num_cat=0
split_feature=37 36 11 36 36
split_gain=24.4965 7.41881 8.31181 2.37184 0.148904
threshold=1.0000000180025095e-35 0.66741511654332186 0.00016981130837161033 -0.10217007220279238 -1.1204758662298246
decision_type=2 2 2 2 2
left_child=4 2 3 -2 -1
right_child=1 -3 -4 -5 -6
leaf_value=-0.021383084870835393 -0.011301959138346172 0.020481190397860533 0.014500030729859646 0.00076433109400485103 -0.01235801807935093
leaf_weight=8.7835231274366397 10.069530516862867 12.059689551591871 13.819764673709868 13.547251313924791 16.288179725408554
leaf_count=41 42 69 66 60 75
internal_value=-0.000641449 0.00741395 0.00262507 -0.00438678 -0.0164489
internal_weight=74.5679 49.4962 37.4365 23.6168 25.0717
internal_count=353 237 168 102 116
is_linear=0
shrinkage=0.02


Tree=49
num_leaves=7
num_cat=0
split_feature=62 36 11 36 34 17
split_gain=12.9561 11.3319 5.21275 7.01542 3.83272 0.487906
threshold=1.0000000180025095e-35 0.70414632998166049 0.00011566113127690389 -0.1845888410674498 0.99418529141716949 0.0010147531237327909
decision_type=2 2 2 2 2 2
left_child=5 2 4 -4 -2 -1
right_child=1 -3 3 -5 -6 -7
leaf_value=-0.018116314628856146 -0.017022417523705632 0.01986286882850102 0.017220290039986312 -0.0063620392440011707 0 -0.0082486667322950891
leaf_weight=13.237781792879106 10.040519386529924 11.282944515347479 9.0875245481729525 8.8416243344545347 11.16472055017948 9.1426300108432752
leaf_count=62 42 66 44 40 48 42
internal_value=-0.00250506 0.00304822 -0.00202428 0.00555214 -0.00866194 -0.0148671
internal_weight=72.7977 50.4173 39.1344 17.9291 21.2052 22.3804
internal_count=344 240 174 84 90 104
is_linear=0
shrinkage=0.02


Tree=50
num_leaves=6
num_cat=0
split_feature=37 35 34 11 9
split_gain=18.9089 8.27015 5.56662 6.38657 1.14731
threshold=1.0000000180025095e-35 0.0013152820286973981 1.1083103562694896 0.00010020086599184634 178.10000000000005
decision_type=2 2 2 2 2
left_child=4 2 3 -2 -1
right_child=1 -3 -4 -5 -6
leaf_value=-0.0070728341995588903 -0.015797912695177045 0.018714466185383367 0.0095213820743255129 0.004961037608362329 -0.01925003116774229
leaf_weight=8.6635531187057513 10.58114315569401 14.689018234610556 17.358479335904121 10.803775265812872 13.271273896098135
leaf_count=40 44 85 76 50 63
internal_value=0 0.00643019 0.00126811 -0.00528923 -0.0152201
internal_weight=75.3672 53.4324 38.7434 21.3849 21.9348
internal_count=358 255 170 94 103
is_linear=0
shrinkage=0.02


Tree=51
num_leaves=6
num_cat=0
split_feature=62 36 11 15 18
split_gain=22.0336 10.5171 7.07211 4.24543 0.78941
threshold=1.0000000180025095e-35 0.70414632998166049 0.00018665133181007052 7.6982838515213687e-06 1.0786997611434741e-17
decision_type=2 2 2 2 2
left_child=4 2 3 -2 -1
right_child=1 -3 -4 -5 -6
leaf_value=-0.010589445065981504 0.00073413724105342185 0.021584386257911783 0.013380976945664659 -0.014620820208806701 -0.021364293977941512
leaf_weight=12.824807778000833 20.454492896795276 11.958411172032354 11.792244926095007 9.527543902397154 11.824308916926382
leaf_count=60 88 71 57 41 56
internal_value=-0.00128087 0.00582287 0.000771537 -0.00426605 -0.0166235
internal_weight=78.3818 53.7327 41.7743 29.982 24.6491
internal_count=373 257 186 129 116
is_linear=0
shrinkage=0.02


Tree=52
num_leaves=6
num_cat=0
split_feature=37 35 36 25 36
split_gain=22.6811 4.34348 7.73586 2.05173 1.94171
threshold=1.0000000180025095e-35 0.00099140823216120459 0.072005690436387021 0.00045079678525192945 -0.35899223849779477
decision_type=2 2 2 2 2
left_child=3 2 4 -1 -2
right_child=1 -3 -4 -5 -6
leaf_value=-0.0086135677777055396 0.017249575660957736 0.016647571623524756 -0.010237907214359819 -0.022163150934204429 0.004309566024819537
leaf_weight=14.586151048541071 8.5018381476402265 14.943473428487776 10.070014178752897 10.509703159332274 14.36631825566292
leaf_count=69 41 85 42 50 62
internal_value=-1.53084e-05 0.00794186 0.00344129 -0.0151497 0.00989288
internal_weight=72.9775 47.8816 32.9382 25.0959 22.8682
internal_count=349 230 145 119 103
is_linear=0
shrinkage=0.02


Tree=53
num_leaves=7
num_cat=0
split_feature=37 36 11 36 2 9
split_gain=22.5964 9.02383 4.8283 4.64518 3.52081 0.729308
threshold=1.0000000180025095e-35 0.70414632998166049 0.00010260540286847117 -0.16807528301983829 847.50000000000011 149.63125000000005
decision_type=2 2 2 2 2 2
left_child=5 2 4 -4 -2 -1
right_child=1 -3 3 -5 -6 -7
leaf_value=-0.0089527569399521362 -0.012691682562160059 0.022487743609503171 0.017682049117239668 -0.00017139414875720984 0.003031109613458015 -0.020146624463533196
leaf_weight=8.6237054169178027 10.301313579082491 9.893830940127371 9.8981471061706543 11.098823681473732 9.9285458624362928 15.348533168435095
leaf_count=40 44 60 49 52 42 74
internal_value=-0.00118576 0.00624126 0.00176004 0.00839333 -0.00491322 -0.0168798
internal_weight=75.0929 51.1207 41.2268 20.997 20.2299 23.9722
internal_count=361 247 187 101 86 114
is_linear=0
shrinkage=0.02


Tree=54
num_leaves=6
num_cat=0
split_feature=62 35 25 35 17
split_gain=19.1388 9.82212 4.63686 1.50765 1.33471
threshold=1.0000000180025095e-35 0.00095462359490763741 -0.00067726433073048988 -0.0011475971649338205 5.2553356351675072e-08
decision_type=2 2 2 2 2
left_child=3 2 -2 -1 -4
right_child=1 -3 4 -5 -6
leaf_value=-0.018641319910291079 0.01219638770600864 0.019186007206604377 -0.0088475565205187196 -0.0059110170471743245 3.5854128966072745e-05
leaf_weight=12.990231364965441 9.6772477775812131 18.033886387944221 9.6978532969951647 9.1781792193651182 14.860231220722197
leaf_count=63 45 104 42 43 63
internal_value=0.00098581 0.00764657 0.00102575 -0.0141123 -0.00344631
internal_weight=74.4376 52.2692 34.2353 22.1684 24.5581
internal_count=360 254 150 106 105
is_linear=0
shrinkage=0.02


Tree=55
num_leaves=7
num_cat=0
split_feature=37 35 11 34 35 35
split_gain=18.1568 7.93177 6.99571 5.00098 2.17384 0.859903
threshold=1.0000000180025095e-35 0.0013152820286973981 0.00010020086599184634 1.1449002150301519 -0.00065387268826158065 -0.0011751821256482018
decision_type=2 2 2 2 2 2
left_child=5 2 3 -2 -4 -1
right_child=1 -3 4 -5 -6 -7
leaf_value=-0.017709147028018752 -0.015211476413700849 0.018531554470036599 0.016802055377736155 0.0036643347478992013 0.002234438071767565 -0.0068086915356634064
leaf_weight=14.019002482295038 10.632861614227297 15.097286447882651 9.2058791667222959 9.4813788384199125 9.2647749930620211 8.7215390503406507
leaf_count=69 44 91 46 40 41 41
internal_value=0.000284323 0.00669647 0.00156297 -0.00627755 0.0102932 -0.0142442
internal_weight=76.4227 53.6822 38.5849 20.1142 18.4707 22.7405
internal_count=372 262 171 84 87 110
is_linear=0
shrinkage=0.02


Tree=56
num_leaves=6
num_cat=0
split_feature=62 35 18 23 42
split_gain=21.2289 6.68843 3.84131 3.46215 2.36688
threshold=1.0000000180025095e-35 0.00213076137536058 9.3297245163462436e-06 0.51153786887439523 2.6666666666663033
decision_type=2 2 2 2 2
left_child=4 2 3 -2 -1
right_child=1 -3 -4 -5 -6
leaf_value=-0.0063527245200805408 0.012686851198609921 0.0204468899225549 -0.0070147947992093545 0 -0.021397337731635605
leaf_weight=9.4884606450796145 15.863310337066649 10.378407686948774 10.411279797554014 16.499139428138733 13.372866049408911
leaf_count=45 72 66 47 76 66
internal_value=-0.000142407 0.00670711 0.00284534 0.00631245 -0.0159325
internal_weight=76.0135 53.1521 42.7737 32.3624 22.8613
internal_count=372 261 195 148 111
is_linear=0
shrinkage=0.02


Tree=57
num_leaves=6
num_cat=0
split_feature=37 36 16 42 16
split_gain=21.2706 7.67728 3.23756 5.2493 1.46933
threshold=1.0000000180025095e-35 0.70414632998166049 0.10538711409646616 2.666666666666734 0.0015185305141922581
decision_type=2 2 2 2 2
left_child=4 2 3 -2 -1
right_child=1 -3 -4 -5 -6
leaf_value=-0.0085062097983306228 -0.0070337983377684746 0.020762182031121509 0.009655750970765261 0.010675473382033902 -0.020921218654311111
leaf_weight=11.800420776009561 20.242716535925869 11.041970431804655 15.207680284976957 8.6747572124004346 12.215454101562498
leaf_count=57 89 70 69 40 60
internal_value=-0.000236783 0.00652304 0.00244571 -0.0013415 -0.0156447
internal_weight=79.183 55.1671 44.1252 28.9175 24.0159
internal_count=385 268 198 129 117
is_linear=0
shrinkage=0.02


Tree=58
num_leaves=7
num_cat=0
split_feature=37 35 8 18 35 25
split_gain=11.242 9.24026 5.14276 3.67992 0.538241 0.0646375
threshold=1.0000000180025095e-35 0.00095462359490763741 213.87500000000003 3.5016126244528041e-18 -0.0011475971649338205 -0.00049824471612085728
decision_type=2 2 2 2 2 2
left_child=4 2 3 -2 -1 -3
right_child=1 5 -4 -5 -6 -7
leaf_value=-0.014975012533136612 0.00035521999516829937 0.0099307884093185368 0.0080086394169923275 -0.015362412467579308 -0.005899800173843334 0.020433459837959907
leaf_weight=12.738214373588564 11.616132184863092 7.0165035426616695 14.552522152662275 9.7901328355073911 9.2743182033300382 9.0330187678337079
leaf_count=64 48 40 69 40 44 55
internal_value=-8.60201e-05 0.00490287 -0.000669027 -0.00693025 -0.0118347 0.0170456
internal_weight=74.0208 52.0083 35.9588 21.4063 22.0125 16.0495
internal_count=360 252 157 88 108 95
is_linear=0
shrinkage=0.02


Tree=59
num_leaves=7
num_cat=0
split_feature=37 42 34 7 14 14
split_gain=14.8458 5.91256 4.45673 2.83007 1.13547 0.619511
threshold=1.0000000180025095e-35 2.6666666666666772 1.0309038337910541 174.76250000000002 0.0052507293448422901 0.00031160162164424341
decision_type=2 2 2 2 2 2
left_child=5 2 3 -2 -3 -1
right_child=1 4 -4 -5 -6 -7
leaf_value=-0.017311054228849404 0.0012177353179566208 0.0070547202585834528 0.0075824955990937146 -0.013685188175679463 0.020279574369918202 -0.0073792418260249671
leaf_weight=13.39488895237446 8.5532326251268405 8.7132743895053881 16.18417102098465 9.2127965390682203 7.9813692122697821 9.3577733635902387
leaf_count=66 40 44 79 47 42 46
internal_value=-0.000817128 0.00512793 6.20359e-05 -0.00650808 0.0145051 -0.0139615
internal_weight=73.3975 50.6448 33.9502 17.766 16.6946 22.7527
internal_count=364 252 166 87 86 112
is_linear=0
shrinkage=0.02


Tree=60
num_leaves=6
num_cat=0
split_feature=62 36 3 34 7
split_gain=8.35983 10.7986 5.21454 4.21692 2.05872
threshold=1.0000000180025095e-35 0.70414632998166049 1.0000000180025095e-35 1.1142266745235052 254.00625000000005
decision_type=2 2 2 2 2
left_child=4 2 -2 -4 -1
right_child=1 -3 3 -5 -6
leaf_value=-0.0042878016282004603 0.011492622825437874 0.020589421659696933 -0.01107267503043168 0.0029043299273509497 -0.017857930074353282
leaf_weight=13.035502433776857 9.4284693598747236 11.171744361519812 17.637664616107941 14.48729822039604 8.5696223974227888
leaf_count=64 47 73 77 64 43
internal_value=-0.000212452 0.00400317 -0.000694142 -0.00469098 -0.0104877
internal_weight=74.3303 52.7252 41.5534 32.125 21.6051
internal_count=368 261 188 141 107
is_linear=0
shrinkage=0.02


Tree=61
num_leaves=7
num_cat=0
split_feature=37 36 16 22 34 16
split_gain=17.1941 5.18847 4.4075 4.14502 0.643315 0.379051
threshold=1.0000000180025095e-35 0.45159734367253884 0.10538711409646616 -0.00054647227592578634 0.92065238467538968 0.0015185305141922581
decision_type=2 2 2 2 2 2
left_child=5 2 3 -2 -3 -1
right_child=1 4 -4 -5 -6 -7
leaf_value=-0.0086396699683584169 0.0065488632412454267 0.0084614226290848499 0.011206565750252891 -0.0096799390725084093 0.021816449896134588 -0.017525924451720219
leaf_weight=12.149546757340433 10.006246507167814 6.5731987208127958 14.105782270431517 13.220436096191408 7.5438556522130966 10.435882091522215
leaf_count=60 45 40 63 58 47 53
internal_value=0.000535136 0.00698169 0.00270552 -0.00245905 0.016966 -0.0135691
internal_weight=74.0349 51.4495 37.3325 23.2267 14.1171 22.5854
internal_count=366 253 166 103 87 113
is_linear=0
shrinkage=0.02


Tree=62
num_leaves=6
num_cat=0
split_feature=46 35 17 11 11
split_gain=5.25315 3.20149 4.08106 5.34085 3.51635
threshold=19.500000000000004 0.00095462359490763741 0.079971919946301678 0.00019214328226708498 0.00017462022383500623
decision_type=2 2 2 2 2
left_child=1 2 3 -1 -3
right_child=-2 4 -4 -5 -6
leaf_value=-0.015161692646062482 0.0094151943415419718 0.010327456788478979 0.00411447670712989 0.0019802581980690711 -0.0059002018765876661
leaf_weight=21.991030395030979 15.49680672585964 11.039743751287462 9.8199813663959485 9.4791901260614377 8.2597135752439481
leaf_count=101 78 65 45 47 44
internal_value=-0.000522614 -0.00327339 -0.0064155 -0.00991159 0.0031383
internal_weight=76.0865 60.5897 41.2902 31.4702 19.2995
internal_count=380 302 193 148 109
is_linear=0
shrinkage=0.02


Tree=63
num_leaves=6
num_cat=0
split_feature=37 36 22 34 7
split_gain=14.3803 8.01497 3.38379 2.23293 1.10569
threshold=1.0000000180025095e-35 0.50526770335316851 -0.0017737920804030748 0.7557797256948996 195.78750000000002
decision_type=2 2 2 2 2
left_child=4 2 -2 -4 -1
right_child=1 -3 3 -5 -6
leaf_value=-0.0052627214882120122 0.010238502702716068 0.019308419840424813 0.0048552921888146208 -0.0063782362375307978 -0.016081351437613686
leaf_weight=10.162397980690004 12.198561519384382 13.930877849459646 10.210892975330355 17.071993604302406 12.437909945845602
leaf_count=50 56 88 45 75 63
internal_value=0.00106146 0.00677401 0.00183536 -0.00193881 -0.0119
internal_weight=76.0126 53.4123 39.4814 27.2829 22.6003
internal_count=377 264 176 120 113
is_linear=0
shrinkage=0.02


Tree=64
num_leaves=6
num_cat=0
split_feature=37 36 42 36 16
split_gain=16.1645 5.71354 3.48464 2.95878 1.40666
threshold=1.0000000180025095e-35 0.6479261370560977 2.6666666666668015 0.057123193164146262 0.0015185305141922581
decision_type=2 2 2 2 2
left_child=4 2 3 -2 -1
right_child=1 -3 -4 -5 -6
leaf_value=-0.0063795307505981084 0.0044786528178161937 0.019012590702935119 0.013517134529123492 -0.0077914857203371978 -0.018176125020014346
leaf_weight=11.709166884422304 19.167425706982616 11.138531342148779 8.5491334795951825 11.838944867253302 11.342346012592314
leaf_count=58 87 74 41 54 58
internal_value=0.000518235 0.00688958 0.00294326 -0.000115963 -0.0129478
internal_weight=73.7455 50.694 39.5555 31.0064 23.0515
internal_count=372 256 182 141 116
is_linear=0
shrinkage=0.02


Tree=65
num_leaves=6
num_cat=0
split_feature=37 14 16 9 17
split_gain=14.0524 3.22233 4.80983 3.66688 1.09759
threshold=1.0000000180025095e-35 0.00069745493721445689 0.00020478227908381184 207.05625000000003 0.0010147531237327909
decision_type=2 2 2 2 2
left_child=4 2 -2 -3 -1
right_child=1 3 -4 -5 -6
leaf_value=-0.017717703501038684 0 -0.0075218810582706533 0.017067818738400839 0.0069710861840149106 -0.0061238963503049493
leaf_weight=12.996726930141451 11.142340838909151 12.4628823697567 14.571130171418188 13.508176520466803 8.8483552038669568
leaf_count=67 55 58 75 71 44
internal_value=-0.00059403 0.00501148 0.00988849 0 -0.0137579
internal_weight=73.5296 51.6845 25.7135 25.9711 21.8451
internal_count=370 259 130 129 111
is_linear=0
shrinkage=0.02


Tree=66
num_leaves=6
num_cat=0
split_feature=37 36 3 36 25
split_gain=9.50241 8.03615 4.26954 2.73669 0.971621
threshold=1.0000000180025095e-35 0.56299359957157091 1.0000000180025095e-35 -0.1610491175656496 9.3846915904270933e-05
decision_type=2 2 2 2 2
left_child=4 2 -2 -4 -1
right_child=1 -3 3 -5 -6
leaf_value=-0.0067085890022505461 0.0094960509766147515 0.01695796749030477 -0.01172574427321349 0.00015837459121425705 -0.017291386898831147
leaf_weight=14.029930248856546 10.616807043552397 12.778273582458494 11.880890265107153 16.991177901625637 8.3574746847152692
leaf_count=71 54 84 51 73 43
internal_value=-0.000804403 0.00378801 -0.000639062 -0.00475992 -0.0114862
internal_weight=74.6546 52.2671 39.4889 28.8721 22.3874
internal_count=376 262 178 124 114
is_linear=0
shrinkage=0.02


Tree=67
num_leaves=7
num_cat=0
split_feature=36 10 8 35 25 15
split_gain=4.92972 7.23708 5.51793 5.12097 2.44199 0.544335
threshold=0.48611919726713337 1.0000000180025095e-35 236.27500000000001 -0.00052203744044536273 0.00045079678525192945 1.4720818153659829e-12
decision_type=2 2 2 2 2 2
left_child=1 -1 5 4 -3 -2
right_child=2 3 -4 -5 -6 -7
leaf_value=0.0087370405428175823 0.019632376182129378 -0.0068466300338011453 -0.0049653226488380608 0 -0.021534098596942615 0.007259908912977623
leaf_weight=12.008327528834341 6.4382816553115862 12.732532322406771 8.3282932788133603 17.883513629436493 10.274431839585302 6.7548544257879257
leaf_count=60 42 63 48 76 49 40
internal_value=-0.000844049 -0.00418694 0.0069273 -0.00824353 -0.0142795 0.0146783
internal_weight=74.4202 52.8988 21.5214 40.8905 23.007 13.1931
internal_count=378 248 130 188 112 82
is_linear=0
shrinkage=0.02


Tree=68
num_leaves=6
num_cat=0
split_feature=37 35 10 34 35
split_gain=13.1851 8.44201 10.0321 2.83799 2.40886
threshold=1.0000000180025095e-35 0.00091979233598493487 1.0000000180025095e-35 1.1083103562694896 -0.0011475971649338205
decision_type=2 2 2 2 2
left_child=4 2 -2 -4 -1
right_child=1 -3 3 -5 -6
leaf_value=-0.018314277121087318 0.013016449525235087 0.016957412447155599 -0.015256067593506333 -0.00023272720383178975 -0.0036450420949144199
leaf_weight=12.268269658088686 13.163423508405684 16.474302291870117 10.805604696273805 10.275210589170454 9.4783128947019559
leaf_count=65 66 102 44 43 47
internal_value=0 0.00564489 0 -0.00854729 -0.0126257
internal_weight=72.4651 50.7185 34.2442 21.0808 21.7466
internal_count=367 255 153 87 112
is_linear=0
shrinkage=0.02


Tree=69
num_leaves=7
num_cat=0
split_feature=37 11 23 11 50 17
split_gain=14.2598 3.56008 4.9464 2.11495 1.46094 1.34575
threshold=1.0000000180025095e-35 7.9093193238239222e-05 0.4319641928108674 0.00026778065004056962 1.0000000180025095e-35 0.0010147531237327909
decision_type=2 2 2 2 2 2
left_child=5 2 -2 4 -3 -1
right_child=1 3 -4 -5 -6 -7
leaf_value=-0.01919841705028975 0.0074220181654297565 0.018363455460378902 -0.010716327429359285 0.00044705183962437953 0.0054383809881663261 -0.0064471770643471458
leaf_weight=11.13903157413006 12.183931991457941 10.595139637589458 9.9761491864919645 8.320907995104788 9.0908887833356857 9.1047452092170698
leaf_count=59 57 58 47 43 48 46
internal_value=-0.000476091 0.00516347 -0.000594671 0.00978979 0.0132362 -0.0143194
internal_weight=70.4108 50.167 22.1601 28.0069 19.686 20.2438
internal_count=358 253 104 149 106 105
is_linear=0
shrinkage=0.02


Tree=70
num_leaves=7
num_cat=0
split_feature=37 35 11 8 36 42
split_gain=13.7841 5.524 2.98114 1.98774 1.84299 1.61149
threshold=1.0000000180025095e-35 0.0019797406629271674 8.8854184879520466e-05 85.350000000000009 -0.16807528301983829 2.6666666666663033
decision_type=2 2 2 2 2 2
left_child=5 2 3 -2 -4 -1
right_child=1 -3 4 -5 -6 -7
leaf_value=-0.004747665103490519 0.0036775907734209619 0.019163816132992974 0.014336497356287052 -0.0075351136626639935 0.0009135617569749555 -0.017363975723095195
leaf_weight=9.2614598125219363 10.103349983692171 8.9177251830697042 8.666241869330408 12.726021364331244 9.1492677181959134 13.24604472517967
leaf_count=47 45 63 44 56 43 71
internal_value=-0.000119967 0.00568246 0.00219135 -0.00237495 0.00817687 -0.0128506
internal_weight=72.0701 49.5626 40.6449 22.8294 17.8155 22.5075
internal_count=369 251 188 101 87 118
is_linear=0
shrinkage=0.02


Tree=71
num_leaves=7
num_cat=1
split_feature=37 42 73 18 22 15
split_gain=14.6345 2.34231 1.86927 1.51284 0.719318 0.682482
threshold=1.0000000180025095e-35 2.6666666666668157 0 6.7227046829903136e-23 -0.00040885648882645341 1.6891797016273841e-22
decision_type=2 2 1 2 2 2
left_child=5 2 3 -2 -4 -1
right_child=1 -3 4 -5 -6 -7
leaf_value=-0.018836531574376175 0.0014723808381913175 0.014861486997665799 0.002369232502500652 0.012449515139118704 -0.0052586580377784013 -0.008567629306044466
leaf_weight=8.0994326323270815 11.891152963042261 9.1807332187890989 8.383313715457918 10.629587441682814 8.4234167337417585 13.760105252265928
leaf_count=43 60 51 40 56 41 72
internal_value=0 0.00605437 0.00353209 0.0072176 -0.00119748 -0.0132925
internal_weight=70.3677 48.5082 39.3275 22.5207 16.8067 21.8595
internal_count=363 248 197 116 81 115
cat_boundaries=0 1
cat_threshold=2
is_linear=0
shrinkage=0.02


Tree=72
num_leaves=7
num_cat=0
split_feature=17 47 18 35 11 15
split_gain=3.06717 5.41057 4.22559 3.53743 2.63309 1.09367
threshold=0.03699004268269885 1.0000000180025095e-35 1.40312075168614e-06 0.0003796850753554505 7.7149432123930567e-05 0.0010988804845085667
decision_type=2 2 2 2 2 2
left_child=1 3 5 -1 -2 -3
right_child=4 2 -4 -5 -6 -7
leaf_value=-0.016104350602312544 -0.0013591816055018968 0.010027367899689244 -0.0089910708169085151 5.6813624971604053e-06 0.012787773112486564 0.00029220860382775003
leaf_weight=13.754703357815744 8.2523883730173129 14.486225739121442 8.2176486104726774 7.4802314341068259 10.282798483967779 8.539811506867407
leaf_count=66 40 78 42 41 55 42
internal_value=-0.000259164 -0.00281177 0.00233215 -0.0104145 0.00643486 0.006829
internal_weight=71.0138 52.4786 31.2437 21.2349 18.5352 23.026
internal_count=364 269 162 107 95 120
is_linear=0
shrinkage=0.02


Tree=73
num_leaves=7
num_cat=0
split_feature=37 35 35 2 35 18
split_gain=14.3874 4.7678 5.60677 3.84901 2.99053 0.102114
threshold=1.0000000180025095e-35 0.0013152820286973981 -0.0009341041750815705 862.50000000000011 -0.0011475971649338205 6.3528864969856031e-30
decision_type=2 2 2 2 2 2
left_child=4 2 -2 -4 -1 -3
right_child=1 5 3 -5 -6 -7
leaf_value=-0.018519994436588888 0.013257091897943565 0.020229097300353969 -0.0084726576231447144 0.0066374727954025218 -0.0020879768812249945 0.009540580967033899
leaf_weight=13.199813500046732 11.683664008975027 6.4192439392209035 16.853625550866131 9.5473491251468641 8.143991678953169 7.5409994944930077
leaf_count=72 59 45 73 42 41 50
internal_value=0.000489139 0.00622981 0.00222309 -0.00274661 -0.0128927 0.0158801
internal_weight=73.3887 52.0449 38.0846 26.401 21.3438 13.9602
internal_count=382 269 174 115 113 95
is_linear=0
shrinkage=0.02


Tree=74
num_leaves=5
num_cat=0
split_feature=8 42 9 41
split_gain=4.21205 4.26671 2.31411 3.2466
threshold=57.95000000000001 2.6666666666668433 301.66250000000008 20.212999999999742
decision_type=2 2 2 2
left_child=-1 2 3 -2
right_child=1 -3 -4 -5
leaf_value=0.012060802219969777 -0.0052655529255786204 0.0082332387189739328 -0.01167257090405527 0.0083166329016326687
leaf_weight=8.6886037886142713 26.974030926823616 11.403284110128878 13.330924317240713 8.2266993969678861
leaf_count=41 136 64 71 45
internal_value=-9.8686e-05 -0.00212888 -0.00480183 -0.00178349
internal_weight=68.6235 59.9349 48.5317 35.2007
internal_count=357 316 252 181
is_linear=0
shrinkage=0.02


Tree=75
num_leaves=6
num_cat=0
split_feature=37 35 11 35 18
split_gain=11.7048 4.5543 3.30312 3.83537 0.863329
threshold=1.0000000180025095e-35 0.00213076137536058 0.00018665133181007052 0.00015788361587122838 1.0786997611434741e-17
decision_type=2 2 2 2 2
left_child=4 2 3 -2 -1
right_child=1 -3 -4 -5 -6
leaf_value=-0.0059599981136884217 -0.0087198271171410966 0.018478453677307445 0.010345443169570995 0.0054361134114191776 -0.016560674203373628
leaf_weight=9.9924914240837115 13.604123860597612 8.1437587440013868 13.514562621712683 14.789930537343023 10.184266731142996
leaf_count=52 56 60 69 73 55
internal_value=0.000293115 0.00555532 0.00253213 -0.00120805 -0.0121234
internal_weight=70.2291 50.0524 41.9086 28.3941 20.1768
internal_count=365 258 198 129 107
is_linear=0
shrinkage=0.02


Tree=76
num_leaves=6
num_cat=0
split_feature=37 35 35 8 13
split_gain=10.4091 6.68211 6.68128 3.61549 1.87219
threshold=1.0000000180025095e-35 0.0013152820286973981 -0.00096382380428760574 165.35000000000005 1.0000000180025095e-35
decision_type=2 2 2 2 2
left_child=4 2 -2 -4 -1
right_child=1 -3 3 -5 -6
leaf_value=-0.0045527658009982706 0.014148729217200635 0.016905075341942365 0.0024639409302374981 -0.011689887704588698 -0.01747199267106879
leaf_weight=12.998222708702089 9.7667647004127485 13.723188012838362 13.353057980537416 12.860150963068007 9.0924647599458677
leaf_count=69 50 96 57 57 49
internal_value=0.000391627 0.00553366 0.000694363 -0.00443382 -0.0106565
internal_weight=71.7938 49.7032 35.98 26.2132 22.0907
internal_count=378 260 164 114 118
is_linear=0
shrinkage=0.02


Tree=77
num_leaves=6
num_cat=0
split_feature=37 36 36 7 42
split_gain=13.8275 7.99778 1.86279 3.31115 0.617601
threshold=1.0000000180025095e-35 0.70414632998166049 -0.39412877785915867 231.65000000000003 2.6666666666662073
decision_type=2 2 2 2 2
left_child=4 2 -2 -4 -1
right_child=1 -3 3 -5 -6
leaf_value=-0.0061040726927765352 0.0093773756765239691 0.021085383538603845 0.0043036948573394462 -0.0078389794006549739 -0.016052618759491936
leaf_weight=8.1326915472745913 8.5377461165189725 9.6281036734580976 21.141688972711563 13.999215379357336 13.788369745016096
leaf_count=42 43 72 91 68 76
internal_value=0 0.00547352 0.00150299 -0.000450666 -0.0130508
internal_weight=75.2278 53.3068 43.6787 35.1409 21.9211
internal_count=392 274 202 159 118
is_linear=0
shrinkage=0.02


Tree=78
num_leaves=6
num_cat=0
split_feature=37 36 3 34 50
split_gain=8.63613 6.98114 5.10477 3.1447 0.808922
threshold=1.0000000180025095e-35 0.66741511654332186 1.0000000180025095e-35 1.0806201981689891 1.0000000180025095e-35
decision_type=2 2 2 2 2
left_child=4 2 -2 -4 -1
right_child=1 -3 3 -5 -6
leaf_value=-0.0082255963497271743 0.0095012651528921816 0.015815816080159126 -0.01219225135896658 0.00026153055158603379 -0.018999980290162598
leaf_weight=12.659795269370079 9.652447894215582 9.7450386211276037 16.125786215066913 13.594647035002707 8.5145946592092514
leaf_count=68 50 72 71 60 46
internal_value=-0.00309947 0.00143997 -0.00227314 -0.00647728 -0.0134902
internal_weight=70.2923 49.1179 39.3729 29.7204 21.1744
internal_count=367 253 181 131 114
is_linear=0
shrinkage=0.02


Tree=79
num_leaves=7
num_cat=0
split_feature=14 36 9 8 18 18
split_gain=5.22669 3.48377 4.56224 4.09 3.52534 2.00313
threshold=4.1613195164909708e-11 -0.1407238215495418 213.91250000000002 165.35000000000005 6.1450898507033336e-22 1.1180186587865809e-09
decision_type=2 2 2 2 2 2
left_child=5 2 -2 -3 -5 -1
right_child=1 3 -4 4 -6 -7
leaf_value=-0.00021398706858991864 -0.010273398947138841 0.017213452995855579 0.0061783729771688143 -0.0070629579268277985 0.0094855455013655547 -0.015229928976832384
leaf_weight=7.4647342562675458 11.352687582373621 12.127201326191427 13.602924808859823 8.0125978738069552 10.599051773548124 7.7190165668725967
leaf_count=40 54 64 73 46 59 40
internal_value=0.00123889 0.0041565 -0.00118209 0.00858041 0.00205835 -0.00868781
internal_weight=70.8782 55.6945 24.9556 30.7389 18.6116 15.1838
internal_count=376 296 127 169 105 80
is_linear=0
shrinkage=0.02


Tree=80
num_leaves=6
num_cat=0
split_feature=37 36 36 14 22
split_gain=6.3728 4.79447 4.26709 1.36686 1.2265
threshold=1.0000000180025095e-35 0.66741511654332186 -0.44704416229897787 0.00031160162164424341 -0.00039322497635754398
decision_type=2 2 2 2 2
left_child=3 2 -2 -1 -4
right_child=1 -3 4 -5 -6
leaf_value=-0.014218622169095268 0.012915955244240558 0.016447616211572078 -0.0077385888886884139 -0.0020717312618333426 0
leaf_weight=11.380382686853411 7.4118232876062384 8.1946518123149854 12.275202184915541 7.6932701021432868 17.630188971757892
leaf_count=62 39 61 56 42 80
internal_value=-0.000475065 0.003502 0.000147573 -0.00996541 -0.00313836
internal_weight=64.5855 45.5119 37.3172 19.0737 29.9054
internal_count=340 236 175 104 136
is_linear=0
shrinkage=0.02


Tree=81
num_leaves=6
num_cat=0
split_feature=37 36 16 40 16
split_gain=11.4782 6.58966 4.8213 2.54142 1.86917
threshold=1.0000000180025095e-35 0.70414632998166049 0.10538711409646616 7.6910625000000445 0.0015185305141922581
decision_type=2 2 2 2 2
left_child=4 2 3 -2 -1
right_child=1 -3 -4 -5 -6
leaf_value=-0.0044599675793240848 -0.007246992211949869 0.020749582876443202 0.011939317145570979 0.004521900296338424 -0.018462876163973012
leaf_weight=10.373687759041788 16.136140882968906 9.2263356968760473 13.35578705370426 11.361045077443121 8.3764594197273237
leaf_count=56 70 72 63 58 47
internal_value=0.00122381 0.00629023 0.00246358 -0.00218583 -0.0116375
internal_weight=68.8295 50.0793 40.853 27.4972 18.7501
internal_count=366 263 191 128 103
is_linear=0
shrinkage=0.02


Tree=82
num_leaves=6
num_cat=0
split_feature=37 36 35 51 22
split_gain=7.00954 6.03035 5.58591 3.60245 1.67654
threshold=1.0000000180025095e-35 0.70414632998166049 -0.00096382380428760574 1.0000000180025095e-35 -0.00039322497635754398
decision_type=2 2 2 2 2
left_child=4 2 -2 -4 -1
right_child=1 -3 3 -5 -6
leaf_value=-0.016649011579114945 0.0099476889140163813 0.01653556201853161 0.0039908003717850204 -0.0097784722686286678 -0.0036144035152936315
leaf_weight=10.549914494156839 12.605564177036284 8.7937551215291005 9.9964258670806903 21.750459522008896 9.2162000238895398
leaf_count=58 64 69 45 98 51
internal_value=-0.00141399 0.00230319 -0.000688745 -0.00527013 -0.0113271
internal_weight=72.9123 53.1462 44.3524 31.7469 19.7661
internal_count=385 276 207 143 109
is_linear=0
shrinkage=0.02


Tree=83
num_leaves=7
num_cat=0
split_feature=14 17 9 9 40 46
split_gain=3.94469 3.8468 2.20497 5.67365 4.49791 1.86717
threshold=1.9278198428141026e-18 1.2943166036033149e-14 209.67500000000004 144.26250000000002 8.9563125000004238 18.500000000000004
decision_type=2 2 2 2 2 2
left_child=-1 5 3 -3 -4 -2
right_child=1 2 4 -5 -6 -7
leaf_value=-0.011145704686210624 -0.012611734212389751 0.0094067359992569162 0.017916340689193313 -0.010746619315551684 0.00064976139908282929 0
leaf_weight=10.518649868667124 8.0931141003966349 10.620761431753637 10.428748123347761 9.7470832988619787 14.578726306557654 8.263789087533949
leaf_count=55 43 54 61 49 80 45
internal_value=-0.000325778 0.00157048 0.00462967 -8.48837e-06 0.00849309 -0.00634805
internal_weight=72.2509 61.7322 45.3753 20.3678 25.0075 16.3569
internal_count=387 332 244 103 141 88
is_linear=0
shrinkage=0.02


Tree=84
num_leaves=6
num_cat=0
split_feature=37 36 3 34 42
split_gain=8.65659 4.64996 4.01961 4.39971 1.25206
threshold=1.0000000180025095e-35 0.66741511654332186 1.0000000180025095e-35 1.1083103562694896 2.6666666666663033
decision_type=2 2 2 2 2
left_child=4 2 -2 -4 -1
right_child=1 -3 3 -5 -6
leaf_value=-0.0021614684185425948 0.01340803073098293 0.018266874870213414 -0.0082377192872962034 0.0064679755201623836 -0.013133224875948866
leaf_weight=8.4392147809267062 8.6247425079345685 8.1309544369578344 16.389803782105449 14.064343616366385 13.904268383979796
leaf_count=45 46 64 72 62 79
internal_value=0.0003952 0.00531066 0.00207671 -0.00126586 -0.0095163
internal_weight=69.5533 47.2098 39.0789 30.4541 22.3435
internal_count=368 244 180 134 124
is_linear=0
shrinkage=0.02


Tree=85
num_leaves=7
num_cat=0
split_feature=37 36 36 40 34 17
split_gain=10.6045 8.47841 4.84412 5.1791 2.37709 0.975663
threshold=1.0000000180025095e-35 0.35959158011065351 0.028617872507534548 6.0498749999997026 0.84067640104615637 0.0010147531237327909
decision_type=2 2 2 2 2 2
left_child=5 2 3 -2 -3 -1
right_child=1 4 -4 -5 -6 -7
leaf_value=-0.016952677076722218 -0.0070077749063633104 0.0040541751727422182 -0.013742555076164521 0.011257055589776155 0.020664599711646831 -0.0054253378480183636
leaf_weight=11.602277532219889 10.36107343435288 7.2778578698635128 9.0830934643745405 12.327229514718054 10.389038808643816 8.0348418205976468
leaf_count=67 43 46 40 62 73 43
internal_value=-0.000883442 0.00398015 -0.0020798 0.00271904 0.0147271 -0.0130183
internal_weight=69.0754 49.4383 31.7714 22.6883 17.6669 19.6371
internal_count=374 264 145 105 119 110
is_linear=0
shrinkage=0.02


Tree=86
num_leaves=6
num_cat=0
split_feature=37 36 34 17 22
split_gain=7.79934 4.78828 5.55699 2.66192 0.662838
threshold=1.0000000180025095e-35 0.70414632998166049 0.86408714937077968 0.0012539940793442974 0.00070874386679996846
decision_type=2 2 2 2 2
left_child=4 2 -2 -4 -1
right_child=1 -3 3 -5 -6
leaf_value=-0.013724911668595702 -0.0080540295344827002 0.017742374899467415 0.0015484164176023905 0.015187258769034607 -0.0042792822955756244
leaf_weight=11.200298354029657 14.831799685955046 7.7783117294311515 17.049548760056499 8.8774890154600126 8.7028995007276517
leaf_count=63 68 64 80 42 49
internal_value=0 0.00428362 0.00120814 0.0068318 -0.010284
internal_weight=68.4403 48.5371 40.7588 25.927 19.9032
internal_count=366 254 190 122 112
is_linear=0
shrinkage=0.02


Tree=87
num_leaves=6
num_cat=0
split_feature=37 36 42 42 35
split_gain=6.20755 5.51322 3.53236 3.59737 2.67642
threshold=1.0000000180025095e-35 0.70414632998166049 2.6666666666668157 2.6666666666665475 -0.0011475971649338205
decision_type=2 2 2 2 2
left_child=4 2 3 -2 -1
right_child=1 -3 -4 -5 -6
leaf_value=-0.016169453345120283 0.0019861972865894083 0.017657592066957151 0.010781111351584672 -0.011718510674381049 -0.00018898754022598423
leaf_weight=10.845291107892992 17.960720568895344 7.6296660825610152 8.2143986076116544 11.42380517721176 7.7299498021602622
leaf_count=64 80 63 40 55 41
internal_value=-0.000669558 0.00324024 0 -0.00335463 -0.0101752
internal_weight=63.8038 45.2286 37.5989 29.3845 18.5752
internal_count=343 238 175 135 105
is_linear=0
shrinkage=0.02


Tree=88
num_leaves=7
num_cat=0
split_feature=62 35 10 35 18 17
split_gain=8.7264 5.9197 5.63795 2.95498 0.918557 0.736514
threshold=1.0000000180025095e-35 0.00095462359490763741 1.0000000180025095e-35 -0.00022599881981608846 1.0786997611434741e-17 0.0060865570486333363
decision_type=2 2 2 2 2 2
left_child=4 2 -2 -4 -1 -3
right_child=1 5 3 -5 -6 -7
leaf_value=-0.0045309340651319557 0.01077502419443702 0.019172978168485736 -0.013746438193598156 0.0002455086072323728 -0.015426581011132935 0.0060951944572298191
leaf_weight=8.7756308168172854 11.540932312607763 8.5279108434915525 9.4800412952899915 12.260116443037989 9.7909052670001966 5.7309349179267874
leaf_count=49 60 62 40 51 57 38
internal_value=0.000108281 0.0047389 0 -0.00592818 -0.0110781 0.0150539
internal_weight=66.1065 47.5399 33.2811 21.7402 18.5665 14.2588
internal_count=357 251 151 91 106 100
is_linear=0
shrinkage=0.02


Tree=89
num_leaves=6
num_cat=0
split_feature=37 35 42 34 35
split_gain=11.1953 5.37385 3.34087 2.87028 1.17221
threshold=1.0000000180025095e-35 0.00213076137536058 2.666666666666782 1.1142266745235052 -0.0011475971649338205
decision_type=2 2 2 2 2
left_child=4 2 3 -2 -1
right_child=1 -3 -4 -5 -6
leaf_value=-0.015837428415108445 -0.0058172532827170309 0.019920606947374315 0.012635894138818493 0.0057012125139526935 -0.0043363563279308244
leaf_weight=12.688075244426729 19.178081661462784 7.3480989560484877 8.3244550600647909 13.935102850198744 8.4581218957900983
leaf_count=76 91 61 42 68 45
internal_value=0 0.00517998 0.00201684 -0.000768993 -0.0119116
internal_weight=69.9319 48.7857 41.4376 33.1132 21.1462
internal_count=383 262 201 159 121
is_linear=0
shrinkage=0.02


Tree=90
num_leaves=7
num_cat=0
split_feature=37 35 36 42 14 42
split_gain=9.52548 3.74688 4.41595 2.68809 2.11839 0.197141
threshold=1.0000000180025095e-35 0.00095462359490763741 -0.44704416229897787 2.6666666666664249 3.2094710256767269e-07 2.6666666666664702
decision_type=2 2 2 2 2 2
left_child=4 2 -2 -4 -1 -3
right_child=1 5 3 -5 -6 -7
leaf_value=-0.019887647879791165 0.013114457956775644 0.0063861254304966699 0.0035480793361059109 -0.0087003859224990855 -0.0051829044670846916 0.016503784863737533
leaf_weight=7.5146670788526562 7.7561891525983802 5.9419072046875936 11.531807243824007 14.74784843623638 12.046531215310095 7.1789995208382607
leaf_count=43 42 41 48 65 69 50
internal_value=-0.000344888 0.00443553 0.000636039 -0.00317264 -0.0118162 0.0131235
internal_weight=66.7179 47.1568 34.0358 26.2797 19.5612 13.1209
internal_count=358 246 155 113 112 91
is_linear=0
shrinkage=0.02


Tree=91
num_leaves=7
num_cat=0
split_feature=37 36 36 42 40 16
split_gain=8.78516 3.90426 3.4185 2.62751 1.96161 1.1972
threshold=1.0000000180025095e-35 0.70414632998166049 0.057123193164146262 2.6666666666664369 6.0832500000001355 0.0027383823321441916
decision_type=2 2 2 2 2 2
left_child=5 2 3 -2 -4 -1
right_child=1 -3 4 -5 -6 -7
leaf_value=-0.0044355402405278016 -0.00025906859189007964 0.017479312420837313 0.0016111112962201093 0.01212208234254772 -0.010950423685185987 -0.016002767044322068
leaf_weight=10.55253414809704 10.304214268922808 7.6811529770493499 9.2234223186969775 15.023047879338263 7.9251175969839087 8.5866514742374402
leaf_count=59 43 67 41 75 40 51
internal_value=0.00064196 0.00511723 0.00239309 0.00703849 -0.00414704 -0.0104599
internal_weight=69.2961 50.157 42.4758 25.3273 17.1485 19.1392
internal_count=376 266 199 118 81 110
is_linear=0
shrinkage=0.02


Tree=92
num_leaves=7
num_cat=0
split_feature=37 42 36 18 47 7
split_gain=6.98478 4.18058 3.80245 2.41752 4.10745 0.0467116
threshold=1.0000000180025095e-35 2.666666666666289 0.55131663954591681 9.3297245163462436e-06 1.0000000180025095e-35 199.36250000000004
decision_type=2 2 2 2 2 2
left_child=1 -1 3 4 -2 -4
right_child=2 -3 5 -5 -6 -7
leaf_value=0.0027278315832155349 -0.0030198555651253785 -0.015337058509370054 0.0081094000572610597 -0.0059312986557210649 0.011594100199465355 0.019002530475476277
leaf_weight=7.2490085661411312 12.490756615996363 11.89465683698654 5.6436974927782995 9.5346497744321805 16.032505080103874 5.7847991064190865
leaf_count=40 58 71 41 44 73 50
internal_value=0.00146191 -0.00840285 0.00548775 0.00210591 0.00510568 0.0151913
internal_weight=68.6301 19.1437 49.4864 38.0579 28.5233 11.4285
internal_count=377 111 266 175 131 91
is_linear=0
shrinkage=0.02


Tree=93
num_leaves=5
num_cat=0
split_feature=1 14 34 22
split_gain=3.17755 2.7768 3.32652 2.93928
threshold=47.500000000000007 1.0931156245368639e-13 1.5086490343208345 -0.0011055798338262368
decision_type=2 2 2 2
left_child=1 -1 3 -3
right_child=-2 2 -4 -5
leaf_value=-0.011753911280411955 0.0085115347441010545 -0.011713363070814416 0.0079187961182772652 0
leaf_weight=12.054365307092665 9.0546181574463827 12.175820142030707 10.940960630774496 21.73666990548373
leaf_count=64 51 68 57 116
internal_value=-0.00173006 -0.00358206 -0.00104659 -0.00425486
internal_weight=65.9624 56.9078 44.8535 33.9125
internal_count=356 305 241 184
is_linear=0
shrinkage=0.02


Tree=94
num_leaves=6
num_cat=0
split_feature=62 16 11 35 35
split_gain=5.13603 3.85352 1.5449 2.47427 1.46111
threshold=1.0000000180025095e-35 0.95391383665537766 0.00019214328226708498 -6.8953097353443045e-05 -0.0011475971649338205
decision_type=2 2 2 2 2
left_child=4 2 3 -2 -1
right_child=1 -3 -4 -5 -6
leaf_value=-0.013299823405516852 -0.010978905842953721 0.013250963488430389 0.0063835806916940673 0.0012923328502783787 -0.0013706309698338875
leaf_weight=11.701181292533876 8.5940773040056211 10.073425956070421 9.2886851504445058 18.263760171830658 8.2542623579502088
leaf_count=72 36 57 51 103 45
internal_value=-0.000649534 0.00292196 -7.42635e-05 -0.00267204 -0.00895269
internal_weight=66.1754 46.2199 36.1465 26.8578 19.9554
internal_count=364 247 190 139 117
is_linear=0
shrinkage=0.02


Tree=95
num_leaves=8
num_cat=0
split_feature=37 1 15 15 11 8 16
split_gain=7.55296 4.55758 4.68162 1.73434 1.55825 2.77947 0.230474
threshold=1.0000000180025095e-35 22.500000000000004 1.1223423069966326e-08 1.6891797016273841e-22 0.00011566113127690389 164.27500000000003 0.0053848903969542089
decision_type=2 2 2 2 2 2 2
left_child=3 2 -2 -1 5 -3 -6
right_child=1 4 -4 -5 6 -7 -8
leaf_value=-0.017122021569648635 -0.012221403522828883 0.010304486232119296 0.006949055790156573 -0.0039375922221224725 0.016799421159836975 -0.0044887809371010022 0.0071848222114297387
leaf_weight=7.4138715118169811 9.9191356375813502 10.6212195456028 8.2807210981845838 12.277009576559065 8.4180028364062292 7.5763408765196791 7.3809134736657134
leaf_count=44 49 53 44 71 50 42 41
internal_value=0.000389491 0.00445013 -0.00327893 -0.00977928 0.00873476 0.00391995 0.0133599
internal_weight=71.8872 52.1963 18.1999 19.6909 33.9965 18.1976 15.7989
internal_count=394 279 93 115 186 95 91
is_linear=0
shrinkage=0.02


Tree=96
num_leaves=6
num_cat=0
split_feature=37 36 36 17 35
split_gain=7.64868 5.42189 3.50074 2.59097 2.17141
threshold=1.0000000180025095e-35 0.70414632998166049 -0.45542383515733093 1.3149303004523192e-08 -0.0011475971649338205
decision_type=2 2 2 2 2
left_child=4 2 -2 -4 -1
right_child=1 -3 3 -5 -6
leaf_value=-0.017668414079319256 0.011340555708907407 0.017092084329779374 -0.010702223188106676 0.00042575981214945137 -0.0027969181124673356
leaf_weight=11.329360947012903 6.8658373206853858 7.2664175629615775 11.514770179986952 22.217967286705971 7.9932669550180426
leaf_count=71 38 65 51 103 44
internal_value=-0.00191459 0.00230109 -0.00054924 -0.00339883 -0.012252
internal_weight=67.1876 47.865 40.5986 33.7327 19.3226
internal_count=372 257 192 154 115
is_linear=0
shrinkage=0.02


Tree=97
num_leaves=7
num_cat=0
split_feature=1 9 36 18 11 8
split_gain=3.4971 2.37495 3.78978 3.65095 2.57004 1.6698
threshold=47.500000000000007 209.67500000000004 0.45159734367253884 3.6845687874680989e-13 0.00019629251586124365 139.20000000000002
decision_type=2 2 2 2 2 2
left_child=1 2 5 4 -3 -1
right_child=-2 3 -4 -5 -6 -7
leaf_value=-0.0065602241769388923 0.0086901450881332731 0.00079789069236124385 0.0028637565115036696 0.0071067880991048816 -0.014404631610902132 -0.019113969111605032
leaf_weight=14.242916867136961 7.9980256929993621 7.6595517322421092 7.867363028228282 13.160964600741861 7.520804688334465 9.0080009400844556
leaf_count=69 48 43 53 77 44 42
internal_value=-0.00278847 -0.00454992 -0.00827864 -0.000108744 -0.00678784 -0.0122589
internal_weight=67.4576 59.4596 31.1183 28.3413 15.1804 23.2509
internal_count=376 328 164 164 87 111
is_linear=0
shrinkage=0.02


Tree=98
num_leaves=7
num_cat=1
split_feature=42 35 42 40 42 72
split_gain=3.62033 4.23335 4.22752 3.39909 1.70074 1.19484
threshold=2.6666666666667087 -0.0011475971649338205 2.6666666666664249 7.0368749999997826 2.6666666666664325 0
decision_type=2 2 2 2 2 1
left_child=1 4 5 -2 -1 -3
right_child=3 2 -4 -5 -6 -7
leaf_value=-0.019024178398066725 -0.0038736400231289959 0.010044031835974351 -0.0085303742083525438 0.01186352142813415 -0.0036409896282193007 1.4171518450285289e-05
leaf_weight=7.3249613642692548 7.6191329807043102 10.460151746869087 12.918530888855456 13.068375639617441 7.0570063889026642 10.222785241901875
leaf_count=42 41 54 74 77 40 53
internal_value=-0.000827649 -0.00390287 0 0.00587956 -0.0125934 0.00559265
internal_weight=68.6709 47.9834 33.6015 20.6875 14.382 20.6829
internal_count=381 263 181 118 82 107
cat_boundaries=0 1
cat_threshold=4
is_linear=0
shrinkage=0.02


Tree=99
num_leaves=7
num_cat=0
split_feature=7 35 36 10 36 34
split_gain=3.07388 6.17808 2.82901 6.03213 4.33544 1.61705
threshold=194.91875000000002 1.0000000180025095e-35 0.0425973787424501 1.0000000180025095e-35 0.55131663954591681 1.0414763711380395
decision_type=2 2 2 2 2 2
left_child=1 5 3 -2 -4 -1
right_child=2 -3 4 -5 -6 -7
leaf_value=-0.0053174411534865308 0.020363641417569658 0.0036396561064284834 -0.01383551806590483 -0.0011768310221407887 0.0053549979795097461 -0.019819637908951117
leaf_weight=8.2230105400085503 7.8345640748739251 14.063904002308844 7.2408495098352459 11.236178189516068 9.5996589735150319 8.3681731075048429
leaf_count=41 45 77 35 60 73 41
internal_value=-0.0010603 -0.00568279 0.00277012 0.00794709 -0.00287297 -0.0136839
internal_weight=66.5663 30.6551 35.9113 19.0707 16.8405 16.5912
internal_count=372 159 213 105 108 82
is_linear=0
shrinkage=0.02


Tree=100
num_leaves=7
num_cat=0
split_feature=37 25 7 22 22 15
split_gain=8.21019 2.63592 3.20593 2.06753 1.42744 0.700594
threshold=1.0000000180025095e-35 -0.00096143714291577751 205.99375000000003 0.0013496457644261517 0.00093423855659091907 1.6891797016273841e-22
decision_type=2 2 2 2 2 2
left_child=5 -2 3 -3 -4 -1
right_child=1 2 4 -5 -6 -7
leaf_value=-0.016612328143844494 0.011918882853413321 0.0018033254292409897 0.0004050345477444201 -0.010902338750269776 0.012919692090984099 -0.0061896025417984661
leaf_weight=7.1728630214929607 12.136551707983015 8.7958813980221766 7.952620945870879 8.8573589473962766 8.0765478909015638 10.980939477682112
leaf_count=44 70 45 43 41 49 66
internal_value=-0.000157994 0.00426456 0.0010694 -0.00449268 0.00745147 -0.0112734
internal_weight=63.9728 45.819 33.6824 17.6532 16.0292 18.1538
internal_count=358 248 178 86 92 110
is_linear=0
shrinkage=0.02


Tree=101
num_leaves=7
num_cat=0
split_feature=62 25 16 15 36 36
split_gain=7.34407 2.53442 2.13958 1.82686 6.17418 3.06373
threshold=1.0000000180025095e-35 0.0017545006779782623 0.0015185305141922581 5.048853323038061e-13 0.33054742167487389 0.30292724572765733
decision_type=2 2 2 2 2 2
left_child=2 3 -1 4 -2 -5
right_child=1 -3 -4 5 -6 -7
leaf_value=-0.0013666745171619782 -0.00647235795271497 -0.0023471351397664915 -0.015756556087332535 0.019322290479889724 0.016568480200492678 0.0018433442737160622
leaf_weight=9.2858345359563845 10.310292452573778 10.778477765619753 8.7658047974109632 10.224525436758997 6.7626394405961028 7.8876551091670981
leaf_count=54 47 58 55 49 48 48
internal_value=0.00124738 0.00555817 -0.00912955 0.00814361 0.00273397 0.0125191
internal_weight=64.0152 45.9636 18.0516 35.1851 17.0729 18.1122
internal_count=359 250 109 192 95 97
is_linear=0
shrinkage=0.02


Tree=102
num_leaves=6
num_cat=0
split_feature=62 42 36 36 47
split_gain=4.50802 5.24205 2.44224 2.86728 1.1862
threshold=1.0000000180025095e-35 2.6666666666668157 0.50526770335316851 -0.29239690387973738 1.0000000180025095e-35
decision_type=2 2 2 2 2
left_child=4 2 3 -2 -1
right_child=1 -3 -4 -5 -6
leaf_value=-0.0034831282969741868 0.005240165248503955 0.014689437543025126 0.0075516750354086741 -0.0081314886397274543 -0.015220599639491355
leaf_weight=9.5386683195829391 7.6718275249004355 9.0863725095987302 7.8630722463130942 21.107294082641605 8.1107855290174484
leaf_count=58 40 55 62 92 50
internal_value=-0.00137638 0.00185691 -0.00147155 -0.00430917 -0.00972571
internal_weight=63.378 45.7286 36.6422 28.7791 17.6495
internal_count=357 249 194 132 108
is_linear=0
shrinkage=0.02


Tree=103
num_leaves=7
num_cat=0
split_feature=37 42 34 36 36 42
split_gain=8.46706 3.35146 3.15809 2.81098 1.54572 1.10745
threshold=1.0000000180025095e-35 2.6666666666668739 0.88563661862500964 0.31579710972655434 0.014902118604596738 2.6666666666663033
decision_type=2 2 2 2 2 2
left_child=5 2 4 -4 -2 -1
right_child=1 -3 3 -5 -6 -7
leaf_value=-0.0038321131621382289 0.00091596984910668144 0.016038768434900704 0.0010140676324144125 0.016614917191782902 -0.010410675634913167 -0.015612334012818174
leaf_weight=7.7721473127603558 8.0672268122434634 7.1740523576736441 14.660851716995241 6.5626600310206404 8.1379490718245489 10.684942051768301
leaf_count=46 37 43 69 47 48 67
internal_value=-0.000284673 0.00433765 0.00157974 0.00663865 -0.00469783 -0.011412
internal_weight=63.0598 44.6027 37.4287 21.2235 16.2052 18.4571
internal_count=357 244 201 116 85 113
is_linear=0
shrinkage=0.02


Tree=104
num_leaves=7
num_cat=0
split_feature=17 25 42 36 16 36
split_gain=4.60405 4.57369 5.11428 4.4411 2.72296 2.24387
threshold=0.00081065151556054718 0.0006698481747494351 2.6666666666663033 0.35959158011065351 0.20582343230799541 -0.56375044356530812
decision_type=2 2 2 2 2 2
left_child=3 2 -2 4 5 -1
right_child=1 -3 -4 -5 -6 -7
leaf_value=-0.001634680298959762 0.024708549246327177 -0.0041905821257579006 0.002354510767037746 0.0065249694732126577 0 -0.017265313284290852
leaf_weight=6.8225595802068737 7.2317102625966134 8.2339550331234914 9.9623373821377736 11.274683348834513 10.684244781732557 11.459591910243036
leaf_count=43 40 44 61 77 57 51
internal_value=0.000625689 0.0072086 0.0129276 -0.00346244 -0.00763811 -0.0121307
internal_weight=65.6691 25.428 17.194 40.2411 28.9664 18.2822
internal_count=373 145 101 228 151 94
is_linear=0
shrinkage=0.02


Tree=105
num_leaves=7
num_cat=0
split_feature=37 47 35 22 36 23
split_gain=6.89811 3.39979 3.81119 2.16349 6.34981 0.787593
threshold=1.0000000180025095e-35 1.0000000180025095e-35 0.00064727115508365516 -0.00044494891104620703 -0.1610491175656496 0.67003006203937832
decision_type=2 2 2 2 2 2
left_child=5 2 -2 -3 -5 -1
right_child=1 3 -4 4 -6 -7
leaf_value=-0.013125533119964113 -0.0080372730833701139 0.018421380657363973 0.0095013362583811559 -0.0091373337220344124 0.01303105607783134 -0.0028173093765832234
leaf_weight=9.6751424819231051 11.971725046634676 7.4358377456665066 6.9038134738802901 6.8717167079448762 13.455212660133833 7.4940146207809439
leaf_count=59 54 42 47 29 84 46
internal_value=0.00102816 0.00509421 -0.00116528 0.00945111 0.00517844 -0.00935911
internal_weight=63.8075 46.6383 18.8755 27.7628 20.3269 17.1692
internal_count=361 256 101 155 113 105
is_linear=0
shrinkage=0.02


Tree=106
num_leaves=6
num_cat=0
split_feature=37 36 36 10 7
split_gain=7.29961 6.62894 7.33811 5.42417 1.11041
threshold=1.0000000180025095e-35 0.50526770335316851 0.057123193164146262 1.0000000180025095e-35 195.78750000000002
decision_type=2 2 2 2 2
left_child=4 2 3 -2 -1
right_child=1 -3 -4 -5 -6
leaf_value=-0.0017530998684161297 0.019487913925309356 0.019524851531614953 -0.0092708527023797685 0 -0.012373828993872418
leaf_weight=8.656015023589136 9.3209093958139402 10.069845497608183 13.930792704224585 13.81262916326523 10.977572768926619
leaf_count=51 53 84 63 58 70
internal_value=0.00156546 0.00588405 0.00160483 0.00851546 -0.00829407
internal_weight=66.7678 47.1342 37.0643 23.1335 19.6336
internal_count=379 258 174 111 121
is_linear=0
shrinkage=0.02


Tree=107
num_leaves=6
num_cat=0
split_feature=37 36 36 25 42
split_gain=3.61208 4.7776 4.30247 3.13764 0.992203
threshold=1.0000000180025095e-35 0.48611919726713337 -0.29239690387973738 -0.00021256152506881029 2.6666666666663033
decision_type=2 2 2 2 2
left_child=4 2 -2 -4 -1
right_child=1 -3 3 -5 -6
leaf_value=0 0.011014224618718383 0.01433999973731912 -0.012622432419763008 0.0011867141467556829 -0.010437687805393437
leaf_weight=7.1741607934236553 9.38105461001396 12.164123281836508 9.6320895105600339 15.132516711950304 9.3938565254211408
leaf_count=42 50 99 43 66 60
internal_value=0.00116448 0.00410179 0 -0.00423287 -0.0064703
internal_weight=62.8778 46.3098 34.1457 24.7646 16.568
internal_count=360 258 159 109 102
is_linear=0
shrinkage=0.02


Tree=108
num_leaves=6
num_cat=1
split_feature=37 35 15 72 22
split_gain=3.63279 3.90646 3.03421 1.84054 0.580432
threshold=1.0000000180025095e-35 0.00095462359490763741 1.6891797016273841e-22 0 0.00047883842061103324
decision_type=2 2 2 1 2
left_child=2 3 -1 -2 -3
right_child=1 4 -4 -5 -6
leaf_value=-0.016275739700622686 -0.0048643661699016207 0.0056918348349112467 0 0.0044996783538334148 0.016879703190417317
leaf_weight=7.0101444870233562 16.980540856719017 7.7518642172217351 11.088642671704291 14.549001514911653 6.2300509661436081
leaf_count=44 78 55 68 66 52
internal_value=0.000350633 0.00344768 -0.00689585 -0.000353477 0.0118713
internal_weight=63.6102 45.5115 18.0988 31.5295 13.9819
internal_count=363 251 112 144 107
cat_boundaries=0 1
cat_threshold=4
is_linear=0
shrinkage=0.02


Tree=109
num_leaves=7
num_cat=0
split_feature=37 35 9 35 35 16
split_gain=6.66898 3.69922 3.56713 4.13531 2.18666 0.0112095
threshold=1.0000000180025095e-35 0.0013152820286973981 175.60625000000002 -6.8953097353443045e-05 -0.0011475971649338205 0.022189812237934998
decision_type=2 2 2 2 2 2
left_child=4 2 -2 -4 -1 -3
right_child=1 5 3 -5 -6 -7
leaf_value=-0.015451782048757913 -0.0063781499504485806 0.007607774478408714 0.013745885869218162 -0.0035941692995372599 -0.0010910951118114035 0.018073378739276266
leaf_weight=11.03810551762581 15.474408209323881 5.8589235916733724 11.129903942346571 8.673312649130823 8.2848708182573301 4.3406461998820305
leaf_count=73 66 50 61 39 47 37
internal_value=-0.000312213 0.00377814 0.000410515 0.00605525 -0.00994642 0.0138134
internal_weight=64.8002 45.4772 35.2776 19.8032 19.323 10.1996
internal_count=373 253 166 100 120 87
is_linear=0
shrinkage=0.02


Tree=110
num_leaves=5
num_cat=0
split_feature=2 7 9 37
split_gain=2.7796 6.0499 6.91509 6.08844
threshold=887.50000000000011 89.600000000000009 180.56875000000002 1.0000000180025095e-35
decision_type=2 2 2 2
left_child=1 -1 -3 -4
right_child=-2 2 3 -5
leaf_value=0.011067580409687609 0.0087631779106490289 -0.017787839197784334 -0.014204090017309696 0.0058179374185300496
leaf_weight=10.014965951442717 11.027108766138552 11.721160091459749 7.5421372056007412 20.033459089696407
leaf_count=55 62 62 49 121
internal_value=3.35974e-05 -0.00193464 -0.00558963 0
internal_weight=60.3388 49.3117 39.2968 27.5756
internal_count=349 287 232 170
is_linear=0
shrinkage=0.02


Tree=111
num_leaves=6
num_cat=0
split_feature=37 35 35 11 16
split_gain=4.37885 3.5221 2.55974 3.06317 2.34482
threshold=1.0000000180025095e-35 0.00213076137536058 -0.0009341041750815705 6.4565579876269902e-05 0.0027383823321441916
decision_type=2 2 2 2 2
left_child=4 2 -2 -4 -1
right_child=1 -3 3 -5 -6
leaf_value=0 0.0098214619294466725 0.016432723928585018 0.00482040122944486 -0.0072667047230523928 -0.014799423612217508
leaf_weight=8.6801662296056765 9.7064267545938474 6.5625037103891364 14.772993236780168 16.436223194003105 8.178472235798834
leaf_count=52 54 63 69 82 54
internal_value=0.000617818 0.00381107 0.00129978 -0.00138692 -0.00774904
internal_weight=64.3368 47.4781 40.9156 31.2092 16.8586
internal_count=374 268 205 151 106
is_linear=0
shrinkage=0.02


Tree=112
num_leaves=7
num_cat=0
split_feature=37 36 35 23 9 17
split_gain=5.96832 2.877 3.57755 3.97354 2.6729 0.63056
threshold=1.0000000180025095e-35 0.33054742167487389 -0.00096382380428760574 0.55691491565246654 180.56875000000002 0.0055561417453214136
decision_type=2 2 2 2 2 2
left_child=4 2 -2 -4 -1 -3
right_child=1 5 3 -5 -6 -7
leaf_value=0.00057616115812265955 0.010694437117574411 0.016174097835325092 0.004311124687039548 -0.01215898398878151 -0.013899951285387846 0.004535660391404123
leaf_weight=7.426487714052203 10.26250432431698 8.2721328586339933 11.633954599499704 9.5761360824108106 10.991010785102842 5.8348667770624152
leaf_count=45 57 63 50 42 72 40
internal_value=0.00119186 0.00513716 0.00142636 -0.00306746 -0.00802469 0.0123763
internal_weight=63.9971 45.5796 31.4726 21.2101 18.4175 14.107
internal_count=369 252 149 92 117 103
is_linear=0
shrinkage=0.02


Tree=113
num_leaves=6
num_cat=0
split_feature=18 42 37 17 11
split_gain=3.68507 2.46215 3.21488 3.0641 3.04351
threshold=3.245262721064622e-05 2.6666666666663317 1.0000000180025095e-35 0.013120434987977143 0.00010260540286847117
decision_type=2 2 2 2 2
left_child=1 3 -3 -1 -4
right_child=-2 2 4 -5 -6
leaf_value=0.0016441815003125587 -0.0085755157668034841 -0.011629600745927648 -0.0062730234018860036 0.017942191415749795 0.0079638009141126832
leaf_weight=14.243590556085111 14.097652107477186 7.3841344714164761 8.2308889776468295 6.8013149574398986 15.208283767104147
leaf_count=75 79 48 46 37 93
internal_value=4.8317e-05 0.00262361 -0.000827386 0.00775852 0.00266678
internal_weight=65.9659 51.8682 30.8233 21.0449 23.4392
internal_count=378 299 187 112 139
is_linear=0
shrinkage=0.02


Tree=114
num_leaves=5
num_cat=0
split_feature=2 3 7 62
split_gain=3.0943 3.83098 4.78305 3.49387
threshold=887.50000000000011 1.0000000180025095e-35 89.600000000000009 1.0000000180025095e-35
decision_type=2 2 2 2
left_child=1 -1 -3 -4
right_child=-2 2 3 -5
leaf_value=0.009907962659377054 0.0096320029375562451 0.006510478112380055 -0.018964944054393987 -0.0033424141720710793
leaf_weight=8.8145040422677976 12.169949561357496 11.263631857931612 7.8343351930379894 21.865222990512848
leaf_count=52 66 61 52 124
internal_value=0.000952683 -0.00119903 -0.00391118 -0.00814239
internal_weight=61.9476 49.7777 40.9632 29.6996
internal_count=355 289 237 176
is_linear=0
shrinkage=0.02


Tree=115
num_leaves=7
num_cat=0
split_feature=37 35 10 36 9 36
split_gain=4.5822 3.46503 7.0963 5.46296 2.18451 0.706859
threshold=1.0000000180025095e-35 0.00095462359490763741 1.0000000180025095e-35 -0.10217007220279238 176.61875000000003 0.70414632998166049
decision_type=2 2 2 2 2 2
left_child=4 2 -2 -4 -1 -3
right_child=1 5 3 -5 -6 -7
leaf_value=0.00026814780594023262 0.013396251824359523 0.0052450053313286248 -0.015486102252156764 0.0037250450231806581 -0.013255864918928899 0.018195183650391675
leaf_weight=6.7030612379312542 10.208841428160669 6.1523680388927442 10.909416988492014 10.395124405622481 10.416249901056288 5.5944163203239441
leaf_count=40 58 35 46 43 69 57
internal_value=0.000462817 0.00401431 0.000251385 -0.00609666 -0.00790685 0.0128268
internal_weight=60.3795 43.2602 31.5134 21.3045 17.1193 11.7468
internal_count=348 239 147 89 109 92
is_linear=0
shrinkage=0.02


Tree=116
num_leaves=7
num_cat=0
split_feature=37 11 52 23 9 40
split_gain=4.60202 3.41095 2.68571 3.99455 1.63053 1.6166
threshold=1.0000000180025095e-35 0.00012289933845573373 1.0000000180025095e-35 0.4319641928108674 303.16250000000008 5.864062499999819
decision_type=2 2 2 2 2 2
left_child=5 2 -2 -4 -3 -1
right_child=1 4 3 -5 -6 -7
leaf_value=6.0466456528426782e-06 -0.0059530370173735917 0.017417304413861495 0.014872823553267071 -0.0035035943483047605 0.0033891590244486676 -0.010984367660695327
leaf_weight=8.3469936698675173 11.45879463106394 10.053832411766054 8.7101088166236895 7.8315855860710135 7.3328902572393408 10.010728701949118
leaf_count=50 57 61 48 45 44 67
internal_value=0.00214977 0.00560664 0.000941597 0.0061268 0.0123333 -0.00593507
internal_weight=63.7449 45.3872 28.0005 16.5417 17.3867 18.3577
internal_count=372 255 150 93 105 117
is_linear=0
shrinkage=0.02


Tree=117
num_leaves=7
num_cat=0
split_feature=37 35 34 25 35 17
split_gain=3.56871 4.26326 4.3766 3.25309 2.17254 1.29399
threshold=1.0000000180025095e-35 0.00091979233598493487 0.75101623780509263 0.0006698481747494351 -0.0011475971649338205 0.0055561417453214136
decision_type=2 2 2 2 2 2
left_child=4 2 -2 -4 -1 -3
right_child=1 5 3 -5 -6 -7
leaf_value=-0.013223500772989052 0.0086078553779083047 0.017392802200668463 0 -0.014844098595905854 0 0.0027222879533610432
leaf_weight=10.689745746552946 10.383918598294256 6.8799081742763502 12.457255601882936 9.2907236963510496 7.5086788833141318 5.6991343647241592
leaf_count=74 49 60 58 41 43 42
internal_value=-0.000519124 0.00242876 -0.00133617 -0.00651754 -0.00782344 0.0118779
internal_weight=62.9094 44.7109 32.1319 21.748 18.1984 12.579
internal_count=367 250 148 99 117 102
is_linear=0
shrinkage=0.02


Tree=118
num_leaves=6
num_cat=0
split_feature=37 34 11 7 34
split_gain=3.62121 3.20358 4.35767 1.64615 1.48312
threshold=1.0000000180025095e-35 0.97953051877971531 0.00010260540286847117 195.78750000000002 1.4129025768516683
decision_type=2 2 2 2 2
left_child=3 2 -2 -1 -3
right_child=1 4 -4 -5 -6
leaf_value=0 -0.0089019626534180048 0.014957068556931526 0.0077244274339846658 -0.011315751410551281 0.0033169267866373937
leaf_weight=7.5905446857214001 12.546123877167703 9.7604743614792842 10.643393650650976 10.326054088771341 11.488993689417837
leaf_count=46 67 59 65 70 62
internal_value=0.000778725 0.00391122 -0.00101898 -0.00646972 0.00936518
internal_weight=62.3556 44.439 23.1895 17.9166 21.2495
internal_count=369 253 132 116 121
is_linear=0
shrinkage=0.02


Tree=119
num_leaves=6
num_cat=0
split_feature=62 36 1 23 22
split_gain=3.65019 4.99472 2.45682 3.2965 2.12495
threshold=1.0000000180025095e-35 0.50526770335316851 37.500000000000007 0.4029031706623486 -0.00039322497635754398
decision_type=2 2 2 2 2
left_child=4 2 3 -2 -1
right_child=1 -3 -4 -5 -6
leaf_value=-0.013555162132716889 0.0046683686180721386 0.01545419501074956 0.0079578635022572557 -0.0094710861838821648 0
leaf_weight=8.6722937300801295 9.9395857155323046 9.628348268568514 9.3687035590410215 14.680187240242956 7.8184744194149962
leaf_count=56 46 85 46 68 50
internal_value=0.000359646 0.00348135 -8.36178e-05 -0.00356906 -0.00728097
internal_weight=60.1076 43.6168 33.9885 24.6198 16.4908
internal_count=351 245 160 114 106
is_linear=0
shrinkage=0.02


Tree=120
num_leaves=7
num_cat=0
split_feature=46 52 17 34 36 9
split_gain=4.25607 3.02149 3.11968 2.50966 2.2189 2.12693
threshold=17.500000000000004 1.0000000180025095e-35 3.6607334425121886e-07 1.0998820064072869 -0.22367077361243823 253.05625000000003
decision_type=2 2 2 2 2 2
left_child=5 2 -2 4 -3 -1
right_child=1 3 -4 -5 -6 -7
leaf_value=-0.012635233615494495 -0.011361753402966928 0.010171593222145666 0.0047673789250236862 0.013761282292930773 -0.0034779033298158171 0.00065689029453900151
leaf_weight=11.507492624223234 8.2608097270131129 6.7090182676911398 8.5038633942604047 12.468242727220057 10.815940424799919 6.3490315899252883
leaf_count=65 46 40 48 77 62 42
internal_value=0.000145402 0.00340777 -0.0030347 0.00718411 0.0016906 -0.00780672
internal_weight=64.6144 46.7579 16.7647 29.9932 17.525 17.8565
internal_count=380 273 94 179 102 107
is_linear=0
shrinkage=0.02


Tree=121
num_leaves=5
num_cat=0
split_feature=14 14 34 17
split_gain=3.50147 3.77159 3.26501 3.80064
threshold=9.5038959773669809e-18 4.96301638763831e-09 0.57716492333967229 0.0088317520230008616
decision_type=2 2 2 2
left_child=-1 -2 -3 -4
right_child=1 2 3 -5
leaf_value=-0.0077080478771468786 0.017292334460929832 -0.0096792387953065651 9.9748135770793027e-05 0.01401391885016719
leaf_weight=10.367198467254637 6.9058794900774947 6.7658148184418669 27.169667541980743 10.593017302453516
leaf_count=58 42 41 163 64
internal_value=0.00221648 0.00444017 0.00197912 0.00441851
internal_weight=61.8016 51.4344 44.5285 37.7627
internal_count=368 310 268 227
is_linear=0
shrinkage=0.02


Tree=122
num_leaves=7
num_cat=0
split_feature=37 11 9 35 7 42
split_gain=3.28136 3.10755 4.50388 3.75063 2.09632 1.56794
threshold=1.0000000180025095e-35 9.1135174731276771e-05 301.66250000000008 0.00024965737502134874 195.78750000000002 2.6666666666661514
decision_type=2 2 2 2 2 2
left_child=4 3 -3 -2 -1 -5
right_child=1 2 -4 5 -6 -7
leaf_value=0.00048830435610404974 -0.010373276331877875 0.017066487651554184 -0.00032984719442765342 0.011509128490184688 -0.012664566795474338 -0.0013282628454121409
leaf_weight=8.215103358030321 9.2474847435951251 11.826691299676897 9.813960023224352 6.8513439223170263 8.3419974297285062 5.6079595014452934
leaf_count=50 38 73 59 43 57 37
internal_value=0.00106416 0.00402785 0.00924618 -0.00108844 -0.00614068 0.00561582
internal_weight=59.9045 43.3474 21.6407 21.7068 16.5571 12.4593
internal_count=357 250 132 118 107 80
is_linear=0
shrinkage=0.02


Tree=123
num_leaves=7
num_cat=0
split_feature=18 47 42 35 22 22
split_gain=3.39254 2.025 2.05153 1.26984 3.41896 1.11013
threshold=3.245262721064622e-05 1.0000000180025095e-35 2.6666666666665995 0.00064727115508365516 0.0007949720726992106 0.0012134575062746537
decision_type=2 2 2 2 2 2
left_child=1 2 -1 4 -3 -5
right_child=-2 3 -4 5 -6 -7
leaf_value=-0.0052256122392798435 -0.0067179117949145674 0.020740495704035192 0.0064420792545728228 -0.0033940450745908492 0.002386412170202609 0.0083628887259083341
leaf_weight=12.42653362452984 12.281513489782808 7.4817091822624269 9.9390285611152631 5.8019520640373212 10.012831695377825 4.6360640302300453
leaf_count=71 73 43 62 40 49 40
internal_value=0.00215993 0.00453334 0 0.00802707 0.0112572 0.00157786
internal_weight=62.5796 50.2981 22.3656 27.9326 17.4945 10.438
internal_count=378 305 133 172 92 80
is_linear=0
shrinkage=0.02


Tree=124
num_leaves=7
num_cat=0
split_feature=8 37 22 1 34 23
split_gain=5.2563 8.34848 1.69685 2.28895 1.93144 0.405152
threshold=57.95000000000001 1.0000000180025095e-35 -1.0000000180025095e-35 22.500000000000004 0.73517112358525083 0.70564761064652515
decision_type=2 2 2 2 2 2
left_child=-1 5 3 -3 -4 -2
right_child=1 2 4 -5 -6 -7
leaf_value=0.01526195378800705 -0.018616878049687688 -0.0015948783340810904 0.0069776944691798239 0.011718532763286372 -0.0053199659172439686 -0.0071880098115133543
leaf_weight=7.2918732017278662 7.5780753046274167 6.8106694370508185 6.5693425238132539 12.64234261959791 13.995852850377558 6.4999569207429886
leaf_count=39 52 38 37 78 80 44
internal_value=0.000342914 -0.0017997 0.00279023 0.00691395 -0.000971977 -0.0145647
internal_weight=61.3881 54.0962 40.0182 19.453 20.5652 14.078
internal_count=368 329 233 116 117 96
is_linear=0
shrinkage=0.02


Tree=125
num_leaves=6
num_cat=0
split_feature=37 36 36 11 16
split_gain=3.52493 4.58457 4.36639 2.48738 2.14009
threshold=1.0000000180025095e-35 0.6479261370560977 0.28016736095328881 7.1058388466335742e-05 0.0027383823321441916
decision_type=2 2 2 2 2
left_child=4 2 3 -2 -1
right_child=1 -3 -4 -5 -6
leaf_value=0 -0.0024036430223150183 0.017194595879979971 -0.01028067424239933 0.0091850781706097877 -0.013583258842936876
leaf_weight=8.4600196629762632 10.262712121009828 7.8517284691333762 9.0416389703750593 18.572208970785141 7.4129149839282027
leaf_count=53 42 80 46 96 52
internal_value=0.00129846 0.00418735 0.000963715 0.00491708 -0.00642345
internal_weight=61.6012 45.7283 37.8766 28.8349 15.8729
internal_count=369 264 184 138 105
is_linear=0
shrinkage=0.02


Tree=126
num_leaves=6
num_cat=0
split_feature=37 36 10 22 14
split_gain=4.87355 4.78561 5.4676 4.71072 1.4842
threshold=1.0000000180025095e-35 0.50526770335316851 1.0000000180025095e-35 -0.00016984002481530396 1.9671315777278517e-05
decision_type=2 2 2 2 2
left_child=4 2 -2 -4 -1
right_child=1 -3 3 -5 -6
leaf_value=-0.01465400623090974 0.010744305174911092 0.016157729449644175 -0.014196020133444396 0.0024262010464620033 -0.0019374232838211443
leaf_weight=7.8194245994091061 12.350768536329268 8.673216871917246 11.125735267996786 13.938978567719461 9.0841449350118619
leaf_count=51 72 84 49 60 60
internal_value=0.000141776 0.00360702 0.000196601 -0.00498345 -0.00864504
internal_weight=62.9923 46.0887 37.4155 25.0647 16.9036
internal_count=376 265 181 109 111
is_linear=0
shrinkage=0.02


Tree=127
num_leaves=6
num_cat=0
split_feature=36 36 1 34 15
split_gain=3.28455 3.27441 3.08891 4.4781 3.1072
threshold=-1.1204758662298246 -0.58053601862245829 22.500000000000004 0.66205648369252457 1.5374147013113675e-08
decision_type=2 2 2 2 2
left_child=-1 -2 4 -4 -3
right_child=1 2 3 -5 -6
leaf_value=-0.01258564416937465 0.011837214306626598 -0.015135785449194156 -0.010536683556835274 0.0069738210342979784 0.00083996467245358176
leaf_weight=6.4260196387767783 9.2369899675250036 8.5306710600852984 6.370256312191489 25.201673172414303 8.408689007163046
leaf_count=45 62 44 38 146 47
internal_value=0 0.00153015 -0.000510661 0.00304151 -0.00726621
internal_weight=64.1743 57.7483 48.5113 31.5719 16.9394
internal_count=382 337 275 184 91
is_linear=0
shrinkage=0.02


Tree=128
num_leaves=7
num_cat=0
split_feature=37 36 36 11 40 34
split_gain=3.9409 3.61863 2.99179 3.27245 1.36058 0.430782
threshold=1.0000000180025095e-35 0.48611919726713337 0.057123193164146262 0.00016981130837161033 7.5933749999994697 0.97514626641712587
decision_type=2 2 2 2 2 2
left_child=4 2 3 -2 -1 -3
right_child=1 5 -4 -5 -6 -7
leaf_value=-0.0020199342920187721 -0.0012720751015781115 0.0056881045408832117 -0.0073829624974911662 0.013293742607034354 -0.01460625712274231 0.018689518588260672
leaf_weight=9.9368562921881693 13.975164219737055 4.9800468832254392 11.998095184564589 9.0389242246746999 6.1946519911289206 4.6452850326895714
leaf_count=65 60 44 54 53 43 43
internal_value=0.000304117 0.00346127 0.000178853 0.00451424 -0.0077739 0.0136958
internal_weight=60.769 44.6375 35.0122 23.0141 16.1315 9.62533
internal_count=362 254 167 113 108 87
is_linear=0
shrinkage=0.02


Tree=129
num_leaves=6
num_cat=0
split_feature=37 16 14 8 50
split_gain=5.06862 2.88258 2.51483 1.45089 0.836949
threshold=1.0000000180025095e-35 0.0063823108548949703 0.0052507293448422901 174.95000000000002 1.0000000180025095e-35
decision_type=2 2 2 2 2
left_child=4 2 -2 -3 -1
right_child=1 3 -4 -5 -6
leaf_value=-0.0032728445572972106 -0.0064546361397175159 0.014789662408646343 0.0059140305006491947 0.0028894652740432203 -0.013409621146820207
leaf_weight=10.647881597280504 12.458716519176962 10.225640095770361 11.762117579579352 9.7811799049377424 7.023158371448516
leaf_count=71 67 54 68 63 47
internal_value=0.000541672 0.00424032 -0.000213933 0.00967187 -0.00812538
internal_weight=61.8987 44.2277 24.2208 20.0068 17.671
internal_count=370 252 135 117 118
is_linear=0
shrinkage=0.02


Tree=130
num_leaves=7
num_cat=0
split_feature=52 34 18 8 11 22
split_gain=3.55759 4.79004 2.90988 2.68386 4.81759 1.01518
threshold=1.0000000180025095e-35 0.84067640104615637 4.0738252232503349e-24 121.80000000000001 0.00012289933845573373 -0.00039322497635754398
decision_type=2 2 2 2 2 2
left_child=3 5 -3 -1 -5 -2
right_child=1 2 -4 4 -6 -7
leaf_value=0.0030137053809099102 -0.009983846717522683 0.00055152758503215413 0.016479167008823768 -0.020746684725993374 0 0
leaf_weight=6.8172020837664631 6.7924191951751718 9.2511429041624087 10.241962946951388 8.4013825207948702 8.9535057395696622 8.9629539251327479
leaf_count=37 43 61 69 45 57 50
internal_value=-0.000820535 0.00309269 0.00960869 -0.00666145 -0.010746 -0.00470336
internal_weight=59.4206 35.2485 19.4931 24.1721 17.3549 15.7554
internal_count=362 223 130 139 102 93
is_linear=0
shrinkage=0.02


Tree=131
num_leaves=6
num_cat=0
split_feature=16 16 18 9 8
split_gain=3.1461 3.17967 2.59441 2.68554 0.894872
threshold=0.95391383665537766 0.059871759176697591 0.0026441823674600317 320.21250000000003 179.77500000000001
decision_type=2 2 2 2 2
left_child=1 2 3 -1 -2
right_child=4 -3 -4 -5 -6
leaf_value=-0.001439694873656314 0.011511858794631928 -0.01451296056482458 -0.011457009718839777 0.012101936240993363 0.00025444498383803474
leaf_weight=24.910463042557243 7.1026542559266073 7.7574998736381522 6.6331394836306563 6.4257966727018347 6.1667990386486053
leaf_count=148 41 45 35 41 41
internal_value=-0.00101484 -0.00359508 -0.000895308 0.00143997 0.00708508
internal_weight=58.9964 45.7269 37.9694 31.3363 13.2695
internal_count=351 269 224 189 82
is_linear=0
shrinkage=0.02


Tree=132
num_leaves=7
num_cat=0
split_feature=18 62 9 15 1 9
split_gain=3.85597 3.93547 2.60177 2.09171 4.73286 1.78454
threshold=2.8181800361953311e-05 1.0000000180025095e-35 209.67500000000004 4.8475090589675795e-05 22.500000000000004 203.53125000000003
decision_type=2 2 2 2 2 2
left_child=1 5 -2 4 -3 -1
right_child=2 3 -4 -5 -6 -7
leaf_value=0 -0.019137189029179765 -0.0026570631677482037 -0.0011212156150197726 -0.001743004716644219 0.01520713969965078 -0.014672226609849816
leaf_weight=6.4052900373935682 6.4037242010235769 8.7378304153680819 7.2455770224332809 11.731761202216147 13.546610400080679 6.3825913220643997
leaf_count=40 36 45 45 67 86 46
internal_value=-0.00171922 0.000947188 -0.0107126 0.00460206 0.00813154 -0.0079684
internal_weight=60.4534 46.8041 13.6493 34.0162 22.2844 12.7879
internal_count=365 284 81 198 131 86
is_linear=0
shrinkage=0.02


Tree=133
num_leaves=6
num_cat=0
split_feature=11 9 37 11 25
split_gain=3.06972 2.97576 3.82976 2.88163 1.05171
threshold=3.6740823321206822e-05 87.350000000000009 1.0000000180025095e-35 0.00011566113127690389 -0.00043563343440897764
decision_type=2 2 2 2 2
left_child=-1 -2 4 -4 -3
right_child=1 2 3 -5 -6
leaf_value=-0.010627625926802569 0.014032944678731618 -0.0016205994198491311 -0.0022784009743109911 0.0091141029053759086 -0.014432650071546472
leaf_weight=8.0709733292460424 6.0771811455488196 6.3537524938583374 15.343540146946905 17.347620747983456 6.0907098203897458
leaf_count=46 33 42 83 106 43
internal_value=1.06252e-05 0.00197353 0 0.00368004 -0.00894459
internal_weight=59.2838 51.2128 45.1356 32.6912 12.4445
internal_count=353 307 274 189 85
is_linear=0
shrinkage=0.02


Tree=134
num_leaves=6
num_cat=0
split_feature=18 11 18 8 23
split_gain=3.41123 2.00789 3.31185 3.55884 1.19984
threshold=9.9579446597652565e-07 3.6993242083829636e-05 2.0709862515938013e-22 211.90000000000003 0.46007193644048655
decision_type=2 2 2 2 2
left_child=1 -1 3 -3 -2
right_child=4 2 -4 -5 -6
leaf_value=-0.0052595801669885105 -0.013040014032764257 0.0075385241323787855 0.013371969021450476 -0.0068919152393923256 -0.0011589494129651363
leaf_weight=7.7409595921635619 7.0617772564291945 13.69593581557274 12.09117817878723 11.637449540197847 8.4235312044620496
leaf_count=43 38 79 77 76 52
internal_value=0.000303701 0.00317922 0.00517232 0.000671749 -0.00740338
internal_weight=60.6508 45.1655 37.4246 25.3334 15.4853
internal_count=365 275 232 155 90
is_linear=0
shrinkage=0.02


Tree=135
num_leaves=7
num_cat=0
split_feature=37 36 36 1 15 2
split_gain=3.00521 4.44523 4.46901 2.4042 2.14659 1.56994
threshold=1.0000000180025095e-35 0.33054742167487389 0.057123193164146262 22.500000000000004 1.6891797016273841e-22 827.50000000000011
decision_type=2 2 2 2 2 2
left_child=4 2 3 -2 -1 -3
right_child=1 5 -4 -5 -6 -7
leaf_value=-0.014229468866237429 -0.0027753287601800887 0.0025532117845772323 -0.010996038533527448 0.0097794588801337397 0 0.018129870205961341
leaf_weight=5.8738293573260334 8.7596739381551796 5.4091504365205756 9.4042657464742643 13.806914843618868 10.400315970182417 8.6390470042824727
leaf_count=41 42 43 41 71 69 70
internal_value=0.00146085 0.00413514 0 0.0047405 -0.0055556 0.0130991
internal_weight=62.2932 46.0191 31.9709 22.5666 16.2741 14.0482
internal_count=377 267 154 113 110 113
is_linear=0
shrinkage=0.02


Tree=136
num_leaves=5
num_cat=0
split_feature=42 7 7 22
split_gain=2.25655 3.24577 1.60703 2.46243
threshold=2.6666666666668433 76.518750000000026 196.96250000000003 0.00063180726116569971
decision_type=2 2 2 2
left_child=1 -1 -3 -4
right_child=-2 2 3 -5
leaf_value=0.0063621345831180384 0.0055990671587060848 -0.01212535281855175 -0.0085954125709356462 0.0035817393225631546
leaf_weight=7.7293083220720282 9.4840107932686788 14.628236092627047 13.840484142303469 10.41068924218416
leaf_count=42 63 79 87 70
internal_value=-0.00262643 -0.00450865 -0.00692558 -0.00319549
internal_weight=56.0927 46.6087 38.8794 24.2512
internal_count=341 278 236 157
is_linear=0
shrinkage=0.02


Tree=137
num_leaves=5
num_cat=0
split_feature=8 42 51 36
split_gain=3.52422 3.24624 2.07971 2.39147
threshold=57.95000000000001 2.6666666666668433 1.0000000180025095e-35 0.55131663954591681
decision_type=2 2 2 2
left_child=-1 2 -2 -4
right_child=1 -3 3 -5
leaf_value=0.011327400460342439 0.0022208991083223217 0.0069321590122639132 -0.010656777430025336 0.0011321445577314091
leaf_weight=7.7225582823157302 10.436361834406851 10.482480160892008 23.346943363547329 8.1287626251578313
leaf_count=41 62 68 125 68
internal_value=-0.000348897 -0.00236218 -0.00493395 -0.00748636
internal_weight=60.1171 52.3945 41.9121 31.4757
internal_count=364 323 255 193
is_linear=0
shrinkage=0.02


Tree=138
num_leaves=7
num_cat=0
split_feature=62 36 17 17 8 34
split_gain=5.22847 2.84186 2.7603 2.58586 2.66257 0.0499206
threshold=1.0000000180025095e-35 0.55131663954591681 0.0015982031348313931 0.028780544159345195 165.35000000000005 0.92065238467538968
decision_type=2 2 2 2 2 2
left_child=2 3 -1 4 -2 -3
right_child=1 5 -4 -5 -6 -7
leaf_value=-0.015975833480312264 0.0046165115896039752 0.0056968813489931252 0 0.0093357254379057737 -0.0074249212520321947 0.016816607410603642
leaf_weight=9.9987849742174166 10.898915007710459 4.1268160417675954 6.2082470431923857 8.7808474451303464 17.086550086736679 3.9110522195696831
leaf_count=72 47 39 40 42 87 43
internal_value=-0.000474763 0.00296361 -0.00994863 0.000316461 -0.00253091 0.0130334
internal_weight=61.0112 44.8042 16.207 36.7663 27.9855 8.03787
internal_count=370 258 112 176 134 82
is_linear=0
shrinkage=0.02


Tree=139
num_leaves=7
num_cat=0
split_feature=62 47 42 34 14 8
split_gain=4.80249 2.81203 3.5046 2.12914 2.08443 0.802714
threshold=1.0000000180025095e-35 1.0000000180025095e-35 2.6666666666666514 1.0593825052562462 0.00069745493721445689 172.92500000000004
decision_type=2 2 2 2 2 2
left_child=3 2 -2 -1 -3 -6
right_child=1 4 -4 -5 5 -7
leaf_value=-0.0011705801449893786 -0.0096607041032946289 0.013333003787074223 0.0073681004104516395 -0.01591601345512797 0.006842878819465774 -0.0018569341192433678
leaf_weight=9.6289988979697245 10.048249512910845 13.044946603477003 7.360752396285533 7.2756995111703864 6.1697426438331595 8.0074722915887815
leaf_count=65 53 77 46 51 33 52
internal_value=0.000292752 0.00382339 -0.00212565 -0.00838653 0.007781 0.00173519
internal_weight=61.5359 44.6312 17.409 16.9047 27.2222 14.1772
internal_count=377 261 99 116 162 85
is_linear=0
shrinkage=0.02


Tree=140
num_leaves=6
num_cat=0
split_feature=62 11 36 14 42
split_gain=3.98342 3.62823 6.6247 4.70057 2.1868
threshold=1.0000000180025095e-35 0.00019214328226708498 -0.16399707932964822 0.0014443002301728024 2.6666666666663033
decision_type=2 2 2 2 2
left_child=4 2 -2 -4 -1
right_child=1 -3 3 -5 -6
leaf_value=0 -0.015516529584190647 0.011687735876313606 0.012533249483564641 -0.003733888090720896 -0.015111285007118431
leaf_weight=6.4069409295916548 8.4187069684266991 10.938754521310328 12.308684065938001 13.700893662869928 9.0357735529541952
leaf_count=41 36 69 76 82 66
internal_value=-0.000765864 0.00214163 -0.000966349 0.00392119 -0.00928307
internal_weight=60.8098 45.367 34.4283 26.0096 15.4427
internal_count=370 263 194 158 107
is_linear=0
shrinkage=0.02


Tree=141
num_leaves=7
num_cat=1
split_feature=78 35 16 7 37 11
split_gain=2.76791 3.30102 2.37149 1.97586 3.09977 1.80704
threshold=0 -0.00052203744044536273 0.025974378484936871 89.600000000000009 1.0000000180025095e-35 0.00010020086599184634
decision_type=1 2 2 2 2 2
left_child=1 -1 -3 -2 -5 -6
right_child=3 2 -4 4 5 -7
leaf_value=-0.010913363883207022 0.014775188591218874 -0.0041317423798478935 0.011370117092225841 -0.0070689371249597959 0 0.011988207066157424
leaf_weight=10.652322120964529 6.7876009866595259 6.819814167916773 6.4930615350604057 7.7133506163954761 9.0135025307536143 11.155541650950907
leaf_count=61 38 45 39 55 53 75
internal_value=0.00201948 -0.00297528 0.0032759 0.00562688 0.00275765 0.00695552
internal_weight=58.6352 23.9652 13.3129 34.67 27.8824 20.169
internal_count=366 145 84 221 183 128
cat_boundaries=0 1
cat_threshold=1
is_linear=0
shrinkage=0.02


Tree=142
num_leaves=7
num_cat=1
split_feature=8 62 7 40 77 42
split_gain=2.95193 4.32524 3.25991 3.91026 1.32342 0.355885
threshold=57.95000000000001 1.0000000180025095e-35 205.99375000000003 8.9563125000004238 0 2.6666666666665755
decision_type=2 2 2 2 1 2
left_child=-1 5 4 -4 -3 -2
right_child=1 2 3 -5 -6 -7
leaf_value=0.011677712706056614 -0.013105900859181722 -0.0095154844476996459 0.015189803476887434 -0.00025418818560705905 0.0007766013926993325 -0.0034718763857513541
leaf_weight=7.3493478745222083 8.6524784639477712 8.265151247382164 10.91902842372656 12.868767000734804 8.4817095994949341 5.349822685122489
leaf_count=40 60 40 71 81 48 40
internal_value=0.000535484 -0.00104123 0.00218429 0.00691963 -0.00421477 -0.0103018
internal_weight=61.8863 54.537 40.5347 23.7878 16.7469 14.0023
internal_count=380 340 240 152 88 100
cat_boundaries=0 1
cat_threshold=1
is_linear=0
shrinkage=0.02


Tree=143
num_leaves=6
num_cat=1
split_feature=2 34 72 14 37
split_gain=3.97403 3.48097 2.49038 1.85854 2.27123
threshold=877.50000000000011 1.1142266745235052 0 5.7079459229687321e-11 1.0000000180025095e-35
decision_type=2 2 1 2 2
left_child=2 -2 -1 -4 -5
right_child=1 -3 3 4 -6
leaf_value=0.0086671672813101591 0 0.019131737598783307 -0.0098050621571965247 -0.0085954779887111137 0.00308268167855219
leaf_weight=7.6100058034062403 6.8389670327305776 7.536019966006279 10.833702594041823 8.4401220455765742 21.341864235699177
leaf_count=47 38 47 65 59 130
internal_value=0.00172183 0.0106137 -0.000968505 -0.00308296 -0.000203675
internal_weight=62.6007 14.375 48.2257 40.6157 29.782
internal_count=386 85 301 254 189
cat_boundaries=0 1
cat_threshold=1
is_linear=0
shrinkage=0.02


Tree=144
num_leaves=6
num_cat=1
split_feature=16 35 35 47 72
split_gain=1.91553 2.13273 2.69903 2.58258 2.07862
threshold=9.4036019775485964e-19 0.00091979233598493487 0.0017175580239839662 1.0000000180025095e-35 0
decision_type=2 2 2 2 1
left_child=-1 3 -3 -2 -5
right_child=1 2 -4 4 -6
leaf_value=0.0087010329830035718 -0.0096901342472245824 0.01529935855172151 -0.0014010638391834601 -0.0034599501323508593 0.008483911397266352
leaf_weight=9.7205412909388524 13.758174844086168 5.6702197268605214 7.5231894850730896 14.238812521100044 8.2473164573311806
leaf_count=60 75 38 69 75 43
internal_value=0.000999157 -0.000538729 0.00592589 -0.00314896 0.00083998
internal_weight=59.1583 49.4377 13.1934 36.2443 22.4861
internal_count=360 300 107 193 118
cat_boundaries=0 1
cat_threshold=4
is_linear=0
shrinkage=0.02


Tree=145
num_leaves=7
num_cat=0
split_feature=37 11 47 59 15 41
split_gain=3.63508 2.53425 2.9198 2.49622 2.23302 2.12528
threshold=1.0000000180025095e-35 3.6993242083829636e-05 1.0000000180025095e-35 1.0000000180025095e-35 4.0363440372919357e-23 12.484999999999674
decision_type=2 2 2 2 2 2
left_child=5 -2 4 -4 -3 -1
right_child=1 2 3 -5 -6 -7
leaf_value=0 -0.0077711132241660734 -0.0099138630345840147 0.017380515745206934 0.0029264151336112708 0.0049000034123009139 -0.013161389060899401
leaf_weight=6.8418642729520824 6.854526311159133 6.8307693004608137 8.0997110158205032 13.867173708975315 7.0481882393360138 11.107897400856016
leaf_count=42 35 39 47 84 41 84
internal_value=-0.000734903 0.00234391 0.00459938 0.00904194 -0.00216393 -0.00811285
internal_weight=60.6501 42.7004 35.8458 21.9669 13.879 17.9498
internal_count=372 246 211 131 80 126
is_linear=0
shrinkage=0.02


Tree=146
num_leaves=7
num_cat=1
split_feature=46 25 52 15 15 77
split_gain=3.38928 3.302 2.71319 5.21408 1.76476 0.894718
threshold=17.500000000000004 0.00031582102202572091 1.0000000180025095e-35 4.0902017779803161e-07 3.9828834669342275e-08 0
decision_type=2 2 2 2 2 1
left_child=1 -1 4 5 -2 -4
right_child=2 -3 3 -5 -6 -7
leaf_value=-0.012953419406935578 -0.0092285368115786141 0.0036088321423706805 0.019366011312823391 -0.003109603447514449 0.0030105295891362078 0.007389031516967859
leaf_weight=11.804308176040651 8.36795272678137 6.3928999528288832 7.1285950690507907 11.71857165545225 7.7451520562171927 10.317600436508657
leaf_count=75 49 40 45 71 45 66
internal_value=3.39675e-05 -0.00693746 0.00305481 0.00667981 -0.00316278 0.0133927
internal_weight=63.4751 18.1972 45.2779 29.1648 16.1131 17.4462
internal_count=391 115 276 182 94 111
cat_boundaries=0 1
cat_threshold=1
is_linear=0
shrinkage=0.02


Tree=147
num_leaves=6
num_cat=0
split_feature=37 36 22 16 35
split_gain=5.41913 3.03323 3.0002 3.31065 1.30155
threshold=1.0000000180025095e-35 0.66741511654332186 0.0015372615910289749 0.086659468578034055 -0.0011475971649338205
decision_type=2 2 2 2 2
left_child=4 2 3 -2 -1
right_child=1 -3 -4 -5 -6
leaf_value=-0.013116391695062485 0.00031916723867757556 0.016150235619775664 -0.0048959653773250154 0.016254275382339461 -0.00066634176510422334
leaf_weight=9.2733135372400302 14.945349469780924 6.7814039662480345 13.791035838425158 7.7797993794083586 6.7569137364625922
leaf_count=71 75 76 68 41 42
internal_value=0.000913941 0.00467415 0.00200932 0.00648251 -0.00856815
internal_weight=59.3278 43.2976 36.5162 22.7251 16.0302
internal_count=373 260 184 116 113
is_linear=0
shrinkage=0.02


Tree=148
num_leaves=6
num_cat=1
split_feature=42 15 36 36 78
split_gain=2.76246 1.48565 2.96707 3.1242 2.27694
threshold=2.6666666666668433 0.00093473013387391102 0.33054742167487389 -0.58053601862245829 0
decision_type=2 2 2 2 1
left_child=1 2 3 -1 -4
right_child=-2 -3 4 -5 -6
leaf_value=0.0046422447829939754 0.0085765274179372877 -0.0081626586524480033 -0.00026702296528972094 -0.0087079062831253232 0.015713286756533936
leaf_weight=9.7176399528980202 10.779822926968334 11.498784214258192 5.9259314686059934 17.875220246613033 5.8236864805221558
leaf_count=68 75 65 44 82 42
internal_value=-6.75478e-05 -0.00214616 -8.02276e-05 -0.00379849 0.00779421
internal_weight=61.6211 50.8413 39.3425 27.5929 11.7496
internal_count=376 301 236 150 86
cat_boundaries=0 1
cat_threshold=1
is_linear=0
shrinkage=0.02


Tree=149
num_leaves=6
num_cat=0
split_feature=8 42 15 9 11
split_gain=3.8769 4.04242 3.81449 2.18661 1.54345
threshold=57.95000000000001 2.6666666666668433 1.0000000180025095e-35 279.2312500000001 0.00012573377169162122
decision_type=2 2 2 2 2
left_child=-1 2 4 -4 -2
right_child=1 -3 3 -5 -6
leaf_value=0.012388293456139871 -0.018334139698611439 0.0083465268025451414 0.0032188558491292973 -0.0087268382403011893 -0.0036944537430512597
leaf_weight=7.5455034449696532 8.2159353271126729 10.390201739966868 19.427309945225719 7.7141685411334029 6.8733699060976496
leaf_count=38 49 71 119 51 45
internal_value=-2.31465e-05 -0.00211261 -0.00495824 -0.000152607 -0.0126826
internal_weight=60.1665 52.621 42.2308 27.1415 15.0893
internal_count=373 335 264 170 94
is_linear=0
shrinkage=0.02


Tree=150
num_leaves=8
num_cat=0
split_feature=15 36 36 46 25 15 35
split_gain=3.14063 4.93146 4.47303 2.81923 2.52298 2.00411 1.13599
threshold=0.0012815835325541848 0.33054742167487389 -0.58053601862245829 17.500000000000004 -0.00019891837824423974 3.861780699028949e-22 -1.0000000180025095e-35
decision_type=2 2 2 2 2 2 2
left_child=1 2 5 -3 -4 -1 -2
right_child=6 3 4 -5 -6 -7 -8
leaf_value=-0.002296583654182519 -0.0022296732999194293 0 -0.016887757846887102 0.017258208969254313 -0.0020359603085034705 0.01236379340482854 -0.015005317778950405
leaf_weight=5.6546110957860893 6.8651294633746147 5.905835695564746 8.5539845824241603 8.2177291959524137 11.462034620344646 6.6708343029022217 7.0286943763494474
leaf_count=43 39 41 40 71 52 46 44
internal_value=-0.00164201 0.000784949 -0.00339397 0.0103426 -0.00917003 0.0055201 -0.00966909
internal_weight=60.3589 46.465 32.3415 14.1236 20.016 12.3254 13.8938
internal_count=376 293 181 112 92 89 83
is_linear=0
shrinkage=0.02


Tree=151
num_leaves=7
num_cat=1
split_feature=8 73 15 17 9 23
split_gain=3.99647 4.16752 2.54223 1.47325 1.37294 1.18552
threshold=57.95000000000001 0 1.0000000180025095e-35 4.6286070873897141e-05 209.67500000000004 0.67003006203937832
decision_type=2 1 2 2 2 2
left_child=-1 4 -3 -4 -2 -6
right_child=1 2 3 -5 5 -7
leaf_value=0.012871788211662584 -0.0014332453218815426 -0.016893834872937902 -0.0082757034503909369 0.0032009073785603886 0.011531589832801781 0.0001521572723309846
leaf_weight=7.564641445875167 13.239686213433744 7.741562724113467 7.8583919778466207 7.309119276702404 8.4800617322325724 7.8216892443597308
leaf_count=38 79 44 49 45 56 55
internal_value=0.000100049 -0.00183605 -0.00813044 -0.00251818 0.00295512 0.00674281
internal_weight=60.0152 52.4505 22.9091 15.1675 29.5414 16.3018
internal_count=366 328 138 94 190 111
cat_boundaries=0 1
cat_threshold=2
is_linear=0
shrinkage=0.02


Tree=152
num_leaves=7
num_cat=0
split_feature=51 16 36 36 22 16
split_gain=1.97234 3.18763 3.29864 3.66496 2.00719 1.80676
threshold=1.0000000180025095e-35 6.7180691728963426e-21 0.45159734367253884 -0.084063223176518612 0.0010056412914126991 0.00012458461662091967
decision_type=2 2 2 2 2 2
left_child=5 -2 3 -3 -4 -1
right_child=1 2 4 -5 -6 -7
leaf_value=-0.0020702760369631732 0.0083992827253489121 -0.0028079029854052463 -0.0037945620705507471 -0.018418850342957066 0.012601073853962575 0.009672668687658724
leaf_weight=7.9017004221677807 6.6436122879385939 17.13917949795723 5.0429608486592752 9.8241071105003375 4.4632248245179653 10.389395751059054
leaf_count=44 42 99 43 43 40 66
internal_value=-0.000776403 -0.00317792 -0.00561493 -0.00916561 0.00379892 0.00444438
internal_weight=61.4042 43.1131 36.4695 26.9633 9.50619 18.2911
internal_count=377 267 225 142 83 110
is_linear=0
shrinkage=0.02


Tree=153
num_leaves=7
num_cat=0
split_feature=7 42 11 42 34 7
split_gain=2.26652 2.87553 4.14948 2.17993 3.33508 3.26966
threshold=70.71250000000002 2.666666666666742 0.00015840061429488528 2.6666666666663339 0.84067640104615637 150.58750000000001
decision_type=2 2 2 2 2 2
left_child=-1 3 -3 5 -5 -2
right_child=1 2 -4 4 -6 -7
leaf_value=0.011350561508517114 -0.0052660304917539194 -0.0025004704559091345 0.01606322558063045 -0.018488765994186928 -0.0015426847870867431 0.011089342039274199
leaf_weight=5.7024605423212043 11.747229672968389 9.8139277771115321 7.3521527126431456 7.1840042471885708 13.300624266266821 6.8400027081370345
leaf_count=33 65 65 49 45 87 43
internal_value=0.000280249 -0.000916136 0.00556656 -0.00398185 -0.00834892 0.000705213
internal_weight=61.9404 56.2379 17.1661 39.0719 20.4846 18.5872
internal_count=387 354 114 240 132 108
is_linear=0
shrinkage=0.02


Tree=154
num_leaves=6
num_cat=0
split_feature=62 11 36 36 17
split_gain=4.49468 2.89545 3.61877 3.17305 1.58652
threshold=1.0000000180025095e-35 3.6993242083829636e-05 0.50526770335316851 0.028617872507534548 8.8477191975564463e-07
decision_type=2 2 2 2 2
left_child=4 -2 3 -3 -1
right_child=1 2 -4 -5 -6
leaf_value=-0.013012468466990307 -0.0051863134523581472 0.0087531782017600795 0.019474639744660908 -0.0035935339690258985 -0.0001676444195784999
leaf_weight=7.1199383288621929 7.4951245486736289 20.601211361587048 7.3420655131340018 11.994889676570891 9.237008832395075
leaf_count=53 38 107 78 56 63
internal_value=0.0020899 0.00526047 0.00744636 0.00405945 -0.00653206
internal_weight=63.7902 47.4333 39.9382 32.5961 16.3569
internal_count=395 279 241 163 116
is_linear=0
shrinkage=0.02


Tree=155
num_leaves=7
num_cat=0
split_feature=8 62 11 40 17 18
split_gain=3.58812 3.20054 3.85397 3.51083 1.13054 0.579959
threshold=57.95000000000001 1.0000000180025095e-35 9.1135174731276771e-05 10.706999999999427 0.0004297688935829686 2.0709862515938013e-22
decision_type=2 2 2 2 2 2
left_child=-1 5 4 -4 -3 -2
right_child=1 2 3 -5 -6 -7
leaf_value=0.010925559055212015 -0.0039581210166627504 -0.00089877975125152144 0.011512175908060789 -0.004640060235447053 -0.011504494545543229 -0.014589558963636284
leaf_weight=6.9830021187663069 6.3269066140055648 9.3180407695472258 13.270296219736339 7.2943401187658301 8.9765669852495176 8.4441416785120946
leaf_count=37 44 50 86 44 50 62
internal_value=-0.00145782 -0.00335052 -0.000106703 0.0055552 -0.00674017 -0.0109559
internal_weight=60.6133 53.6303 38.8592 20.5646 18.2946 14.771
internal_count=373 336 230 130 100 106
is_linear=0
shrinkage=0.02


Tree=156
num_leaves=7
num_cat=2
split_feature=16 68 15 17 8 77
split_gain=2.30898 2.9607 2.51809 2.06997 1.44444 0.468305
threshold=0.0035258707931944411 0 3.0367027324290193e-25 8.8477191975564463e-07 165.35000000000005 1
decision_type=2 1 2 2 2 1
left_child=1 2 -1 -4 -2 -6
right_child=4 -3 3 -5 5 -7
leaf_value=-0.0030370182916015704 -0.00057719533293532684 -0.0090821467087104056 0.0007769508194631861 0.015999637618124767 -0.00358815708425769 -0.013445068604791841
leaf_weight=8.4349011331796664 12.806317225098612 6.6231390833854702 7.4047856703400603 8.305878743529318 6.1441073790192604 8.6339416280388814
leaf_count=52 70 40 46 53 41 57
internal_value=-0.00198136 0.00162211 0.00504132 0.00965975 -0.00612685 -0.0102144
internal_weight=58.3531 30.7687 24.1456 15.7107 27.5844 14.778
internal_count=359 191 151 99 168 98
cat_boundaries=0 1 2
cat_threshold=4 4
is_linear=0
shrinkage=0.02


Tree=157
num_leaves=7
num_cat=0
split_feature=51 8 36 8 36 36
split_gain=4.11266 4.21354 2.744 5.31327 1.28499 0.969433
threshold=1.0000000180025095e-35 169.12500000000003 -0.5207627363745021 190.17500000000004 0.33054742167487389 0.12416440033315783
decision_type=2 2 2 2 2 2
left_child=1 -1 -2 5 -5 -4
right_child=2 -3 3 4 -6 -7
leaf_value=-0.0023470680282670297 0.0040067733611034804 0.015906717626203846 -0.0040486912879746633 -0.02026959398419332 -0.0059709711079715833 0.0055792588782055865
leaf_weight=9.5232469812035578 8.9132208377122861 8.3478694856166822 6.7768954634666461 9.485423110425474 6.730903021991252 7.5898662880063057
leaf_count=53 67 54 29 45 54 51
internal_value=-0.00134565 0.00625268 -0.00500138 -0.00786045 -0.0153747 0.000679313
internal_weight=57.3674 17.8711 39.4963 30.5831 16.2163 14.3668
internal_count=353 107 246 179 99 80
is_linear=0
shrinkage=0.02


Tree=158
num_leaves=7
num_cat=0
split_feature=37 47 34 11 15 23
split_gain=3.39637 2.97 2.19955 1.97809 1.74442 1.53963
threshold=1.0000000180025095e-35 1.0000000180025095e-35 0.79375973814369682 6.6498313885747634e-05 6.8447907473258214e-10 0.35677669144991081
decision_type=2 2 2 2 2 2
left_child=4 2 -2 -3 -1 -5
right_child=1 3 -4 5 -6 -7
leaf_value=0 -0.010207179941727547 0.00090791962403248452 0.0029655207052473602 0.0036411107693245588 -0.012564024393643985 0.018297828168129901
leaf_weight=9.0824048221111315 7.1751488745212582 11.219990499317648 11.5401424318552 6.8613233417272559 8.1927468776702863 8.0819802172481996
leaf_count=65 40 58 68 42 57 61
internal_value=0.000764908 0.00374122 -0.00204193 0.00802183 -0.00642048 0.0125949
internal_weight=62.1537 44.8786 18.7153 26.1633 17.2752 14.9433
internal_count=391 269 108 161 122 103
is_linear=0
shrinkage=0.02


Tree=159
num_leaves=7
num_cat=1
split_feature=25 2 42 72 23 41
split_gain=3.19395 5.99962 5.20392 2.43094 2.07257 1.512
threshold=0.00081289947911134897 877.50000000000011 2.6666666666663614 0 0.75099635161361744 16.479499999999465
decision_type=2 2 2 1 2 2
left_child=1 2 3 -1 -4 -2
right_child=5 -3 4 -5 -6 -7
leaf_value=-0.00038793911401168634 -0.012003145406238572 0.016686206156370689 -0.013911508862750084 0.014588996848632048 0 -0.00050758108894837927
leaf_weight=7.6399355456233025 10.060653232038023 8.497253615409134 10.439964450895788 7.0899519659578818 6.2641023993492118 9.9434757307171804
leaf_count=49 54 54 66 39 43 63
internal_value=-0.00045553 0.0027011 -0.00129228 0.00690866 -0.00884464 -0.0068709
internal_weight=59.9353 39.9312 31.434 14.7299 16.7041 20.0041
internal_count=368 251 197 88 109 117
cat_boundaries=0 1
cat_threshold=4
is_linear=0
shrinkage=0.02


Tree=160
num_leaves=7
num_cat=0
split_feature=37 35 10 15 36 36
split_gain=2.8381 4.72697 7.94541 1.85144 1.81543 1.02854
threshold=1.0000000180025095e-35 0.00095462359490763741 1.0000000180025095e-35 1.6891797016273841e-22 -0.10217007220279238 0.66741511654332186
decision_type=2 2 2 2 2 2
left_child=3 2 -2 -1 -4 -3
right_child=1 5 4 -5 -6 -7
leaf_value=-0.016273422826535787 0.012091492681764709 0.0038841336095329793 -0.01543000807765302 -0.0014621633073822438 -0.002527597455938382 0.018072038713347338
leaf_weight=5.4072694703936568 9.3053615316748637 5.8040307164192182 9.3300954103469849 9.8294605016708356 10.688539177179337 5.8563209883868694
leaf_count=41 56 35 40 68 45 70
internal_value=-0.000595888 0.00204851 -0.00212143 -0.00776651 -0.0092745 0.0123484
internal_weight=56.2211 40.9843 29.324 15.2367 20.0186 11.6604
internal_count=355 246 141 109 85 105
is_linear=0
shrinkage=0.02


Tree=161
num_leaves=8
num_cat=0
split_feature=51 16 36 36 10 47 22
split_gain=2.63938 2.63847 2.44601 7.30313 2.32343 1.83298 3.41667
threshold=1.0000000180025095e-35 3.0718432275745872e-07 0.057123193164146262 0.45159734367253884 1.0000000180025095e-35 1.0000000180025095e-35 0.00044073172435630121
decision_type=2 2 2 2 2 2 2
left_child=1 -1 5 -4 -5 -2 -7
right_child=2 -3 3 4 -6 6 -8
leaf_value=-0.0036609983937001852 -0.0062781998553266142 0.011341324727538959 -0.020286665689578438 -0.007158619715271322 0.0094177904250087475 0.014188137798685383 -0.0036481086209840686
leaf_weight=6.4121991172432926 7.6589819118380555 10.652159966528414 9.6542578935623187 4.7234493866562843 6.805025812238453 7.2585951536893845 7.4851859211921692
leaf_count=35 46 66 42 32 68 42 42
internal_value=-0.000855379 0.00548123 -0.00353812 -0.00827695 0.0021179 0.000848463 0.00509529
internal_weight=60.6499 17.0644 43.5855 21.1827 11.5285 22.4028 14.7438
internal_count=373 101 272 142 100 130 84
is_linear=0
shrinkage=0.02


Tree=162
num_leaves=5
num_cat=0
split_feature=18 9 7 17
split_gain=2.03222 2.4951 7.56961 2.51752
threshold=0.013695113450850272 335.00625000000008 291.82500000000005 2.3405721948583076e-23
decision_type=2 2 2 2
left_child=1 2 3 -1
right_child=-2 -3 -4 -5
leaf_value=0.013038054480313539 -0.0091673252348858508 0.011720292552536987 -0.01745988747879702 0.00082076052007862884
leaf_weight=8.3000677898526174 5.9721461534500113 8.2284156419336778 6.9851664230227462 29.841100126504898
leaf_count=54 36 58 47 182
internal_value=0.000851886 0.00223177 0.000154962 0.00389789
internal_weight=59.3269 53.3547 45.1263 38.1412
internal_count=377 341 283 236
is_linear=0
shrinkage=0.02


Tree=163
num_leaves=6
num_cat=1
split_feature=68 25 9 18 18
split_gain=3.24934 3.02569 3.12566 3.3416 2.8298
threshold=0 -0.00077867716879202579 89.487500000000011 4.0380309040702128e-20 8.4151062975172333e-15
decision_type=1 2 2 2 2
left_child=1 4 -3 -4 -1
right_child=-2 2 3 -5 -6
leaf_value=0.016098283617770937 -0.010457844894141892 0.0072747945137432426 -0.014270412400247208 1.5272494943795338e-05 0
leaf_weight=7.3343687318265465 11.634183038026093 8.0719097405672091 10.415168426930906 13.431213252246378 8.7186237722635251
leaf_count=51 67 44 64 90 57
internal_value=-0.00139275 0.000851893 -0.00257251 -0.0063059 0.00776408
internal_weight=59.6055 47.9713 31.9183 23.8464 16.053
internal_count=373 306 198 154 108
cat_boundaries=0 1
cat_threshold=4
is_linear=0
shrinkage=0.02


Tree=164
num_leaves=6
num_cat=0
split_feature=11 8 52 34 34
split_gain=4.20867 4.12191 3.95069 2.80856 1.75944
threshold=0.00011566113127690389 375.82500000000005 1.0000000180025095e-35 1.0033555146289252 0.84067640104615637
decision_type=2 2 2 2 2
left_child=2 4 -1 -4 -2
right_child=1 -3 3 -5 -6
leaf_value=-0.011134706795178232 0.0018876871937268966 -0.0054656640286453477 -0.0046456801351900529 0.0092128433587678488 0.016308847482813547
leaf_weight=14.554125271737574 6.3770145177841249 6.3975034430623046 10.822754487395288 10.176238249987362 11.793438773602245
leaf_count=79 45 41 63 63 82
internal_value=0.00083423 0.00712374 -0.0034238 0.00191101 0.0119231
internal_weight=60.1211 24.568 35.5531 20.999 18.1705
internal_count=373 168 205 126 127
is_linear=0
shrinkage=0.02


Tree=165
num_leaves=6
num_cat=0
split_feature=8 17 11 16 52
split_gain=3.26361 3.33892 3.50115 3.00426 1.94451
threshold=57.95000000000001 1.7144323766690695e-20 7.0617357537791303e-05 4.032784709878035e-08 1.0000000180025095e-35
decision_type=2 2 2 2 2
left_child=-1 -2 4 -4 -3
right_child=1 2 3 -5 -6
leaf_value=0.013833739823554512 -0.0094131641742006243 -0.012575579370366602 -0.0015894778079234889 0.011340507213556573 0.0012267274738095432
leaf_weight=6.5584582909941664 11.249848537147043 6.5293665230274183 10.136367455124857 17.65994792804122 7.0723569989204407
leaf_count=36 73 38 63 121 45
internal_value=0.0015344 -0.000115217 0.00243239 0.00652557 -0.0053955
internal_weight=59.2063 52.6479 41.398 27.7963 13.6017
internal_count=376 340 267 184 83
is_linear=0
shrinkage=0.02


Tree=166
num_leaves=6
num_cat=0
split_feature=16 15 35 1 22
split_gain=3.61375 3.97974 4.01043 2.70867 1.27165
threshold=3.623266444796315e-07 0.00040820990883787647 -0.0015618998352063635 27.500000000000004 0.0021657430254804193
decision_type=2 2 2 2 2
left_child=3 2 -2 -1 -4
right_child=1 -3 4 -5 -6
leaf_value=-0.011290979897904379 -0.0016965236159205649 -0.0047612341592028831 0.017907987867197463 0.0028169440810186363 0.0045077867025658377
leaf_weight=8.8832537829875964 7.1839378923177746 7.9583461359143248 14.692421022802593 10.381020873785017 6.1212536320090285
leaf_count=50 55 47 94 67 42
internal_value=0.00304253 0.0067806 0.0103194 -0.00362865 0.0146294
internal_weight=55.2202 35.956 27.9976 19.2643 20.8137
internal_count=355 238 191 117 136
is_linear=0
shrinkage=0.02


Tree=167
num_leaves=7
num_cat=0
split_feature=37 3 36 15 34 25
split_gain=4.44812 2.83735 3.64531 3.7608 3.38832 1.64152
threshold=1.0000000180025095e-35 1.0000000180025095e-35 0.33054742167487389 3.9513769940802404e-10 1.1142266745235052 9.3846915904270933e-05
decision_type=2 2 2 2 2 2
left_child=5 -2 4 -4 -3 -1
right_child=1 2 3 -5 -6 -7
leaf_value=-0.0030092836102131584 0.013131507671735551 -0.012228124633988809 0.01684092698118091 -0.0030775462181977663 0.0029925900417422163 -0.0168230658810468
leaf_weight=10.522878102958204 7.6094683781266204 10.859623327851297 7.4036068357527238 5.6494954377412796 9.9753683209419233 6.0612621903419486
leaf_count=73 47 48 69 41 44 46
internal_value=-0.000533637 0.00286933 8.26708e-05 0.00818754 -0.00486266 -0.00906884
internal_weight=58.0817 41.4976 33.8881 13.0531 20.835 16.5841
internal_count=368 249 202 110 92 119
is_linear=0
shrinkage=0.02


Tree=168
num_leaves=7
num_cat=0
split_feature=37 40 36 15 15 15
split_gain=4.56265 3.06281 2.71378 1.8502 2.07564 0.110724
threshold=1.0000000180025095e-35 5.864062499999819 0.45159734367253884 5.048853323038061e-13 0.0010988804845085667 8.7603715022396219e-08
decision_type=2 2 2 2 2 2
left_child=1 -1 3 -2 -5 -4
right_child=2 -3 5 4 -6 -7
leaf_value=0.0013785899209586502 -0.0025528391842863651 -0.014573848652310329 0.017846052108123518 0.01300169520620593 0 0.0058945946004499384
leaf_weight=8.0010941326618212 15.942689642310141 8.7321913540363294 5.0155834853649122 8.4492987394332904 8.5700278803706151 3.8799830749630928
leaf_count=52 77 68 58 41 43 34
internal_value=0.00146013 -0.00696017 0.00505014 0.00201157 0.0065246 0.014362
internal_weight=58.5909 16.7333 41.8576 32.962 17.0193 8.89557
internal_count=373 120 253 161 84 92
is_linear=0
shrinkage=0.02


Tree=169
num_leaves=5
num_cat=0
split_feature=14 14 16 15
split_gain=2.92373 4.64288 2.97797 3.71001
threshold=1.9278198428141026e-18 8.2112603293666655e-09 4.7855663973609191e-11 0.0010988804845085667
decision_type=2 2 2 2
left_child=-1 -2 -3 -4
right_child=1 2 3 -5
leaf_value=-0.0086495828556816898 0.016459632214795572 0.0099057345887721329 0.00091183531821855247 -0.013757917813095226
leaf_weight=9.6855890899896604 7.3628372848033896 8.9932236298918706 28.393787521868944 7.8260383307933798
leaf_count=59 45 60 183 46
internal_value=0.000783857 0.00276269 9.44453e-05 -0.00238114
internal_weight=62.2615 52.5759 45.213 36.2198
internal_count=393 334 289 229
is_linear=0
shrinkage=0.02


Tree=170
num_leaves=5
num_cat=2
split_feature=72 18 77 1
split_gain=4.13627 2.91197 4.34557 3.28836
threshold=0 3.245262721064622e-05 1 27.500000000000004
decision_type=1 2 1 2
left_child=-1 2 -2 -4
right_child=1 -3 3 -5
leaf_value=0.012178607288555757 0.014150410438077375 -0.011404575004055654 -0.010227907940372816 0.0024298897930059007
leaf_weight=8.2135899066925049 6.2995927706360817 10.166999772191046 13.171879746019842 17.587892435491085
leaf_count=54 40 62 76 117
internal_value=0 -0.00244358 9.22265e-05 -0.00295286
internal_weight=55.44 47.2264 37.0594 30.7598
internal_count=349 295 233 193
cat_boundaries=0 1 2
cat_threshold=1 2
is_linear=0
shrinkage=0.02


Tree=171
num_leaves=7
num_cat=0
split_feature=36 10 34 10 23 23
split_gain=3.19043 7.26199 3.24059 3.16393 3.53377 1.46458
threshold=0.082118968444254897 1.0000000180025095e-35 0.78872699728504203 1.0000000180025095e-35 0.55691491565246654 0.28494221098001127
decision_type=2 2 2 2 2 2
left_child=3 -2 -3 -1 5 -5
right_child=1 2 -4 4 -6 -7
leaf_value=0.015506379934266207 -0.017549934434066179 -0.0051935254070978633 0.011728968506062712 0.0010173132836166035 -0.0071467490176562341 0.013233463937332365
leaf_weight=8.1759989634156209 8.8356831222772598 7.0558896660804757 8.7655649147927743 9.8604511842131668 10.121892817318438 7.4970471188426009
leaf_count=54 53 47 74 52 61 41
internal_value=0.00140886 -0.0038942 0.00396527 0.00524602 0.00154527 0.007054
internal_weight=60.3125 24.6571 15.8215 35.6554 27.4794 17.3575
internal_count=382 174 121 208 154 93
is_linear=0
shrinkage=0.02


Tree=172
num_leaves=7
num_cat=0
split_feature=12 11 35 36 14 7
split_gain=2.22568 3.71359 3.83472 2.40521 1.54122 1.9305
threshold=1.1500000000000001 8.0075076285764403e-05 -0.00043807100719705881 0.12416440033315783 0.94483107719273074 323.46250000000003
decision_type=2 2 2 2 2 2
left_child=1 2 -1 -4 5 -3
right_child=-2 4 3 -5 -6 -7
leaf_value=-0.011398340150486888 -0.0066800481960801348 0.01586090100342117 0.012382030450436725 -0.0022728068179642576 0 0.0010173742554081282
leaf_weight=10.521519988775255 12.19293489307165 11.020445726811891 6.2053416520357159 9.9238965921103937 6.0975662246346465 6.4383592307567588
leaf_count=62 76 73 26 62 45 45
internal_value=0.000533043 0.00249818 -0.00242081 0.00340872 0.00817962 0.0110637
internal_weight=62.4001 50.2071 26.6508 16.1292 23.5564 17.4588
internal_count=389 313 150 88 163 118
is_linear=0
shrinkage=0.02


Tree=173
num_leaves=8
num_cat=1
split_feature=52 34 35 22 14 72 25
split_gain=4.12834 3.70485 2.5987 2.56826 1.91702 1.61217 0.10184
threshold=1.0000000180025095e-35 1.1083103562694896 -0.001069878405153616 -0.0012203899564983964 5.3907269127241858e-05 0 0.0010033894131473724
decision_type=2 2 2 2 2 1 2
left_child=3 2 -2 -1 -3 -4 -5
right_child=1 4 5 6 -6 -7 -8
leaf_value=-0.0012254832540107286 -0.012941232174424755 0 0.0067086906735095847 -0.01867963054501192 0.015723310566951171 -0.0055477460575402635 -0.0081556201816635285
leaf_weight=10.659882247447969 6.9711079671978959 5.9046405144035798 8.2725599706172943 6.896924786269663 7.0420390218496323 6.7477876469492903 6.2330399043858051
leaf_count=67 49 40 50 43 49 40 38
internal_value=-0.0031176 0.00112923 -0.00365057 -0.00939056 0.0093581 0.000825449 -0.0150391
internal_weight=58.728 34.9381 21.9915 23.7898 12.9467 15.0203 13.13
internal_count=376 228 139 148 89 90 81
cat_boundaries=0 1
cat_threshold=4
is_linear=0
shrinkage=0.02


Tree=174
num_leaves=7
num_cat=1
split_feature=14 14 72 18 16 14
split_gain=2.58403 2.76518 5.14987 1.7377 1.66133 1.48271
threshold=0.6420055984237355 9.4911409368856158e-07 0 2.2079084572396687e-21 0.00061464152201087428 2.365228345593956e-13
decision_type=2 2 1 2 2 2
left_child=1 2 5 -3 -2 -1
right_child=4 3 -4 -5 -6 -7
leaf_value=-0.0022181045519955914 -0.00018416922699986189 0.011743399115384861 0.0076111696932803863 0.00049650138339399808 -0.0137254607618384 -0.01706201446173863
leaf_weight=6.4409444406628609 8.5193188153207284 12.435194212943317 9.6614097729325294 11.448333431035278 6.856435175985097 6.4294254332780838
leaf_count=43 55 77 55 74 41 40
internal_value=-0.000123439 0.00214773 -0.00263983 0.00683004 -0.00705838 -0.0107615
internal_weight=61.7911 46.4153 22.5318 23.8835 15.3758 12.8704
internal_count=385 289 138 151 96 83
cat_boundaries=0 1
cat_threshold=4
is_linear=0
shrinkage=0.02


Tree=175
num_leaves=6
num_cat=0
split_feature=25 2 46 16 36
split_gain=5.12106 3.39544 4.36692 6.30133 2.2066
threshold=0.00069564646990021516 877.50000000000011 18.500000000000004 4.4697744993065694e-05 -0.24898824430535141
decision_type=2 2 2 2 2
left_child=1 2 3 -1 -2
right_child=4 -3 -4 -5 -6
leaf_value=-0.01753103686011356 -0.01485128390098738 0.015980002057165349 0.011354937130667967 0.004779415477945876 -0.00083576249103990956
leaf_weight=7.331802159547812 7.9897957965731647 7.8304557502269736 10.530420672148464 11.495448805391787 11.232123099267481
leaf_count=47 50 51 70 76 73
internal_value=0.000626381 0.00501972 0.00146859 -0.00405221 -0.0074045
internal_weight=56.41 37.1881 29.3577 18.8273 19.2219
internal_count=367 244 193 123 123
is_linear=0
shrinkage=0.02


Tree=176
num_leaves=6
num_cat=0
split_feature=37 17 16 42 22
split_gain=3.4567 4.40949 2.63455 3.35313 2.0776
threshold=1.0000000180025095e-35 0.03699004268269885 0.95391383665537766 2.6666666666666772 1.0000000180025095e-35
decision_type=2 2 2 2 2
left_child=4 2 3 -2 -1
right_child=1 -3 -4 -5 -6
leaf_value=-0.014990991246876997 -0.010770720169235828 0.01184496087820926 0.0065279564340762954 0.0043155579567300132 0
leaf_weight=8.8976120725274068 16.09103508293629 11.14302061870694 8.5838214308023435 7.6320473551750174 6.6386360526084891
leaf_count=67 86 71 55 51 47
internal_value=-0.00133732 0.00147505 -0.00216976 -0.00569632 -0.00917901
internal_weight=58.9862 43.4499 32.3069 23.7231 15.5362
internal_count=377 263 192 137 114
is_linear=0
shrinkage=0.02


Tree=177
num_leaves=7
num_cat=1
split_feature=13 16 34 73 9 22
split_gain=1.51822 2.45992 1.66379 2.484 1.8731 1.2353
threshold=1.0000000180025095e-35 0.0035258707931944411 0.6511324017694754 0 210.88750000000002 0.0007949720726992106
decision_type=2 2 2 1 2 2
left_child=2 5 -1 -4 -5 -2
right_child=1 -3 3 4 -6 -7
leaf_value=-0.0047961505540171185 0.0052160118816361855 -0.012035313618007346 -0.00086972373202109227 0.0026086491925310464 0.017640659080415573 -0.0048961145490276064
leaf_weight=6.6389390602707854 10.511212293058639 7.4585609138011923 12.066803671419621 8.1829749718308431 7.1169866621494302 7.0343455597758284
leaf_count=42 66 46 74 48 52 44
internal_value=0.000434033 -0.00311858 0.00323211 0.00549163 0.0106224 0.000792942
internal_weight=59.0098 25.0041 34.0057 27.3668 15.3 17.5456
internal_count=372 156 216 174 100 110
cat_boundaries=0 1
cat_threshold=4
is_linear=0
shrinkage=0.02


Tree=178
num_leaves=6
num_cat=0
split_feature=9 37 10 18 60
split_gain=3.30365 4.75963 2.7353 2.65781 1.3791
threshold=76.61875000000002 1.0000000180025095e-35 1.0000000180025095e-35 8.3964973254690695e-25 1.0000000180025095e-35
decision_type=2 2 2 2 2
left_child=-1 4 -3 -4 -2
right_child=1 2 3 -5 -6
leaf_value=0.01038685363911801 -0.0030400951555061527 0.010057668016208053 -0.0088890842816565629 0.003659704204149922 -0.017782898172633115
leaf_weight=8.842044495046137 6.0766757875680906 9.7193553522229177 11.12383893877268 13.6142201423645 7.1245303750038147
leaf_count=50 45 61 67 83 55
internal_value=-7.3703e-05 -0.00231132 0.00150957 -0.00187606 -0.012111
internal_weight=56.5007 47.6586 34.4574 24.7381 13.2012
internal_count=361 311 211 150 100
is_linear=0
shrinkage=0.02


Tree=179
num_leaves=7
num_cat=1
split_feature=36 36 15 16 72 7
split_gain=3.92309 5.40478 3.63915 2.43776 1.19732 1.16437
threshold=-0.58053601862245829 0.45159734367253884 4.0921612404634772e-18 0.064604499909452454 0 248.34375000000003
decision_type=2 2 2 2 1 2
left_child=5 3 -3 4 -2 -1
right_child=1 2 -4 -5 -6 -7
leaf_value=0.0008825845592232022 -0.018967115374503577 0.015104772453569754 -0.0035562147641815122 -0.0010306383343392071 -0.0066843502591963011 0.013569369536548892
leaf_weight=7.5495506078004819 9.5920753479003906 6.4115606099367133 8.0812909789383394 10.528528548777102 9.9148796349763906 5.4776983931660652
leaf_count=53 45 64 68 49 44 44
internal_value=-0.00188954 -0.00479013 0.00475412 -0.00959359 -0.0136471 0.00723192
internal_weight=57.5556 44.5283 14.4929 30.0355 19.507 13.0272
internal_count=367 270 132 138 89 97
cat_boundaries=0 1
cat_threshold=4
is_linear=0
shrinkage=0.02


Tree=180
num_leaves=7
num_cat=1
split_feature=25 2 15 35 15 72
split_gain=3.10033 3.41674 3.62454 3.38982 2.24103 2.01085
threshold=-0.0017711173959311926 867.50000000000011 0.00093473013387391102 -0.00040637235295628589 2.0897390951297731e-09 0
decision_type=2 2 2 2 2 1
left_child=4 2 3 -2 -1 -3
right_child=1 5 -4 -5 -6 -7
leaf_value=0 -0.010940390743016157 -0.0015825535508005703 -0.016584513238794195 0.0031283982865631245 0.016195291105511364 0.012239241058148222
leaf_weight=6.3038558773696405 9.6763688623905129 7.1444701589643955 8.7065642997622472 17.357865072786815 5.7918169721961021 6.957633398473261
leaf_count=43 62 41 52 110 39 46
internal_value=-0.00035257 -0.00267186 -0.00599746 -0.00190385 0.00822065 0.00519837
internal_weight=61.9386 49.8429 35.7408 27.0342 12.0957 14.1021
internal_count=393 311 224 172 82 87
cat_boundaries=0 1
cat_threshold=4
is_linear=0
shrinkage=0.02


Tree=181
num_leaves=6
num_cat=1
split_feature=14 72 16 46 16
split_gain=2.66284 3.49459 2.63952 3.55677 3.16108
threshold=9.4911409368856158e-07 0 0.00012458461662091967 18.500000000000004 0.10538711409646616
decision_type=2 1 2 2 2
left_child=1 -1 3 -2 -4
right_child=2 -3 4 -5 -6
leaf_value=-0.013023698484583665 0 0.0025659676393396981 -0.0082765112895924458 0.018521168119118411 0.0063264744804153597
leaf_weight=9.9560897462069988 7.4796863719820958 10.48570017889142 10.422474764287474 7.7969683557748795 11.186888013035057
leaf_count=66 47 63 62 54 78
internal_value=0.000522345 -0.00500037 0.00379254 0.00989898 -0.000505906
internal_weight=57.3278 20.4418 36.886 15.2767 21.6094
internal_count=370 129 241 101 140
cat_boundaries=0 1
cat_threshold=4
is_linear=0
shrinkage=0.02


Tree=182
num_leaves=7
num_cat=1
split_feature=7 15 46 16 73 9
split_gain=2.45522 3.31583 3.47796 2.49163 1.88509 0.950836
threshold=95.037500000000009 1.0000000180025095e-35 18.500000000000004 3.3570411195630631e-05 0 279.2312500000001
decision_type=2 2 2 2 1 2
left_child=-1 4 5 -4 -2 -3
right_child=1 2 3 -5 -6 -7
leaf_value=0.0079313172856847278 -0.017153505553675792 0.011277647236434332 0.0028790424725418191 -0.013014714211134317 -0.002617494388424606 0.00019276921338566753
leaf_weight=11.34665586799383 6.1713173761963844 10.480381458997732 6.3063967525958997 6.9374421983957291 10.446714296936991 5.8444648161530486
leaf_count=62 37 65 41 42 71 43
internal_value=0 -0.00208643 0.00178362 -0.00535446 -0.00902342 0.00789566
internal_weight=57.5334 46.1867 29.5687 13.2438 16.618 16.3248
internal_count=361 299 191 83 108 108
cat_boundaries=0 1
cat_threshold=4
is_linear=0
shrinkage=0.02


Tree=183
num_leaves=7
num_cat=0
split_feature=17 35 8 8 25 0
split_gain=1.7827 3.25952 2.73638 2.25014 2.11132 1.84575
threshold=0.045162002377872969 0.00095462359490763741 284.22500000000008 249.45000000000002 6.9008783867374168e-05 13.500000000000002
decision_type=2 2 2 2 2 2
left_child=1 2 4 -3 -1 -2
right_child=5 3 -4 -5 -6 -7
leaf_value=-0.014371334122926911 -0.00024341590123949213 0.014677201011597243 0.0050892672644930583 -0.0023423672433823491 -0.0019333773284883954 0.012610392332339916
leaf_weight=11.161970093846326 7.6695022955536825 5.8643514662981016 6.7631855159997931 4.2942818328738213 12.932257182896135 7.3397625796496868
leaf_count=63 50 55 43 36 68 46
internal_value=0.000301525 -0.00175797 -0.00509179 0.00737978 -0.0082776 0.00606258
internal_weight=56.0253 41.016 30.8574 10.1586 24.0942 15.0093
internal_count=361 265 174 91 131 96
is_linear=0
shrinkage=0.02


Tree=184
num_leaves=5
num_cat=0
split_feature=14 11 15 22
split_gain=2.99076 2.11987 3.21856 3.9398
threshold=9.5038959773669809e-18 3.6740823321206822e-05 0.035469966309168439 -0.00039322497635754398
decision_type=2 2 2 2
left_child=-1 -2 3 -3
right_child=1 2 -4 -5
leaf_value=-0.0083497287665085206 -0.0049179879594136687 0.00051046726867624165 -0.0054069563334431716 0.014761441997189973
leaf_weight=9.079147703945635 8.2140289954841119 15.588184058666224 7.3630514889955512 16.67430824413896
leaf_count=57 48 102 43 110
internal_value=0.00142743 0.00353879 0.0055174 0.00827857
internal_weight=56.9187 47.8396 39.6255 32.2625
internal_count=360 303 255 212
is_linear=0
shrinkage=0.02


Tree=185
num_leaves=7
num_cat=0
split_feature=14 9 9 35 9 3
split_gain=2.75894 2.49492 3.82724 2.44111 2.27374 4.94924
threshold=1.9278198428141026e-18 213.91250000000002 76.61875000000002 -0.00078360200162493532 279.2312500000001 1.0000000180025095e-35
decision_type=2 2 2 2 2 2
left_child=-1 2 -2 -4 -3 -6
right_child=1 4 3 -5 5 -7
leaf_value=-0.0091751042717655613 0.0089640566575917464 0.013948505686344316 -0.015855596457602705 -0.00072156091685892352 0.013095606517498803 -0.009661055412100699
leaf_weight=8.929005987942217 8.0422729738056677 9.7789051979780215 6.3459533601999327 12.598920892924067 6.3132278695702553 6.9078925363719446
leaf_count=55 45 69 43 72 43 49
internal_value=0.000357016 0.00232393 -0.00161615 -0.00663263 0.00707175 0.000940331
internal_weight=58.9162 49.9872 26.9871 18.9449 23 13.2211
internal_count=376 321 160 115 161 92
is_linear=0
shrinkage=0.02


Tree=186
num_leaves=6
num_cat=0
split_feature=8 37 34 34 42
split_gain=2.90545 3.25435 2.95383 3.92453 1.43132
threshold=57.95000000000001 1.0000000180025095e-35 1.4129025768516683 1.0936599898479593 2.6666666666665799
decision_type=2 2 2 2 2
left_child=-1 4 3 -3 -2
right_child=1 2 -4 -5 -6
leaf_value=0.013819145187413126 -0.013499606012300045 0.0015594208762603286 -0.0054800649688718948 0.018710049868236656 0
leaf_weight=5.8320267200469962 7.5550653189420682 22.019262272864584 10.84103938192129 6.5841942876577368 5.0221182629466057
leaf_count=31 58 134 61 44 39
internal_value=0.00155617 0 0.00279167 0.00620865 -0.00852418
internal_weight=57.8537 52.0217 39.4445 28.6035 12.5772
internal_count=367 336 239 178 97
is_linear=0
shrinkage=0.02


Tree=187
num_leaves=5
num_cat=0
split_feature=9 9 11 14
split_gain=2.71997 3.38546 2.57705 2.1607
threshold=363.88125000000008 279.2312500000001 3.6993242083829636e-05 0.0016795050146269799
decision_type=2 2 2 2
left_child=1 2 -1 -4
right_child=-2 -3 3 -5
leaf_value=-0.0090429129066793897 0.009966064243060898 -0.013340581601708297 0.007285617207040033 -0.0025876674640504861
leaf_weight=8.4541801325976831 7.4973920471966258 8.0263696871697885 18.171144224703312 14.600271012634037
leaf_count=50 54 53 119 90
internal_value=-0.000379562 -0.00224081 4.29118e-05 0.00276285
internal_weight=56.7494 49.252 41.2256 32.7714
internal_count=366 312 259 209
is_linear=0
shrinkage=0.02


Tree=188
num_leaves=6
num_cat=0
split_feature=8 8 36 36 17
split_gain=10.353 2.2894 1.78706 5.92474 3.82432
threshold=57.95000000000001 101.97500000000001 0.028617872507534548 0.3513896858739522 0.0046689373689872242
decision_type=2 2 2 2 2
left_child=-1 -2 4 -4 -3
right_child=1 2 3 -5 -6
leaf_value=0.020826383587206673 -0.012607415503636208 -0.0026077313927097313 -0.020164685367898373 0.0018085751826883985 0.014654103888709982
leaf_weight=6.9497414976358405 8.5672660097479802 17.14710641652346 6.4574656039476421 12.739953145384787 6.0226326957345
leaf_count=39 53 109 29 111 37
internal_value=-0.000322569 -0.00366922 -0.00147439 -0.00591797 0.00205164
internal_weight=57.8842 50.9344 42.3672 19.1974 23.1697
internal_count=378 339 286 140 146
is_linear=0
shrinkage=0.02


Tree=189
num_leaves=8
num_cat=0
split_feature=17 14 8 14 42 2 42
split_gain=1.79614 2.00914 3.24885 1.85204 1.2751 1.89476 1.00472
threshold=0.028780544159345195 0.00069745493721445689 165.35000000000005 4.7169550321151341e-06 2.666666666666722 852.50000000000011 2.6666666666666772
decision_type=2 2 2 2 2 2 2
left_child=1 2 -1 -2 5 -3 -4
right_child=3 4 6 -5 -6 -7 -8
leaf_value=0.012779524533732526 -1.5158032418778219e-05 -0.014575238249919274 -0.0080794793894461859 0.012686859263338884 0.00053738315339688005 -0.00012616328246292481 0.0018823654877911187
leaf_weight=6.6946347840130356 8.8799520656466466 9.1806479915976578 7.0365937501192075 6.83435484021902 6.3878316618502131 7.0066483579576007 6.061570055782795
leaf_count=40 55 58 43 45 43 41 41
internal_value=0 -0.00213823 0.00224572 0.00557867 -0.0061686 -0.0090413 -0.00323723
internal_weight=58.0822 42.3679 19.7928 15.7143 22.5751 16.1873 13.0982
internal_count=366 266 124 100 142 99 84
is_linear=0
shrinkage=0.02


Tree=190
num_leaves=6
num_cat=0
split_feature=7 36 22 11 11
split_gain=2.27525 2.9836 3.82036 3.03066 2.37428
threshold=327.10625000000005 -0.24898824430535141 0.001571098479442753 6.0196853780959855e-05 6.0905366071617457e-05
decision_type=2 2 2 2 2
left_child=1 4 3 -3 -1
right_child=-2 2 -4 -5 -6
leaf_value=-0.013310202144295269 -0.0084744412077114514 0.0082559790111889284 0.014778908389198899 -0.0068712358302710297 0.0015218812681794091
leaf_weight=7.129154868423937 11.20468460395932 8.4655492901802116 9.4302443452179414 11.01085517182946 7.4939224570989609
leaf_count=44 74 46 63 72 51
internal_value=-0.000770372 0.00122371 0.00500777 0 -0.00571424
internal_weight=54.7344 43.5297 28.9066 19.4764 14.6231
internal_count=350 276 181 118 95
is_linear=0
shrinkage=0.02


Tree=191
num_leaves=7
num_cat=0
split_feature=2 36 23 35 7 52
split_gain=1.74309 3.17092 2.5991 2.50453 2.65686 2.57901
threshold=872.50000000000011 -0.58053601862245829 0.55691491565246654 0.00095462359490763741 231.65000000000003 1.0000000180025095e-35
decision_type=2 2 2 2 2 2
left_child=1 -1 -2 5 -5 -3
right_child=2 3 -4 4 -6 -7
leaf_value=0.0073169290937892409 0.014067890379401602 -0.015673619480511825 -0.0012208793969611961 0.011851018222021614 -0.0051409332915818414 -0.0015356500255497166
leaf_weight=10.300102055072783 6.9813616015017024 10.24421014636755 8.293612524867056 5.3281908817589265 7.410105150192976 11.953524686396122
leaf_count=77 41 45 56 50 61 57
internal_value=0.000117812 -0.00176675 0.00583316 -0.00474092 0.00187503 -0.00871333
internal_weight=60.5111 45.2361 15.275 34.936 12.7383 22.1977
internal_count=387 290 97 213 111 102
is_linear=0
shrinkage=0.02


Tree=192
num_leaves=7
num_cat=0
split_feature=12 37 18 11 47 17
split_gain=3.12966 1.96683 3.2575 2.58208 2.90376 0.805088
threshold=1.1500000000000001 1.0000000180025095e-35 8.4460675623431372e-17 9.1135174731276771e-05 1.0000000180025095e-35 2.4265849137036998e-07
decision_type=2 2 2 2 2 2
left_child=1 2 -1 5 -5 -3
right_child=-2 3 -4 4 -6 -7
leaf_value=0.0053553929469234134 -0.0085902221553930368 0.0058410082071765207 -0.013594312317950871 0.00086497401187885957 0.019897672751538864 -0.0019511558201188146
leaf_weight=6.3004859462380391 11.122840862721203 6.842598237097266 5.881248377263546 6.6885645464062673 6.9786176197230816 14.421336568892
leaf_count=45 71 39 47 39 52 81
internal_value=0.000380494 0.00275761 -0.00367545 0.0052079 0.0116864 0.000436547
internal_weight=58.2357 47.1129 12.1817 34.9311 13.6672 21.2639
internal_count=374 303 92 211 91 120
is_linear=0
shrinkage=0.02


Tree=193
num_leaves=7
num_cat=0
split_feature=34 25 25 7 36 7
split_gain=2.97862 2.11527 2.78588 1.56776 4.15474 3.01658
threshold=0.88563661862500964 0.00031582102202572091 -0.00096143714291577751 191.25625000000002 -0.23829515766876577 273.22500000000008
decision_type=2 2 2 2 2 2
left_child=1 2 -1 4 -2 -5
right_child=3 -3 -4 5 -6 -7
leaf_value=-0.00085302685645814876 -0.01358760566167967 0.00097064947039197068 -0.019330946890297917 0.015094348293414706 0.0071414637973738317 0
leaf_weight=7.3129541799426079 5.7110526189208031 9.2394494712352735 6.4007516205310839 8.5691807381808776 7.9133523106574994 10.853191852569578
leaf_count=52 33 61 36 56 48 74
internal_value=-0.000363868 -0.00585375 -0.0106129 0.00333292 -0.00147238 0.00690459
internal_weight=55.9999 22.9532 13.7137 33.0468 13.6244 19.4224
internal_count=360 149 88 211 81 130
is_linear=0
shrinkage=0.02


Tree=194
num_leaves=5
num_cat=0
split_feature=9 40 13 15
split_gain=2.05869 5.11113 3.49899 3.06067
threshold=335.00625000000008 8.9563125000004238 -1.0000000180025095e-35 1.1886429100787375e-11
decision_type=2 2 2 2
left_child=1 2 -1 -4
right_child=-2 -3 3 -5
leaf_value=-0.0059805643383401179 0.009876640600225188 -0.014633663688106447 0 0.012400240400383912
leaf_weight=11.885251719504589 8.6985507570207101 7.228508159518241 14.347111329436308 14.906734827905892
leaf_count=71 65 47 96 88
internal_value=0.00145633 -0.000105856 0.00259112 0.00635451
internal_weight=57.0662 48.3676 41.1391 29.2538
internal_count=367 302 255 184
is_linear=0
shrinkage=0.02


Tree=195
num_leaves=6
num_cat=0
split_feature=1 8 51 11 8
split_gain=2.19765 1.85744 2.63427 2.65844 1.36232
threshold=47.500000000000007 57.95000000000001 1.0000000180025095e-35 8.8854184879520466e-05 171.10000000000005
decision_type=2 2 2 2 2
left_child=1 -1 4 -4 -3
right_child=-2 2 3 -5 -6
leaf_value=0.0094512174547735223 0.011643952955348895 -0.00039685833620500078 -0.011203953328763186 0.0003343222901392057 0.01131312304912079
leaf_weight=6.2287716418504706 6.6074515841901293 6.2683358415961248 13.218581318855287 15.918734863400458 6.5898681655526161
leaf_count=34 45 35 84 115 46
internal_value=0.001652 0 -0.00150405 -0.00489918 0.00555488
internal_weight=54.8317 48.2243 41.9955 29.1373 12.8582
internal_count=359 314 280 199 81
is_linear=0
shrinkage=0.02


Tree=196
num_leaves=6
num_cat=0
split_feature=16 15 35 9 16
split_gain=2.65023 3.07591 2.28004 2.108 1.92037
threshold=6.7180691728963426e-21 0.0010988804845085667 -0.00022599881981608846 227.81250000000003 0.94547360511933909
decision_type=2 2 2 2 2
left_child=-1 2 3 -2 -4
right_child=1 -3 4 -5 -6
leaf_value=0.0097962120465816486 -0.0096464275972603999 -0.01104226391951392 0.0089954829658653573 0.0031953094211310978 -0.0032849422678755368
leaf_weight=7.3771192505955687 11.374536648392676 11.283940918743609 14.013820033520465 7.1345597654581061 6.1894214861094943
leaf_count=48 69 68 91 49 43
internal_value=-0.000505648 -0.00230567 0.000303737 -0.00447882 0.00497281
internal_weight=57.3734 49.9963 38.7123 18.5091 20.2032
internal_count=368 320 252 118 134
is_linear=0
shrinkage=0.02


Tree=197
num_leaves=7
num_cat=0
split_feature=1 7 25 9 17 42
split_gain=5.12589 2.27311 4.9374 4.63478 3.59156 2.87081
threshold=47.500000000000007 213.88125000000002 -0.00076581192294078459 89.487500000000011 0.0023061602556106644 2.6666666666666772
decision_type=2 2 2 2 2 2
left_child=1 2 -1 -4 5 -3
right_child=-2 4 3 -5 -6 -7
leaf_value=0.00853950785520813 0.016729313363979689 -0.0094553203117828423 0.0016797959032431643 -0.017688908958712085 0.013218398380138019 0.0073268338862074447
leaf_weight=6.8171390853822258 6.9113064147531977 8.4424544051289576 7.1595119833946255 11.197858292609451 8.790383752435444 5.9396376907825461
leaf_count=42 50 58 42 63 62 40
internal_value=0.00177791 -0.000533541 -0.00471092 -0.0101285 0.00376367 -0.00210868
internal_weight=55.2583 48.347 25.1745 18.3574 23.1725 14.3821
internal_count=357 307 147 105 160 98
is_linear=0
shrinkage=0.02


Tree=198
num_leaves=8
num_cat=0
split_feature=16 1 1 14 25 1 25
split_gain=2.46552 3.98082 3.08399 1.71744 1.6882 1.64903 1.62978
threshold=7.0788036434227082e-05 32.500000000000007 22.500000000000004 0.3513269748712437 0.0002071448308049614 37.500000000000007 0.00067788692132129003
decision_type=2 2 2 2 2 2 2
left_child=2 6 -1 4 -3 -4 -2
right_child=1 3 5 -5 -6 -7 -8
leaf_value=-0.0034687310906289731 0.0083291594517926511 0.0021583725973084887 0.018389899833995218 -0.018139322032110966 -0.011352173628899811 0.0029524450230877038 -0.0030902130987319814
leaf_weight=8.5171552225947398 10.045431200414898 6.4431263133883494 5.8405376709997636 5.8173198364675036 5.6806421764194965 7.32368528470397 7.4213780760765067
leaf_count=49 67 42 44 35 40 48 43
internal_value=0 -0.00322625 0.00517427 -0.00968457 -0.00409751 0.0110399 0.00324774
internal_weight=57.0893 35.4079 21.6814 17.9411 12.1238 13.1642 17.4668
internal_count=368 227 141 117 82 92 110
is_linear=0
shrinkage=0.02


Tree=199
num_leaves=6
num_cat=0
split_feature=37 35 36 40 17
split_gain=3.13267 2.23563 1.82124 3.16788 2.43652
threshold=1.0000000180025095e-35 -0.0010985435946627711 -0.39412877785915867 8.9563125000004238 2.4265849137036998e-07
decision_type=2 2 2 2 2
left_child=1 -1 -2 4 -4
right_child=2 -3 3 -5 -6
leaf_value=-0.014105543680224999 0.011262797996139362 0.00051751254141782098 0.011199686277451852 -0.0096190924428089415 -0.00057485455167782687
leaf_weight=8.5837522819638234 6.6422023400664321 5.9620789662003508 9.9449213445186633 8.3578063175082189 16.981585651636124
leaf_count=72 43 39 65 52 104
internal_value=-0.000300653 -0.00807812 0.00238319 0.00028192 0.00380437
internal_weight=56.4723 14.5458 41.9265 35.2843 26.9265
internal_count=375 111 264 221 169
is_linear=0
shrinkage=0.02


Tree=200
num_leaves=6
num_cat=0
split_feature=51 42 47 18 36
split_gain=6.5755 1.92084 1.95654 3.51676 0.747645
threshold=1.0000000180025095e-35 2.6666666666668157 1.0000000180025095e-35 1.210950418365636e-08 -0.20992084977385919
decision_type=2 2 2 2 2
left_child=4 2 -2 -4 -1
right_child=1 -3 3 -5 -6
leaf_value=0.0035613318143199874 -0.012888925852304079 0.004401836539257185 0.0040193322403013184 -0.012144476870719734 0.013969652975218747
leaf_weight=7.4742751121521023 11.274315550923349 6.71617317944765 12.509881377220156 7.7229342982172957 9.698192957788704
leaf_count=45 68 50 85 51 60
internal_value=0.000173019 -0.0043309 -0.00645512 -0.00214926 0.0102149
internal_weight=55.3958 38.2233 31.5071 20.2328 17.1725
internal_count=359 254 204 136 105
is_linear=0
shrinkage=0.02


Tree=201
num_leaves=5
num_cat=0
split_feature=14 25 25 52
split_gain=3.50971 1.84191 1.40961 2.04478
threshold=9.5038959773669809e-18 0.0013164924809689501 0.0006176676556360522 1.0000000180025095e-35
decision_type=2 2 2 2
left_child=-1 2 3 -2
right_child=1 -3 -4 -5
leaf_value=-0.010424291635965968 -0.0043319919504622049 0.0091112730089772109 -0.0074276236533162565 0.0061540841115065295
leaf_weight=9.4454956091940385 10.639208205044271 11.113205291330813 6.9033536128699771 18.204063434153795
leaf_count=57 69 73 40 125
internal_value=0 0.00236996 0 0.00206956
internal_weight=56.3053 46.8598 35.7466 28.8433
internal_count=364 307 234 194
is_linear=0
shrinkage=0.02


Tree=202
num_leaves=7
num_cat=0
split_feature=7 62 11 18 34 25
split_gain=2.6165 3.5413 3.15517 2.27575 1.24567 1.20926
threshold=89.600000000000009 1.0000000180025095e-35 9.3760562377366962e-05 6.1876821481370883e-27 0.86985364633102036 9.3846915904270933e-05
decision_type=2 2 2 2 2 2
left_child=-1 5 4 -4 -3 -2
right_child=1 2 3 -5 -6 -7
leaf_value=0.0073251808993191813 -0.0042172201562181199 -0.012215524262651488 0.01386105268683218 0 -4.5777105253246744e-05 -0.018578318253853542
leaf_weight=11.987340636551378 7.4681346192955953 5.9376311749219886 7.5749578922987011 10.059545405209063 8.5461468659341318 5.0855795070528984
leaf_count=67 56 33 54 64 49 43
internal_value=-0.000478933 -0.00281901 0.000604567 0.00628973 -0.00588899 -0.0114191
internal_weight=56.6593 44.672 32.1183 17.6345 14.4838 12.5537
internal_count=366 299 200 118 82 99
is_linear=0
shrinkage=0.02


Tree=203
num_leaves=7
num_cat=0
split_feature=34 34 52 34 22 7
split_gain=2.52983 4.23532 3.58238 3.41868 1.94849 1.55811
threshold=0.90066282395833552 0.73517112358525083 1.0000000180025095e-35 0.52753640118017031 -0.0010421949914797401 191.25625000000002
decision_type=2 2 2 2 2 2
left_child=1 3 4 -1 -2 -4
right_child=2 -3 5 -5 -6 -7
leaf_value=-0.010135771580733787 0.0034817449099210835 -0.016808195930227279 0.00053880395967664156 0.0065495710750520103 -0.010005152399892213 0.013953931645824471
leaf_weight=7.0090760402381482 6.4661699756979933 7.6660695113241664 6.6372900046408203 11.697187453508375 8.151098735630514 9.8580067642033082
leaf_count=47 39 48 43 72 50 70
internal_value=-0.000711534 -0.00524902 0.00299148 0 -0.00381391 0.0092383
internal_weight=57.4849 26.3723 31.1126 18.7063 14.6173 16.4953
internal_count=369 167 202 119 89 113
is_linear=0
shrinkage=0.02


Tree=204
num_leaves=7
num_cat=0
split_feature=9 37 34 25 34 18
split_gain=2.16499 4.66492 3.22058 3.43307 0.826108 0.684311
threshold=89.487500000000011 1.0000000180025095e-35 1.1083103562694896 -0.00096143714291577751 0.9117816822477619 3.5016126244528041e-18
decision_type=2 2 2 2 2 2
left_child=-1 4 3 -3 -2 -4
right_child=1 2 5 -5 -6 -7
leaf_value=0.0063570845676497022 -0.018929737195811622 0.0059487863669487199 0.0015834237101102426 -0.010347951421624813 -0.0057158458249765998 0.011964224498735149
leaf_weight=12.052237715572117 5.3149695098400098 7.1954875960946056 6.2008943744003755 12.153805661946539 7.1821246445178986 7.7604846358299255
leaf_count=69 43 50 40 72 56 51
internal_value=-0.000721739 -0.00280842 0.0010158 -0.00399826 -0.0127663 0.00816866
internal_weight=57.86 45.8078 33.3107 19.3493 12.4971 13.9614
internal_count=381 312 213 122 99 91
is_linear=0
shrinkage=0.02


Tree=205
num_leaves=6
num_cat=1
split_feature=1 68 37 7 18
split_gain=3.00419 2.99983 2.06917 2.21808 1.2485
threshold=47.500000000000007 0 1.0000000180025095e-35 258.67500000000001 2.0709862515938013e-22
decision_type=2 1 2 2 2
left_child=1 2 4 -4 -1
right_child=-2 -3 3 -5 -6
leaf_value=0 0.01012357021417376 -0.012790642796044019 -0.0011060752312839473 0.010300851339637743 -0.013354220563219539
leaf_weight=5.7691980972886068 7.1230244971811763 8.9238583073019964 19.917564775794748 8.7249095998704416 5.5102949216961861
leaf_count=41 48 54 113 64 43
internal_value=-0.0010145 -0.00292961 -0.000320037 0.00239651 -0.00734029
internal_weight=55.9689 48.8458 39.922 28.6425 11.2795
internal_count=363 315 261 177 84
cat_boundaries=0 1
cat_threshold=4
is_linear=0
shrinkage=0.02


Tree=206
num_leaves=6
num_cat=0
split_feature=34 62 17 34 22
split_gain=2.20147 2.11575 2.32501 2.75112 1.2559
threshold=0.52753640118017031 1.0000000180025095e-35 0.045162002377872969 0.77214916598991368 -0.00039322497635754398
decision_type=2 2 2 2 2
left_child=-1 4 3 -3 -2
right_child=1 2 -4 -5 -6
leaf_value=-0.01057537818925601 -0.01127332324477359 0.010269633072040669 0.012432087111828782 -0.0032445377086939126 0.0001237767307806368
leaf_weight=6.3180043473839751 6.1121968701481819 7.4675380289554623 8.2722305394709092 19.434525322169065 6.2582437098026258
leaf_count=44 48 45 55 119 46
internal_value=-0.000268657 0.00116699 0.00375767 0.000525335 -0.00548072
internal_weight=53.8627 47.5447 35.1743 26.9021 12.3704
internal_count=357 313 219 164 94
is_linear=0
shrinkage=0.02


Tree=207
num_leaves=6
num_cat=0
split_feature=22 18 47 36 18
split_gain=3.50191 3.50134 3.49374 3.81935 2.33631
threshold=-0.0047901096588442993 0.0021111929042986516 1.0000000180025095e-35 -0.089551073398035391 1.5369301046644384e-08
decision_type=2 2 2 2 2
left_child=-1 2 3 -2 -4
right_child=1 -3 4 -5 -6
leaf_value=0.011585726634773265 -0.0013159356129474619 0.0094030524431385851 0.0030599830992106471 -0.020083402030345879 -0.010487471171687928
leaf_weight=6.2751564458012572 9.0031846016645449 6.3660150207579127 19.137811243534092 9.3357576690614206 5.7867120355367652
leaf_count=42 60 44 129 54 39
internal_value=-0.0012432 -0.00318059 -0.00533837 -0.0117246 -0.000137094
internal_weight=55.9046 49.6295 43.2635 18.3389 24.9245
internal_count=368 326 282 114 168
is_linear=0
shrinkage=0.02


Tree=208
num_leaves=7
num_cat=1
split_feature=8 37 25 25 72 15
split_gain=2.53675 2.78688 2.15973 2.71876 2.12554 0.743852
threshold=47.225000000000001 1.0000000180025095e-35 0.00031582102202572091 -0.00076581192294078459 0 1.6891797016273841e-22
decision_type=2 2 2 2 1 2
left_child=-1 5 3 -3 -4 -2
right_child=1 2 4 -5 -6 -7
leaf_value=0.0099628542594714011 -0.01559347158877364 0.001701103240081239 0 -0.012269049493298751 0.013410366280448368 -0.0041886999942975182
leaf_weight=6.5527469851076594 5.3210268318653098 12.753600314259527 9.6323510929942131 7.9280604757368591 6.9131519272923478 8.4983611553907377
leaf_count=37 45 88 59 47 42 65
internal_value=-0.000733664 -0.00238708 0.000369199 -0.00369633 0.00571405 -0.00974079
internal_weight=57.5993 51.0466 37.2272 20.6817 16.5455 13.8194
internal_count=383 346 236 135 101 110
cat_boundaries=0 1
cat_threshold=4
is_linear=0
shrinkage=0.02


Tree=209
num_leaves=8
num_cat=0
split_feature=15 16 1 42 51 16 17
split_gain=2.96655 3.34231 3.18449 3.17653 1.99502 2.82156 1.52754
threshold=1.4720818153659829e-12 0.036561824260723623 22.500000000000004 2.6666666666666514 1.0000000180025095e-35 1.3142642117217986e-05 0.013120434987977143
decision_type=2 2 2 2 2 2 2
left_child=2 4 -1 6 -2 -6 -4
right_child=1 -3 3 -5 5 -7 -8
leaf_value=-0.013957695335068495 0.0077099534971218813 0.013186725272048165 -0.012026240560671739 0.010461223074997581 0.002803831719815587 -0.013523854503977851 0.00042869840590410892
leaf_weight=9.6261844560503977 6.3071100227534798 9.0053482204675657 6.5180691853165644 6.245649028569459 7.6129580736160296 6.8345569372177124 6.312285803258419
leaf_count=61 39 59 43 45 53 39 41
internal_value=-0.000594107 0.00365641 -0.005178 0 -0.000619024 -0.00490721 -0.00587688
internal_weight=58.4622 29.76 28.7022 19.076 20.7546 14.4475 12.8304
internal_count=380 190 190 129 131 92 84
is_linear=0
shrinkage=0.02


Tree=210
num_leaves=7
num_cat=1
split_feature=25 14 8 7 73 17
split_gain=3.19822 2.09294 2.20571 3.34966 1.47156 0.25807
threshold=-0.00077867716879202579 1.9278198428141026e-18 85.350000000000009 215.41875000000002 0 8.9628344328563441e-05
decision_type=2 2 2 2 1 2
left_child=4 -2 -3 -4 -1 -6
right_child=1 2 3 -5 5 -7
leaf_value=-0.0008214063775117378 -0.013573080126020079 0.0075647289967242636 -0.012986010672264616 0.0013897064190238316 0.0040889403685376961 0.013821549922428405
leaf_weight=6.1570116281509399 6.4866073727607718 6.9324054494500187 9.6869694329798239 14.471027903258799 5.48879047855735 5.6623721159994602
leaf_count=40 41 40 57 104 40 40
internal_value=-0.000611127 -0.00396326 -0.00141084 -0.00442328 0.00615778 0.0102555
internal_weight=54.8852 37.577 31.0904 24.158 17.3082 11.1512
internal_count=362 242 201 161 120 80
cat_boundaries=0 1
cat_threshold=4
is_linear=0
shrinkage=0.02


Tree=211
num_leaves=6
num_cat=1
split_feature=68 8 18 7 34
split_gain=2.00148 2.32391 3.11567 2.93187 3.1586
threshold=0 236.27500000000001 2.2079084572396687e-21 89.600000000000009 0.88563661862500964
decision_type=1 2 2 2 2
left_child=1 3 -3 -1 -5
right_child=-2 2 -4 4 -6
leaf_value=0.007893205857255647 -0.0070268792373061016 -0.0024080419996929271 0.014507808999344663 -0.013584751516350866 0.0012555508006036049
leaf_weight=8.2286894991993922 11.848922967910765 6.0326005145907393 9.6868879646062833 9.2621843442320841 11.203110583126543
leaf_count=50 74 46 69 59 74
internal_value=0 0.00191276 0.00790147 -0.0013216 -0.00550133
internal_weight=56.2624 44.4135 15.7195 28.694 20.4653
internal_count=372 298 115 183 133
cat_boundaries=0 1
cat_threshold=4
is_linear=0
shrinkage=0.02


Tree=212
num_leaves=7
num_cat=0
split_feature=7 35 62 11 23 23
split_gain=2.47384 3.1795 2.63175 1.78618 1.7856 1.22427
threshold=205.99375000000003 -0.00040637235295628589 1.0000000180025095e-35 0.00027165435350801802 0.4319641928108674 0.55267539542248212
decision_type=2 2 2 2 2 2
left_child=1 -1 -2 5 -3 -4
right_child=2 4 3 -5 -6 -7
leaf_value=-0.010760772591313304 -0.0041365991354360967 0.0085729817924679944 0.005115730319303605 0 -0.0038943577822482334 0.018601433111018181
leaf_weight=11.726430624723436 7.6186789199709919 8.1979503333568555 8.5085649304091948 5.6467016935348502 7.6009065024554721 6.5116367377340785
leaf_count=69 62 49 55 35 41 56
internal_value=0.000871001 -0.00321074 0.00502191 0.00871014 0.00234295 0.0121328
internal_weight=55.8109 27.5253 28.2856 20.6669 15.7989 15.0202
internal_count=367 159 208 146 90 111
is_linear=0
shrinkage=0.02


Tree=213
num_leaves=7
num_cat=0
split_feature=37 36 35 8 42 7
split_gain=3.0299 1.76466 2.75433 3.03061 1.68998 1.05727
threshold=1.0000000180025095e-35 0.50526770335316851 -0.00096382380428760574 165.35000000000005 2.6666666666662073 194.42500000000004
decision_type=2 2 2 2 2 2
left_child=4 2 -2 -4 -1 -3
right_child=1 5 3 -5 -6 -7
leaf_value=-2.318482203248686e-05 0.0074988682129698697 0.00016453735762466087 0.0019139248332357337 -0.010910671057414315 -0.014668452894639129 0.015571726726812792
leaf_weight=5.7906407862901679 8.739158637821669 4.4601665697991839 12.640528902411466 14.073018074035643 9.1522797122597677 3.3550062440335751
leaf_count=39 57 42 55 67 77 45
internal_value=-0.00225769 0.000347797 -0.00146264 -0.00477564 -0.00972693 0.00847554
internal_weight=58.2108 43.2679 35.4527 26.7135 14.9429 7.81517
internal_count=382 266 179 122 116 87
is_linear=0
shrinkage=0.02


Tree=214
num_leaves=7
num_cat=0
split_feature=23 36 34 2 18 36
split_gain=2.44959 2.11574 2.57429 1.91281 1.6395 0.795377
threshold=0.68898898749480397 0.56299359957157091 0.77863816595520075 842.50000000000011 8.3463939780162934e-14 0.12416440033315783
decision_type=2 2 2 2 2 2
left_child=1 2 -1 -4 5 -2
right_child=4 -3 3 -5 -6 -7
leaf_value=0 -0.0059539270388331445 0.0041169925150984351 -0.003312416178177356 -0.017466124400520963 0.009053690726169265 0.0029295279877566411
leaf_weight=10.81288853287697 6.705552741885187 6.4277865327894679 8.5177886411547679 10.223525457084177 9.2125719711184484 6.6847040727734566
leaf_count=59 41 67 47 56 66 49
internal_value=-0.00198821 -0.00523397 -0.00753228 -0.0118309 0.00292743 -0.00120677
internal_weight=58.5848 35.982 29.5542 18.7413 22.6028 13.3903
internal_count=385 229 162 103 156 90
is_linear=0
shrinkage=0.02


Tree=215
num_leaves=7
num_cat=0
split_feature=17 14 35 15 17 34
split_gain=2.61229 5.67154 3.48988 4.30758 4.97731 2.67104
threshold=0.03699004268269885 1.8050073914786862e-07 0.00091979233598493487 0.00011569766974672564 2.2175724721205065e-05 0.89402911375077687
decision_type=2 2 2 2 2 2
left_child=2 -2 3 4 -1 -4
right_child=1 -3 5 -5 -6 -7
leaf_value=-0.0014623565190831464 -0.00480070190113757 0.018904104510381891 -0.0018448480589199521 0.00451643898032219 -0.021391658850392993 0.016652136317178139
leaf_weight=13.01988258957863 6.3631657846271974 7.6664503179490566 4.7475676834583265 11.461654156446455 8.162498399615286 5.4042146280407906
leaf_count=76 41 54 43 64 45 54
internal_value=0.000904494 0.00814945 -0.00146544 -0.00476224 -0.0100306 0.00807409
internal_weight=56.8254 14.0296 42.7958 32.644 21.1824 10.1518
internal_count=377 95 282 185 121 97
is_linear=0
shrinkage=0.02


Tree=216
num_leaves=7
num_cat=1
split_feature=22 7 40 72 14 34
split_gain=2.91262 2.02525 2.32287 1.50068 3.43251 2.73414
threshold=0.0049731009588491011 280.53750000000008 11.678812500000278 0 0.0038898630099174253 0.77214916598991368
decision_type=2 2 2 1 2 2
left_child=1 3 -3 5 -5 -1
right_child=-2 2 -4 4 -6 -7
leaf_value=-0.0086999481605879656 -0.011118479535282152 -0.012317514926872414 0.0030891955835669616 0.015571735896316852 -0.0018646993662311737 0.0061830758791376296
leaf_weight=7.1838312447071102 7.3466346338391295 6.6311478316783887 6.4521464183926582 9.6865838244557398 6.5290438868105403 11.404527138918636
leaf_count=45 46 47 48 63 41 71
internal_value=-0.00010508 0.00165468 -0.00461367 0.00424166 0.00850212 0
internal_weight=55.2339 47.8873 13.0833 34.804 16.2156 18.5884
internal_count=361 315 95 220 104 116
cat_boundaries=0 1
cat_threshold=4
is_linear=0
shrinkage=0.02


Tree=217
num_leaves=6
num_cat=1
split_feature=68 25 7 22 35
split_gain=3.13085 4.19286 2.88673 1.84377 1.68662
threshold=0 0.00058277177535428018 206.82500000000002 -0.0022614695444670139 -0.00078360200162493532
decision_type=1 2 2 2 2
left_child=1 3 -3 -1 -5
right_child=-2 2 -4 4 -6
leaf_value=0 -0.0097170794816282477 -0.013931770649875363 0.0015609627350518798 0.00013340328291576908 0.014552220042485976
leaf_weight=9.8441181592643279 11.751821979880331 8.0910845473408717 8.5638364851474744 5.6401845291256931 11.057168427854775
leaf_count=69 75 47 62 38 76
internal_value=-0.000935595 0.00148351 -0.00598848 0.00643726 0.0103035
internal_weight=54.9482 43.1964 16.6549 26.5415 16.6974
internal_count=367 292 109 183 114
cat_boundaries=0 1
cat_threshold=4
is_linear=0
shrinkage=0.02


Tree=218
num_leaves=7
num_cat=0
split_feature=7 25 18 23 7 14
split_gain=1.49767 2.09865 2.94468 3.07534 2.29993 2.17968
threshold=76.518750000000026 -0.0008399719161986442 6.1450898507033336e-22 0.31663986359022361 230.42500000000004 0.0022027698772067003
decision_type=2 2 2 2 2 2
left_child=-1 4 5 -4 -2 -3
right_child=1 2 3 -5 -6 -7
leaf_value=0.0084091428602909111 0.012971644715206395 -0.017090102596584392 -0.0071385302620344225 0.009705429412339003 -0.00070611508919490905 -0.0010380411329912081
leaf_weight=8.3343696780502778 7.132078584283593 7.0368642695248145 6.4750049859285346 8.882867578417061 10.309349063783882 7.5763850286602974
leaf_count=49 48 39 41 65 73 53
internal_value=0.00106258 -0.000251914 -0.0035419 0.00223482 0.00496169 -0.00975156
internal_weight=55.7469 47.4125 29.9711 15.3579 17.4414 14.6132
internal_count=368 319 198 106 121 92
is_linear=0
shrinkage=0.02


Tree=219
num_leaves=7
num_cat=0
split_feature=15 42 18 17 47 36
split_gain=2.07344 3.41262 7.55417 3.50228 2.3874 1.68174
threshold=1.0000000180025095e-35 2.666666666666734 1.210950418365636e-08 0.00069217094981012864 1.0000000180025095e-35 -0.16399707932964822
decision_type=2 2 2 2 2 2
left_child=4 2 3 -2 -1 -6
right_child=1 -3 -4 -5 5 -7
leaf_value=-0.012313277780708844 -0.00048347597654379101 0.01228770846595369 -0.015987398952052902 0.016827306437858111 -0.0068567167615979727 0.0061212150212016231
leaf_weight=8.7769808247685432 10.553803727030759 9.8978505246341211 8.0450945943593961 6.5201576724648467 6.0141453817486772 8.1591089628636819
leaf_count=54 68 68 51 41 38 62
internal_value=-3.65581e-05 0.00289475 -0.000905451 0.00636042 -0.00469372 0.000129891
internal_weight=57.9671 35.0169 25.1191 17.074 22.9502 14.1733
internal_count=382 228 160 109 154 100
is_linear=0
shrinkage=0.02


Tree=220
num_leaves=6
num_cat=1
split_feature=2 72 16 7 16
split_gain=2.0784 2.03634 1.55763 2.58732 0.603977
threshold=877.50000000000011 0 0.95391383665537766 87.693750000000009 0.0030342464059016478
decision_type=2 1 2 2 2
left_child=1 -1 3 -3 -2
right_child=4 2 -4 -5 -6
leaf_value=0.0076241678450093319 0.011075513123417537 0.0036570871865151747 0.0031924351785156324 -0.008979520416984646 0.00097756853428790412
leaf_weight=6.1092518568038958 6.0810002759098989 7.2950990647077587 8.2396250218152982 24.445793878287077 6.0865710377693176
leaf_count=41 39 40 60 162 41
internal_value=0 -0.00204834 -0.00382275 -0.00586896 0.00693775
internal_weight=58.2573 46.0898 39.9805 31.7409 12.1676
internal_count=383 303 262 202 80
cat_boundaries=0 1
cat_threshold=1
is_linear=0
shrinkage=0.02


Tree=221
num_leaves=7
num_cat=1
split_feature=68 36 9 22 1 22
split_gain=2.23916 2.1501 2.20571 1.83449 2.3549 1.9725
threshold=0 -0.5207627363745021 219.70000000000002 -0.00039322497635754398 32.500000000000007 0.0015372615910289749
decision_type=1 2 2 2 2 2
left_child=-1 2 -2 4 -3 -5
right_child=1 3 -4 5 -6 -7
leaf_value=-0.012074497525890394 -0.00031636493381100521 -0.01399715501032507 0.014966394931324083 0.0094611605019559869 0 -0.0027292933590511224
leaf_weight=6.3357616476714611 7.0470891892909986 8.74486316367984 5.5961077958345413 6.8848923705518272 9.3966866172850114 14.410085197538136
leaf_count=40 52 50 47 39 62 92
internal_value=-0.00171553 -0.000138532 0.00660946 -0.00256024 -0.00710857 0.00119047
internal_weight=58.4155 52.0797 12.6432 39.4365 18.1415 21.295
internal_count=382 342 99 243 112 131
cat_boundaries=0 1
cat_threshold=1
is_linear=0
shrinkage=0.02


Tree=222
num_leaves=7
num_cat=1
split_feature=36 74 34 34 9 23
split_gain=2.63333 2.83322 2.57868 3.56972 2.3976 1.14776
threshold=-0.58053601862245829 0 0.86985364633102036 1.3847141381533898 219.70000000000002 0.28494221098001127
decision_type=2 9 2 2 2 2
left_child=4 -2 5 -4 -1 -3
right_child=1 2 3 -5 -6 -7
leaf_value=-0.00048649441303583337 -0.012953802155583057 -0.012541485831489091 0.012859322636443014 -0.0031571730608338723 0.014828594692370451 -0.00098267047000265544
leaf_weight=7.8281871601939184 8.599394366145134 6.3210907205939284 8.9544190391898173 10.997908666729925 6.1022515445947647 9.2538801804184896
leaf_count=59 52 38 64 63 50 56
internal_value=-0.000797415 -0.00328219 -0.000486374 0.00401519 0.00636428 -0.00650943
internal_weight=58.0571 44.1267 35.5273 19.9523 13.9304 15.575
internal_count=382 273 221 127 109 94
cat_boundaries=0 1
cat_threshold=1
is_linear=0
shrinkage=0.02


Tree=223
num_leaves=6
num_cat=0
split_feature=11 42 11 41 36
split_gain=2.76024 2.91903 4.07899 3.33188 2.6316
threshold=3.6993242083829636e-05 2.6666666666662744 0.00019214328226708498 27.007999999999814 0.33054742167487389
decision_type=2 2 2 2 2
left_child=-1 -2 4 -4 -3
right_child=1 2 3 -5 -6
leaf_value=-0.0092340747322508989 0.010007920045983843 -0.011914838051559162 0.016030673060875945 -0.0016602016847502522 0.0028370325625386751
leaf_weight=8.8227076195180398 13.219173654913901 12.525497652590277 6.9007803313434106 7.7209622114896774 6.1441640816628924
leaf_count=52 78 67 52 54 57
internal_value=0.000299843 0.00239094 -0.000662254 0.0067967 -0.00685756
internal_weight=55.3333 46.5106 33.2914 14.6217 18.6697
internal_count=360 308 230 106 124
is_linear=0
shrinkage=0.02


Tree=224
num_leaves=5
num_cat=0
split_feature=9 46 16 2
split_gain=3.70715 2.13055 1.31971 1.54474
threshold=76.61875000000002 19.500000000000004 0.95391383665537766 882.50000000000011
decision_type=2 2 2 2
left_child=-1 2 3 -2
right_child=1 -3 -4 -5
leaf_value=0.011231331028191457 -0.0088717786075659128 0.0062093592943273483 0.0016034263494532372 0.001111128570662431
leaf_weight=8.74208230152726 22.676934208720926 8.1405195631086809 9.2666844688355905 6.7531840801239005
leaf_count=48 156 59 66 41
internal_value=0 -0.00230412 -0.00435753 -0.00642264
internal_weight=55.5794 46.8373 38.6968 29.4301
internal_count=370 322 263 197
is_linear=0
shrinkage=0.02


Tree=225
num_leaves=6
num_cat=0
split_feature=23 18 23 14 18
split_gain=2.11684 2.6937 2.67251 3.85485 1.76336
threshold=0.3947955180304164 8.4460675623431372e-17 0.89579817595796907 9.4911409368856158e-07 2.3781365512493939e-12
decision_type=2 2 2 2 2
left_child=1 -1 4 -4 -2
right_child=2 -3 3 -5 -6
leaf_value=0.012143942024492312 -0.01277844841115074 -0.001182665163088227 -0.0076385675116504353 0.011543312495532141 0
leaf_weight=11.040545832365753 9.772836275398733 10.43489249050617 6.0255101546645191 8.9022836461663228 6.5687326826155177
leaf_count=72 63 68 42 65 45
internal_value=0.000858818 0.00563709 -0.0023099 0.0034305 -0.00779511
internal_weight=52.7448 21.4754 31.2694 14.9278 16.3416
internal_count=355 140 215 107 108
is_linear=0
shrinkage=0.02


Tree=226
num_leaves=6
num_cat=2
split_feature=74 72 23 1 17
split_gain=2.28783 1.90368 1.81846 2.92881 1.19948
threshold=0 1 0.40540067399266122 37.500000000000007 8.8477191975564463e-07
decision_type=9 1 2 2 2
left_child=-1 -2 4 -4 -3
right_child=1 2 3 -5 -6
leaf_value=-0.0076818128004901296 0.011002290652827986 -0.00075093332016544089 -0.0075557869337800881 0.0074133395091009503 0.0092998660710208077
leaf_weight=10.739446274936199 7.1222222037613392 6.3070002384483841 17.033654719591144 6.1128698214888564 10.049114998430012
leaf_count=69 49 40 110 45 63
internal_value=0.000118612 0.0021649 0.000191096 -0.00321075 0.00525856
internal_weight=57.3643 46.6249 39.5026 23.1465 16.3561
internal_count=376 307 258 155 103
cat_boundaries=0 1 2
cat_threshold=1 1
is_linear=0
shrinkage=0.02


Tree=227
num_leaves=7
num_cat=1
split_feature=51 72 11 16 11 8
split_gain=2.36791 1.34566 1.64163 2.79826 1.33231 0.950345
threshold=1.0000000180025095e-35 0 0.00019214328226708498 0.0053848903969542089 5.9383722555031063e-05 209.62500000000003
decision_type=2 1 2 2 2 2
left_child=4 2 3 -2 -1 -3
right_child=1 5 -4 -5 -6 -7
leaf_value=0 -0.017094613657198384 0.0056176019441308922 0.0019913843370203991 0 0.011154803074960534 -0.0037204287581035222
leaf_weight=7.7922154888510731 7.5780467242002514 9.2702220566570741 6.1637877635657778 8.0015612468123418 8.7953630834817869 5.9852251112461081
leaf_count=49 46 63 47 51 60 43
internal_value=7.58188e-05 -0.00262364 -0.00577756 -0.00914782 0.00624498 0.00158138
internal_weight=53.5864 36.9988 21.7434 15.5796 16.5876 15.2554
internal_count=359 250 144 97 109 106
cat_boundaries=0 1
cat_threshold=4
is_linear=0
shrinkage=0.02


Tree=228
num_leaves=7
num_cat=0
split_feature=3 35 47 18 15 2
split_gain=2.86679 3.0027 2.2262 2.17006 1.97105 0.820736
threshold=1.0000000180025095e-35 0.0013152820286973981 1.0000000180025095e-35 5.1376554471117455e-09 2.8905597075314782e-12 827.50000000000011
decision_type=2 2 2 2 2 2
left_child=-1 2 4 -4 -2 -3
right_child=1 5 3 -5 -6 -7
leaf_value=0.0070084115761141251 -0.019559721948500301 0 0.0022161751714264502 -0.010217051513273859 -0.0034689917040349023 0.011270963287639331
leaf_weight=10.754593551158903 7.0150536969304067 3.7419140860438329 14.660691238939764 7.4369207024574271 7.5268248170614243 4.3056645765900612
leaf_count=75 38 41 80 42 43 50
internal_value=-0.00165724 -0.00398183 -0.00647844 -0.00196962 -0.0123763 0.00618143
internal_weight=55.4417 44.6871 36.6395 22.0976 14.5419 8.04758
internal_count=369 294 203 122 81 91
is_linear=0
shrinkage=0.02


Tree=229
num_leaves=7
num_cat=0
split_feature=14 11 41 11 11 14
split_gain=1.68842 2.04809 1.5089 1.0983 3.38613 0.991435
threshold=1.6889665733792195e-16 0.00018408870312493702 27.007999999999814 6.3036426285278775e-05 3.6740823321206822e-05 0.9195041339463762
decision_type=2 2 2 2 2 2
left_child=-1 3 -3 4 -2 -5
right_child=1 2 -4 5 -6 -7
leaf_value=-0.0084762946393644473 -0.0081319013368400545 0.013209587580573339 0 -0.0084525313700778842 0.0088687357380321397 0.00047325098254121818
leaf_weight=9.5909015834331495 7.1198280714452293 6.3027161806821805 5.4268944784998894 12.363742746412756 9.7915662974119169 5.8534835614264003
leaf_count=62 42 51 39 82 56 39
internal_value=-0.00124296 0.000258364 0.00725874 -0.00204924 0.00132195 -0.00539693
internal_weight=56.4491 46.8582 11.7296 35.1286 16.9114 18.2172
internal_count=371 309 90 219 98 121
is_linear=0
shrinkage=0.02


Tree=230
num_leaves=6
num_cat=0
split_feature=51 36 14 14 41
split_gain=2.48204 2.35873 1.59058 2.57483 1.51991
threshold=1.0000000180025095e-35 -0.23361148179454919 0.39877383702509644 2.1263309211576099e-22 12.241000000000442
decision_type=2 2 2 2 2
left_child=1 -1 3 -2 -5
right_child=2 -3 -4 4 -6
leaf_value=-0.0028887981155088422 -0.011854848900884821 0.011090101081077457 -0.010145563108820669 0.0098089992286328424 -0.0010220880977492538
leaf_weight=7.31114683300257 6.2126749083399799 9.5569754093885404 11.161049850285051 5.7771006301045444 18.581515572965145
leaf_count=47 42 60 73 34 128
internal_value=-0.00126433 0.00487285 -0.00394136 -0.00123665 0.00159561
internal_weight=58.6005 16.8681 41.7323 30.5713 24.3586
internal_count=384 107 277 204 162
is_linear=0
shrinkage=0.02


Tree=231
num_leaves=7
num_cat=0
split_feature=15 15 2 36 2 23
split_gain=1.94774 2.38446 2.2315 2.1882 1.73698 1.03435
threshold=1.0000000180025095e-35 4.0902017779803161e-07 847.50000000000011 -0.12553961866802452 852.50000000000011 0.56995299896294593
decision_type=2 2 2 2 2 2
left_child=3 4 -3 -1 -2 -5
right_child=1 2 -4 5 -6 -7
leaf_value=-0.011313933552164278 0.01598126772414989 -0.0063039041736677875 0.0058438265341907757 0.0070171152774922444 0.00064784254300683257 -0.0038191545846580138
leaf_weight=7.9038302376866367 7.6061052568256837 11.086493246257307 11.072912927716969 5.9670858085155469 5.9440298080444336 5.5741788893938065
leaf_count=53 55 71 70 42 39 39
internal_value=0.00105848 0.00387896 0 -0.00376405 0.0101741 0.0014178
internal_weight=55.1546 35.7095 22.1594 19.4451 13.5501 11.5413
internal_count=369 235 141 134 94 81
is_linear=0
shrinkage=0.02


Tree=232
num_leaves=7
num_cat=0
split_feature=2 11 14 2 59 25
split_gain=3.94557 3.93451 2.2315 1.85376 2.00627 0.896607
threshold=887.50000000000011 9.1135174731276771e-05 0.24860578649473516 847.50000000000011 1.0000000180025095e-35 -3.6025400181466945e-05
decision_type=2 2 2 2 2 2
left_child=1 2 5 4 -3 -1
right_child=-2 3 -4 -5 -6 -7
leaf_value=-0.0058819184297409371 0.0092739182029938135 -0.0015155465819038695 0 -0.0053728310878100472 0.012286520365471915 -0.017402505064032469
leaf_weight=8.8724589757621342 10.980532146990297 5.9078620336949834 7.1815712340176097 6.4425236135721198 8.6462677083909512 8.6738985665142518
leaf_count=54 65 44 44 44 65 51
internal_value=-0.000845727 -0.00355079 -0.00886087 0.00254868 0.00656095 -0.0125318
internal_weight=56.7051 45.7246 24.7279 20.9967 14.5541 17.5464
internal_count=367 302 149 153 109 105
is_linear=0
shrinkage=0.02


Tree=233
num_leaves=7
num_cat=1
split_feature=68 8 37 25 18 2
split_gain=1.6461 2.96341 2.88994 2.19878 2.62458 1.84244
threshold=0 213.87500000000003 1.0000000180025095e-35 0.00081988350199300943 2.3781365512493939e-12 847.50000000000011
decision_type=1 2 2 2 2 2
left_child=1 3 -3 4 -1 -4
right_child=-2 2 5 -5 -6 -7
leaf_value=0.0095359206083853645 -0.0043356207077928609 -0.0011816236163723251 0.021344235515545391 -0.0088653529026232452 -0.0053327254272325922 0.0037473530748756128
leaf_weight=10.298830289393669 11.080917138606308 5.5136761739850053 6.9679554663598537 7.7116699591279021 6.8062769770622245 5.4872407056391239
leaf_count=66 72 42 55 48 43 36
internal_value=0.00202653 0.00387267 0.00984155 -0.000430573 0.00332039 0.0148924
internal_weight=53.8666 42.7856 17.9689 24.8168 17.1051 12.4552
internal_count=362 290 133 157 109 91
cat_boundaries=0 1
cat_threshold=4
is_linear=0
shrinkage=0.02


Tree=234
num_leaves=6
num_cat=0
split_feature=42 42 34 23 7
split_gain=2.52158 1.71956 3.54415 2.26483 1.18635
threshold=2.6666666666667589 2.6666666666663317 1.1083103562694896 0.31663986359022361 240.01875000000004
decision_type=2 2 2 2 2
left_child=1 3 -3 -1 -2
right_child=4 2 -4 -5 -6
leaf_value=-0.0069260250124463544 0 -0.013981527085522361 0.0023828392519582436 0.0057469576666507836 0.01140872763615404
leaf_weight=8.4807214289903659 7.421610224992035 11.960416942834856 7.5947894789278498 12.731270071119068 6.9607356786727905
leaf_count=55 47 80 52 76 53
internal_value=-0.00075745 -0.00338728 -0.00752736 0.000326369 0.00604242
internal_weight=55.1495 40.7672 19.5552 21.212 14.3823
internal_count=363 263 132 131 100
is_linear=0
shrinkage=0.02


Tree=235
num_leaves=7
num_cat=0
split_feature=12 13 16 46 35 36
split_gain=2.46864 3.76679 2.51218 1.33976 2.4759 1.20551
threshold=1.1500000000000001 1.0000000180025095e-35 2.4099714097062778e-08 17.500000000000004 -0.00029959673783767172 -0.10217007220279238
decision_type=2 2 2 2 2 2
left_child=1 3 -3 -1 -5 -4
right_child=-2 2 5 4 -6 -7
leaf_value=0.0016072353890654093 -0.0076815772598360999 0.0057586185953462082 -0.013811808044311452 0.0010009042743499427 0.01848803754907519 -0.00092688333252289635
leaf_weight=11.112688962370159 10.310775544494389 6.2833812981843975 6.8729839548468599 6.4596409350633603 7.9811228699982166 6.5741172023117516
leaf_count=74 67 41 46 38 60 44
internal_value=0.00057028 0.00270417 -0.00356086 0.00771944 0.0116257 -0.00842802
internal_weight=55.5947 45.2839 19.7305 25.5535 14.4408 13.4471
internal_count=370 303 131 172 98 90
is_linear=0
shrinkage=0.02


Tree=236
num_leaves=7
num_cat=0
split_feature=36 15 23 10 36 36
split_gain=2.44387 2.23419 2.81255 2.1617 4.56415 1.81691
threshold=-0.58053601862245829 3.861780699028949e-22 0.46387405930783587 1.0000000180025095e-35 -0.10217007220279238 -1.1204758662298246
decision_type=2 2 2 2 2 2
left_child=5 2 -2 -3 -5 -1
right_child=1 3 -4 4 -6 -7
leaf_value=-0.0010008216065968106 0.011127936910770431 -0.014587720520800129 -0.0042704820270944525 -0.014036360162205443 0.0055198997746422366 0.012617317340109058
leaf_weight=5.514762207865715 7.6360111944377449 7.8320979326963451 9.0128439627587777 6.7125029489398029 11.179214894771574 7.717123828828333
leaf_count=45 50 48 63 31 77 60
internal_value=-0.000230718 -0.00268663 0.0026824 -0.00635641 -0.00185412 0.00684847
internal_weight=55.6046 42.3727 16.6489 25.7238 17.8917 13.2319
internal_count=374 269 113 156 108 105
is_linear=0
shrinkage=0.02


Tree=237
num_leaves=6
num_cat=0
split_feature=8 2 11 14 42
split_gain=1.95154 3.42717 3.78904 2.56569 2.21087
threshold=53.925000000000004 887.50000000000011 0.00018408870312493702 3.8572998103914921e-06 2.6666666666666514
decision_type=2 2 2 2 2
left_child=-1 2 3 -2 -4
right_child=1 -3 4 -5 -6
leaf_value=0.010747288247358506 0.00077041136102679573 0.0096801924733036695 -0.0017572173143937863 -0.010961362186971389 0.013038122309356075
leaf_weight=6.8577917851507655 10.424474172294142 10.678121466189621 6.6540359519422037 18.455799136310816 6.8517378382384777
leaf_count=40 66 68 47 125 53
internal_value=0.00144378 0 -0.00252474 -0.00664186 0.00571649
internal_weight=59.922 53.0642 42.386 28.8803 13.5058
internal_count=399 359 291 191 100
is_linear=0
shrinkage=0.02


Tree=238
num_leaves=6
num_cat=1
split_feature=23 72 23 18 7
split_gain=2.96932 2.05649 3.19949 1.40714 0.490545
threshold=0.16556038018148919 0 0.75099635161361744 3.6845687874680989e-13 218.26875000000004
decision_type=2 1 2 2 2
left_child=-1 -2 4 -4 -3
right_child=1 2 3 -5 -6
leaf_value=0.0086797845239207812 0.0061911066693672067 -0.012047191923146232 -0.0034015808867917012 0.0076969942810255114 -0.0037680094568018937
leaf_weight=8.7244542762637121 6.2318672016263026 15.534658450633289 8.7352119386196119 7.1602330133318892 7.9711533673107615
leaf_count=57 43 90 64 50 56
internal_value=-0.00123065 -0.00339956 -0.00518067 0.0014024 -0.00975277
internal_weight=54.3576 45.6331 39.4013 15.8954 23.5058
internal_count=360 303 260 114 146
cat_boundaries=0 1
cat_threshold=1
is_linear=0
shrinkage=0.02


Tree=239
num_leaves=6
num_cat=0
split_feature=42 11 16 7 25
split_gain=3.61245 2.11046 1.98223 1.76627 2.2466
threshold=2.666666666666722 0.00010579682061641071 0.95391383665537766 87.693750000000009 -0.0013124754659757027
decision_type=2 2 2 2 2
left_child=2 -2 3 -1 -5
right_child=1 -3 -4 4 -6
leaf_value=0 -0.0026702977629926216 0.011405514713685526 0.0022076721065219331 -0.00066737173275254358 -0.015083629829338639
leaf_weight=8.4981430172920245 6.1477372162044039 8.5130412280559522 7.9979216381907454 7.2135885283350971 15.475363336503504
leaf_count=48 43 67 55 46 104
internal_value=-0.0026911 0.00532633 -0.00589797 -0.00816708 -0.0109751
internal_weight=53.8458 14.6608 39.185 31.1871 22.689
internal_count=363 110 253 198 150
is_linear=0
shrinkage=0.02


Tree=240
num_leaves=8
num_cat=0
split_feature=36 17 18 23 42 14 14
split_gain=1.81169 2.44615 2.59598 2.4063 2.56483 1.60647 1.37785
threshold=0.58280161268405817 0.0075319076945017461 3.5936171169617219e-15 0.50374929388887579 2.6666666666665892 0.0016795050146269799 0.00047406639832514905
decision_type=2 2 2 2 2 2 2
left_child=1 3 -3 5 -5 -1 -2
right_child=6 2 -4 4 -6 -7 -8
leaf_value=0.0064812540414276578 0 0.012426475786457374 -0.0031334740812152175 -0.017281940137003345 0 -0.0058241339603422801 0.014491372592020218
leaf_weight=7.5204463228583354 5.9389674514532071 7.0093945041298849 7.6211493462324142 8.6169634908437711 6.2941474616527548 7.3924994170665741 4.1854353025555611
leaf_count=41 61 38 45 51 40 42 49
internal_value=-0.000165362 -0.00203585 0.00425541 -0.00535469 -0.0107722 2.16262e-05 0.00695301
internal_weight=54.579 44.4546 14.6305 29.8241 14.9111 14.9129 10.1244
internal_count=367 257 83 174 91 83 110
is_linear=0
shrinkage=0.02


Tree=241
num_leaves=6
num_cat=0
split_feature=16 2 2 2 2
split_gain=2.01117 4.45713 2.39278 2.06294 1.70828
threshold=0.0023055133403284416 877.50000000000011 852.50000000000011 832.50000000000011 827.50000000000011
decision_type=2 2 2 2 2
left_child=1 3 4 -1 -2
right_child=2 -3 -4 -5 -6
leaf_value=0.0045329673945396351 -0.0049020740298765502 0.016473731150691503 -0.01117022869385049 -0.0076566268086436674 0.0068366172640600643
leaf_weight=9.8970302455127293 9.9846972301602417 6.5157694928348056 10.878943599760531 9.9032274633645994 7.9745486304163924
leaf_count=67 70 43 72 68 51
internal_value=-0.000524556 0.00328476 -0.00419539 -0.00135027 7.95261e-05
internal_weight=55.1542 26.316 28.8382 19.8003 17.9592
internal_count=371 178 193 135 121
is_linear=0
shrinkage=0.02


Tree=242
num_leaves=6
num_cat=0
split_feature=11 42 3 35 18
split_gain=1.76721 3.77122 4.0001 3.93639 1.31365
threshold=3.6740823321206822e-05 2.6666666666663339 1.0000000180025095e-35 0.00095462359490763741 2.3762685957655591e-14
decision_type=2 2 2 2 2
left_child=-1 4 -3 -4 -2
right_child=1 2 3 -5 -6
leaf_value=-0.0068227225259112345 0.015740207732804479 0.0091191847091651526 -0.010920105309869404 0.0055408090601517966 0.002293081440540674
leaf_weight=8.4741990938782674 8.1662047244608384 9.466927230358122 16.490823864936832 7.4090146310627452 6.5772914364933959
leaf_count=52 50 65 94 73 39
internal_value=0.000938698 0.00253907 -0.00107543 -0.00555863 0.0106491
internal_weight=56.5845 48.1103 33.3668 23.8998 14.7435
internal_count=373 321 232 167 89
is_linear=0
shrinkage=0.02


Tree=243
num_leaves=7
num_cat=0
split_feature=34 42 7 35 40 18
split_gain=3.18991 2.66187 2.58011 6.71437 1.1239 2.93744
threshold=0.84067640104615637 2.6666666666663614 191.25625000000002 -0.00014155148648819531 7.6642499999998117 3.5936171169617219e-15
decision_type=2 2 2 2 2 2
left_child=1 -1 3 -2 -4 -6
right_child=2 -3 4 -5 5 -7
leaf_value=0.0015967543071266324 -0.015231490001751384 -0.011340012895055629 0.015150197962099684 0.010494008518734207 -0.004146743412388942 0.013651471074868264
leaf_weight=11.229053623974325 6.7319186329841614 11.389040064066647 7.5329582840204266 7.4260448142886144 6.6130946055054647 5.8493311442434788
leaf_count=66 39 75 57 49 50 44
internal_value=0.000707948 -0.00486767 0.00460452 -0.00154016 0.00910724 0.00415482
internal_weight=56.7714 22.6181 34.1533 14.158 19.9954 12.4624
internal_count=380 141 239 88 151 94
is_linear=0
shrinkage=0.02


Tree=244
num_leaves=7
num_cat=1
split_feature=36 14 77 42 11 8
split_gain=1.69945 1.7081 1.92152 1.76654 1.15285 0.963252
threshold=-0.5207627363745021 4.7169550321151341e-06 0 2.6666666666665892 7.7149432123930567e-05 182.12500000000003
decision_type=2 2 1 2 2 2
left_child=4 5 -3 -4 -1 -2
right_child=1 2 3 -5 -6 -7
leaf_value=0 -0.00032368251259846438 0.0076638183177641398 -0.0087343406282258135 0.0041936199265159933 0.011149307699712367 -0.010611484140653642
leaf_weight=5.8617876395583135 8.0164816826581973 11.208703130483627 8.1984948851168138 6.2975188419222841 7.5869084149599075 8.6055372245609743
leaf_count=46 44 70 53 42 63 58
internal_value=0.000468019 -0.00140841 0.00164112 -0.00282265 0.00647768 -0.00629028
internal_weight=55.7754 42.3267 25.7047 14.496 13.4487 16.622
internal_count=376 267 165 95 109 102
cat_boundaries=0 1
cat_threshold=1
is_linear=0
shrinkage=0.02


Tree=245
num_leaves=6
num_cat=0
split_feature=35 42 51 14 14
split_gain=2.13476 2.83093 2.57079 1.95645 3.25533
threshold=-0.0011475971649338205 2.6666666666664893 1.0000000180025095e-35 4.1613195164909708e-11 0.00069745493721445689
decision_type=2 2 2 2 2
left_child=1 -1 -2 -4 -5
right_child=2 -3 3 4 -6
leaf_value=-0.014389110455296249 0.011046582459242489 0.0016255479865310287 -0.0096335105176137328 0.010729939832952499 -0.0037284116487858415
leaf_weight=6.9651922285556784 10.009802516549824 8.2276587039232236 5.9480487182736423 9.8092060498893279 13.086762212216852
leaf_count=53 63 61 36 62 86
internal_value=0.000227724 -0.00578107 0.00281397 -0.000116379 0.00240463
internal_weight=54.0467 15.1929 38.8538 28.844 22.896
internal_count=361 114 247 184 148
is_linear=0
shrinkage=0.02


Tree=246
num_leaves=8
num_cat=0
split_feature=17 36 36 17 23 7 7
split_gain=2.07611 4.38083 2.38801 2.21676 1.96297 0.554567 0.401831
threshold=4.6286070873897141e-05 -0.089551073398035391 0.41286967557395288 3.7892560692388467e-08 0.3594841063184912 235.92500000000004 205.99375000000003
decision_type=2 2 2 2 2 2 2
left_child=3 6 -3 4 -1 -6 -2
right_child=1 2 -4 -5 5 -7 -8
leaf_value=-0.0073624854987182223 0.0058426040529297443 -0.010848703198137861 0.003921730237460128 -0.011537250094486808 0.0087321347947446112 0 0.017025595743299631
leaf_weight=7.2577247917652192 6.3532107844948786 7.0289479643106452 8.0596941821277124 8.4165127612650377 6.3362824320793134 5.8139773309230804 5.8903506696224213
leaf_count=47 38 34 70 52 44 42 42
internal_value=0.000104861 0.0040484 -0.00283268 -0.00356681 0 0.00506655 0.0125551
internal_weight=55.1567 27.3322 15.0886 27.8245 19.408 12.1503 12.2436
internal_count=369 184 104 185 133 86 80
is_linear=0
shrinkage=0.02


Tree=247
num_leaves=7
num_cat=0
split_feature=14 9 35 8 9 35
split_gain=2.15889 1.52327 2.21394 2.02629 1.89874 1.71376
threshold=9.5038959773669809e-18 207.05625000000003 -0.00029959673783767172 291.70000000000005 76.61875000000002 -0.00022599881981608846
decision_type=2 2 2 2 2 2
left_child=-1 4 -3 -4 -2 -6
right_child=1 2 3 -5 5 -7
leaf_value=-0.0091229595950306792 0.00528361461262158 0.011282727566619893 0.0060785416508429037 -0.0093886067365078867 -0.012631303819013813 -1.3427093343364348e-06
leaf_weight=9.0374716594815236 8.0445897057652491 10.198645077645779 6.1840553060173988 5.2592417448759079 7.1825109273195311 11.110963024199005
leaf_count=57 45 74 52 38 46 65
internal_value=-0.000618798 0.00101409 0.00491364 -0.000731075 -0.00203321 -0.00566886
internal_weight=57.0175 47.98 21.6419 11.4433 26.3381 18.2935
internal_count=377 320 164 90 156 111
is_linear=0
shrinkage=0.02


Tree=248
num_leaves=7
num_cat=0
split_feature=62 11 16 23 16 9
split_gain=2.99906 2.33834 2.50566 2.05648 1.7638 1.23881
threshold=1.0000000180025095e-35 7.156325007141451e-05 7.0788036434227082e-05 0.4626709258064397 0.0015185305141922581 279.2312500000001
decision_type=2 2 2 2 2 2
left_child=4 3 -3 -2 -1 -4
right_child=1 2 5 -5 -6 -7
leaf_value=-0.00098550464512243171 0.0024145032889140053 0.01425004451689897 0.006141024381609521 -0.010396220187251837 -0.016026423585007225 -0.0050110520575457045
leaf_weight=7.8178312703967077 10.129790015518667 8.5900898762047309 7.1518076658248884 7.5789572522044173 5.7421053647994995 6.5892194956541061
leaf_count=56 57 60 46 41 50 43
internal_value=-0.000556192 0.00210463 0.00637302 -0.00301013 -0.00843011 0.000409095
internal_weight=53.5998 40.0399 22.3311 17.7087 13.5599 13.741
internal_count=353 247 149 98 106 89
is_linear=0
shrinkage=0.02


Tree=249
num_leaves=5
num_cat=0
split_feature=9 46 25 22
split_gain=1.76953 2.44602 1.54158 3.06622
threshold=76.61875000000002 19.500000000000004 0.0010395781320293267 0.0007949720726992106
decision_type=2 2 2 2
left_child=-1 2 3 -2
right_child=1 -3 -4 -5
leaf_value=0.0087526947331788597 -0.00061076248701392142 0.0082875687895395279 0.0029071672637127478 -0.016100870480957999
leaf_weight=9.0604620613157731 17.012979440391067 8.6892530322074872 10.234668679535387 6.9605267941951743
leaf_count=52 121 65 66 48
internal_value=0.00116781 -0.000460429 -0.00302521 -0.00581308
internal_weight=51.9579 42.8974 34.2082 23.9735
internal_count=352 300 235 169
is_linear=0
shrinkage=0.02


end of trees

feature_importances:
lambda_zscore=148
lambda_val=125
lambda_aligned=102
har_rv_forecast=72
rr_planned=71
rvol=60
hmm_neutral_prob=55
hmm_stress_prob=55
atr=54
hmm_strong_prob=53
hmm_bull_prob=49
atr_5=48
atr_20=46
hmm_bear_prob=46
occ_first_bar_ret=42
bd_lambda=40
tsmom_return_30m=38
tsmom_conviction=34
minute_of_day=27
minute=23
trend_dir_ord=20
open_type_cat=19
bd_tsmom=16
risk_pts=15
dir_long=13
score=12
bd_cvd=12
bd_overnight=11
reward_pts_planned=8
vol_regime_cat=7
overnight_type_cat=6
tsmom_bias_cat=5
hmm_state_ord=4
stop_mult=3
bd_hmm=3
bd_rvol=2
har_vol_regime_cat=2
occ_dir_cat=2
hour=1
bd_occ=1

parameters:
[boosting: gbdt]
[objective: binary]
[metric: binary_logloss]
[tree_learner: serial]
[device_type: cpu]
[data_sample_strategy: bagging]
[data: ]
[valid: ]
[num_iterations: 250]
[learning_rate: 0.02]
[num_leaves: 12]
[num_threads: 6]
[seed: 42]
[deterministic: 0]
[force_col_wise: 0]
[force_row_wise: 0]
[histogram_pool_size: -1]
[max_depth: 4]
[min_data_in_leaf: 40]
[min_sum_hessian_in_leaf: 0.001]
[bagging_fraction: 0.7]
[pos_bagging_fraction: 1]
[neg_bagging_fraction: 1]
[bagging_freq: 1]
[bagging_seed: 400]
[bagging_by_query: 0]
[feature_fraction: 0.6]
[feature_fraction_bynode: 1]
[feature_fraction_seed: 30056]
[extra_trees: 0]
[extra_seed: 12879]
[early_stopping_round: 0]
[early_stopping_min_delta: 0]
[first_metric_only: 0]
[max_delta_step: 0]
[lambda_l1: 0.3]
[lambda_l2: 1]
[linear_lambda: 0]
[min_gain_to_split: 0]
[drop_rate: 0.1]
[max_drop: 50]
[skip_drop: 0.5]
[xgboost_dart_mode: 0]
[uniform_drop: 0]
[drop_seed: 17869]
[top_rate: 0.2]
[other_rate: 0.1]
[min_data_per_group: 100]
[max_cat_threshold: 32]
[cat_l2: 10]
[cat_smooth: 10]
[max_cat_to_onehot: 4]
[top_k: 20]
[monotone_constraints: ]
[monotone_constraints_method: basic]
[monotone_penalty: 0]
[feature_contri: ]
[forcedsplits_filename: ]
[refit_decay_rate: 0.9]
[cegb_tradeoff: 1]
[cegb_penalty_split: 0]
[cegb_penalty_feature_lazy: ]
[cegb_penalty_feature_coupled: ]
[path_smooth: 0]
[interaction_constraints: ]
[verbosity: -1]
[saved_feature_importance_type: 0]
[use_quantized_grad: 0]
[num_grad_quant_bins: 4]
[quant_train_renew_leaf: 0]
[stochastic_rounding: 1]
[linear_tree: 0]
[max_bin: 255]
[max_bin_by_feature: ]
[min_data_in_bin: 3]
[bin_construct_sample_cnt: 200000]
[data_random_seed: 175]
[is_enable_sparse: 1]
[enable_bundle: 1]
[use_missing: 1]
[zero_as_missing: 0]
[feature_pre_filter: 1]
[pre_partition: 0]
[two_round: 0]
[header: 0]
[label_column: ]
[weight_column: ]
[group_column: ]
[ignore_column: ]
[categorical_feature: 68,69,70,71,72,73,74,75,76,77,78,79,80,81,82,83,84,85,86,87]
[forcedbins_filename: ]
[precise_float_parser: 0]
[parser_config_file: ]
[objective_seed: 16083]
[num_class: 1]
[is_unbalance: 0]
[scale_pos_weight: 1]
[sigmoid: 1]
[boost_from_average: 1]
[reg_sqrt: 0]
[alpha: 0.9]
[fair_c: 1]
[poisson_max_delta_step: 0.7]
[tweedie_variance_power: 1.5]
[lambdarank_truncation_level: 30]
[lambdarank_norm: 1]
[label_gain: ]
[lambdarank_position_bias_regularization: 0]
[eval_at: ]
[multi_error_top_k: 1]
[auc_mu_weights: ]
[num_machines: 1]
[local_listen_port: 12400]
[time_out: 120]
[machine_list_filename: ]
[machines: ]
[gpu_platform_id: -1]
[gpu_device_id: -1]
[gpu_use_dp: 0]
[num_gpu: 1]

end of parameters

pandas_categorical:[["compressed", "elevated", "normal"], ["elevated", "normal"], ["bear", "bull", "strong_bear", "strong_bull"], ["contango", "deep_contango"], ["mixed", "reversal", "trend"], ["expansion", "neutral", "rotation"], ["high", "low", "normal"], ["bear", "bull", "neutral", "stress", "strong_bull"], ["mean_rev", "neutral"], ["long", "neutral", "short"], ["long", "neutral", "short"], ["low", "normal"], ["bearish", "bullish", "neutral"], ["neutral"], ["headwind", "neutral", "tailwind"], ["neutral", "nq_extended"], ["extreme_long", "extreme_short", "neutral"], ["bullish", "neutral"], ["climax", "high", "normal", "thin"], [""]]
