tree
version=v4
num_class=1
num_tree_per_iteration=1
label_index=0
max_feature_idx=87
objective=binary sigmoid:1
feature_names=hour minute minute_of_day dir_long vix vix3m vvix atr atr_5 atr_20 trend_dir_ord har_rv_forecast stop_mult hmm_state_ord hmm_bull_prob hmm_strong_prob hmm_neutral_prob hmm_stress_prob hmm_bear_prob gex_bias_ord gex_ratio tsmom_bias_ord tsmom_return_30m tsmom_conviction tsmom_available occ_first_bar_ret sector_rs_ratio sector_rs_vs_sma smh_rs_slope macro_dxy_ret macro_tnx_chg_bps nq_es_zscore cot_index breadth_addn rvol lambda_val lambda_zscore lambda_aligned avwap_near avwap_confluence risk_pts reward_pts_planned rr_planned setup_atr_ratio vwap_at_entry deviation_std score bd_tsmom bd_gex bd_es bd_hmm bd_cvd bd_overnight bd_vix_term bd_sector bd_macro bd_nq_es_spread bd_conviction bd_open_type bd_rvol bd_occ bd_absorption bd_lambda bd_smh bd_cot bd_avwap bd_breadth bd_memory vol_regime_cat vix_regime_cat trend_dir_cat vix_term_cat open_type_cat overnight_type_cat har_vol_regime_cat hmm_state_cat gex_bias_cat tsmom_bias_cat occ_dir_cat occ_conviction_cat sector_bias_cat smh_signal_cat macro_combined_cat nq_es_signal_cat cot_bias_cat breadth_bias_cat rvol_regime_cat entry_type_cat
feature_infos=[10:12] [0:55] [605:720] [0:1] none none none [29.774999999999999:849.25] [23.649999999999999:849.25] [28.5625:847.51250000000005] [-2:2] [1.122146662490485e-05:0.0032862202806487259] [0.84999999999999998:1.3] [-2:2] [0:1] [0:1] [0:1] [0:1] [0:1] none none none [-0.016615890083782007:0.01772963702749774] [0:1] none [-0.015332998871190268:0.0086450484391819155] none none none none none none [0:100] none [0.033234489377856086:3.4223179487179487] [-0.028776978417266189:0.033314669652855546] [-2.0755433657403421:1.9830013609982291] [0:1] [0:1] none [5:25.477500000000873] [12:67.93999999999869] [2.3999999999999999:2.6666666666677799] none none none [14:21] [0:1] none none [0:1] [0:1] [0:1] none none none none none none [0:1] [0:1] none [0:1] none none none none none -1:2:0:1 none -1:1:0:2:3 -1:0:1 -1:3:2:0 -1:1:2:0 -1:2:0 -1:2:1:3:4:0 -1:1:0 -1:2:0:1 -1:2:0:1 -1:1:0 -1:2:1 none -1:1:3:2 none -1:2:0:1 none -1:2:3:1 none
tree_sizes=945 1102 795 999 1107 1015 1005 794 890 874 688 1106 1112 1092 994 994 998 1002 1106 783 1100 894 901 1116 794 1007 888 1016 1004 979 782 1128 783 1184 888 999 1111 1005 890 901 1222 1214 893 1117 999 1097 1083 1221 1103 982 1200 898 888 1084 892 794 1108 897 1007 1130 898 897 1106 806 1113 793 1241 1114 870 994 1102 1102 887 991 1027 1002 1101 1004 893 1323 1010 1217 855 1112 880 1001 991 1007 1197 889 1234 794 803 1218 900 1113 875 1104 892 901 1019 980 916 1010 895 965 892 1221 868 793 1113 1087 1308 1013 901 1018 1007 858 1008 1085 792 965 1310 887 791 849 1218 1324 1169 1011 1003 1091 782 788 1217 1216 903 1068 1089 1221 899 1222 994 873 1217 1099 1105 915 1116 798 1210 992 682 891 1221 1021 1095 1166 1199 1130 892 785 999 977 1219 1210 787 1102 902 790 790 897 1216 1212 857 1106 1006 1060 1018 888 1107 686 917 1092 1009 1204 1006 983 889 891 989 778 1020 898 788 1000 1408 1330 1113 1010 893 1095 1083 897 1186 806 1198 782 898 890 907 893 1299 996 883 1021 773 894 905 673 1021 1433 1210 787 791 1127 1009 894 927 1121 1001 1205 878 1108 767 999 1113 965 1064 887 918 773 892 875 987 1105 1104 892 998 1114

Tree=0
num_leaves=8
num_cat=0
split_feature=37 9 34 23 34 2 17
split_gain=114.484 7.41561 8.52154 3.99021 2.80846 1.51921 1.07125
threshold=1.0000000180025095e-35 109.5125 1.0162740684562779 0.22519357927857089 0.66047857761812223 617.50000000000011 1.1062827028634074e-10
decision_type=2 2 2 2 2 2 2
left_child=5 3 4 -2 -3 -1 -4
right_child=1 2 6 -5 -6 -7 -8
leaf_value=0.54872032234061829 0.56028675851058107 0.56832136367003472 0.5809714171609176 0.57592549751864641 0.57906955233239454 0.53164867089809098 0.5928990955821587
leaf_weight=9.2330372333526629 9.694689095020296 11.772122472524641 10.387166887521742 15.465337365865706 35.085541486740112 21.005159705877304 23.775070875883102
leaf_count=40 42 51 45 67 152 91 103
internal_value=0.569512 0.579369 0.582289 0.569578 0.576292 0.535862 0.589894
internal_weight=136.418 106.18 81.0199 25.16 46.8577 30.2382 34.1622
internal_count=591 460 351 109 203 131 148
is_linear=0
shrinkage=1


Tree=1
num_leaves=9
num_cat=0
split_feature=37 42 16 17 18 42 42 25
split_gain=85.4328 11.5865 14.4042 6.81417 4.17084 4.20253 2.15855 1.85227
threshold=1.0000000180025095e-35 2.6666666666662975 0.97152948852443899 1.703387747641937e-05 1.3748973802305416e-30 2.666666666666718 2.6666666666668237 0.00030223348728215224
decision_type=2 2 2 2 2 2 2 2
left_child=7 2 3 -2 5 -3 -6 -1
right_child=1 4 -4 -5 6 -7 -8 -9
leaf_value=-0.037356637099537564 -0.0068756594840062293 -0.0028879736366416438 -0.02206285818899786 0.012654380665405527 0.018787740822067082 0.012851385717653921 0.0078634040801709697 -0.020914137280670021
leaf_weight=15.594873040914537 10.145336225628855 12.651758313179018 9.2223436385393125 18.204180210828781 31.049140483140945 11.953401386737822 15.178256362676619 12.799354434013365
leaf_count=67 44 55 40 79 135 52 66 55
internal_value=-0.000807617 0.00728711 -0.00153347 0.00546467 0.0120056 0.0047273 0.0155704 -0.0311126
internal_weight=136.799 108.404 37.5719 28.3495 70.8326 24.6052 46.2274 28.3942
internal_count=593 471 163 123 308 107 201 122
is_linear=0
shrinkage=0.02


Tree=2
num_leaves=6
num_cat=0
split_feature=62 36 35 10 10
split_gain=80.7449 30.035 8.14348 51.5829 11.5864
threshold=1.0000000180025095e-35 0.50778523553225696 -0.00018946796957748085 1.0000000180025095e-35 1.0000000180025095e-35
decision_type=2 2 2 2 2
left_child=-1 2 3 -2 -4
right_child=1 -3 4 -5 -6
leaf_value=-0.030798005921103697 0.021329050074748734 0.025547889599034247 -0.01169196438002619 -0.024877325809240437 0.011927468188152704
leaf_weight=29.326973512768745 15.133426681160925 23.645304054021835 9.868761017918585 22.996435478329659 33.121294662356377
leaf_count=125 66 103 43 100 144
internal_value=-0.00200846 0.00620887 0.000256296 -0.00630865 0.00622649
internal_weight=134.092 104.765 81.1199 38.1299 42.9901
internal_count=581 456 353 166 187
is_linear=0
shrinkage=0.02


Tree=3
num_leaves=8
num_cat=0
split_feature=37 35 36 9 36 13 15
split_gain=86.8338 32.1549 28.0801 8.96214 5.50969 4.20209 0.956807
threshold=1.0000000180025095e-35 -1.0000000180025095e-35 -0.48837954009433793 236.53750000000002 0.57351917651068585 -1.0000000180025095e-35 0.0013820887006000889
decision_type=2 2 2 2 2 2 2
left_child=6 2 -2 -4 5 -3 -1
right_child=1 4 3 -5 -6 -7 -8
leaf_value=-0.032484978968734382 0.025186076461710259 0.023091567881980638 -0.019179607431579274 0.001453779035400622 0.02703994077534953 0.0078922617518249125 -0.017894251465424168
leaf_weight=22.211653962731365 9.1084636151790601 11.224858880043028 24.028634890913963 11.710155233740805 19.358792319893837 28.208019956946373 9.4576127231121045
leaf_count=94 40 49 104 51 85 123 40
internal_value=-0.000490222 0.00835578 -0.00425258 -0.0124 0.0179843 0.0128314 -0.0289924
internal_weight=135.308 103.639 44.8473 35.7388 58.7917 39.4329 31.6693
internal_count=586 452 195 155 257 172 134
is_linear=0
shrinkage=0.02


Tree=4
num_leaves=9
num_cat=0
split_feature=37 35 10 35 40 35 35 34
split_gain=78.4844 22.777 26.4228 24.1117 5.44577 4.32199 2.05987 1.69381
threshold=1.0000000180025095e-35 0.00059987817969796677 1.0000000180025095e-35 -0.0011001398397474367 7.3460624999997899 -0.0013794442936988828 0.0019873628264584745 1.4119226650257091
decision_type=2 2 2 2 2 2 2 2
left_child=7 2 5 -4 -3 -2 -6 -1
right_child=1 4 3 -5 6 -7 -8 -9
leaf_value=-0.031665889592157506 0.025841640035355173 0.023904388413714683 -0.034966425599633123 -0.00084147767178510517 0.0015752447787689362 0.0056757495557506589 0.015160359523823511 -0.016298622889984581
leaf_weight=23.310866177082062 10.869466140866281 24.975268244743347 10.208748891949652 33.411593466997147 10.495211258530619 9.1523011177778226 9.0806344449520093 9.7434318512678129
leaf_count=98 48 110 44 145 46 40 40 41
internal_value=-0.0013892 0.006844 -0.000781814 -0.00956708 0.0176474 0.0176174 0.0085991 -0.0279239
internal_weight=141.248 108.193 63.6421 43.6203 44.5511 20.0218 19.5758 33.0543
internal_count=612 473 277 189 196 88 86 139
is_linear=0
shrinkage=0.02


Tree=5
num_leaves=8
num_cat=1
split_feature=35 8 23 74 52 15 35
split_gain=62.1039 17.9385 11.6558 11.3677 6.2262 6.15551 1.60207
threshold=-0.00018946796957748085 300.02500000000003 0.69897552152382036 0 1.0000000180025095e-35 0.011205873970435562 0.00059050786986254169
decision_type=2 2 2 9 2 2 2
left_child=1 2 4 -2 -1 6 -5
right_child=3 -3 -4 5 -6 -7 -8
leaf_value=-0.013308936477307479 -0.004718700741092291 0.0052230036432250847 -0.0037957120273223268 0.0098453526999013469 -0.032468827789835092 0.00016874915640007797 0.020589830665912263
leaf_weight=14.085825830698012 13.074607819318771 12.803925618529318 13.745649218559263 13.043204888701437 24.065751999616623 9.8678598105907422 35.898600473999977
leaf_count=60 57 56 59 57 102 43 158
internal_value=-0.00115628 -0.015289 -0.0204661 0.0115171 -0.0260687 0.0152455 0.018101
internal_weight=136.585 64.7012 51.8972 71.8843 38.1516 58.8097 48.9418
internal_count=592 277 221 315 162 258 215
cat_boundaries=0 1
cat_threshold=1
is_linear=0
shrinkage=0.02


Tree=6
num_leaves=8
num_cat=1
split_feature=37 35 36 72 36 40 35
split_gain=84.795 23.5068 20.6295 9.79712 5.66324 7.10346 1.01021
threshold=1.0000000180025095e-35 0.00059987817969796677 -0.48837954009433793 0 0.57351917651068585 7.3460624999997899 -0.0027852533067788247
decision_type=2 2 2 9 2 2 2
left_child=6 2 -2 -4 5 -3 -1
right_child=1 4 3 -5 -6 -7 -8
leaf_value=-0.037604418272392214 0.025089095750710413 0.021275291417252398 0.0073090189143387918 -0.011230261421526132 0.027397902440193859 0.00036014977063555573 -0.022953723750724696
leaf_weight=10.088572964072229 9.8614561110734922 13.773533329367639 15.628830790519714 34.247920453548431 19.424217283725739 12.722481504082678 20.127217575907707
leaf_count=42 44 61 68 148 87 56 84
internal_value=-5.03555e-05 0.0083916 0 -0.00527359 0.0189861 0.0118291 -0.0290855
internal_weight=135.874 105.658 59.7382 49.8768 45.9202 26.496 30.2158
internal_count=590 464 260 216 204 117 126
cat_boundaries=0 1
cat_threshold=4
is_linear=0
shrinkage=0.02


Tree=7
num_leaves=6
num_cat=0
split_feature=37 36 36 35 25
split_gain=70.9798 26.647 12.8194 15.1995 2.80524
threshold=1.0000000180025095e-35 0.50778523553225696 -0.48837954009433793 -0.00018946796957748085 0.00044113482105459268
decision_type=2 2 2 2 2
left_child=4 2 -2 -4 -1
right_child=1 -3 3 -5 -6
leaf_value=-0.033310299370487552 0.022835206421640625 0.026055349849579825 -0.011270928621842502 0.0068588827717421018 -0.016614041057337527
leaf_weight=16.413567066192631 9.5637741833925229 23.523223951458931 30.740098282694817 43.197613775730133 12.736141636967657
leaf_count=68 43 106 132 190 53
internal_value=8.25887e-05 0.00769817 0.00220862 -0.00064846 -0.0270074
internal_weight=136.174 107.025 83.5015 73.9377 29.1497
internal_count=592 471 365 322 121
is_linear=0
shrinkage=0.02


Tree=8
num_leaves=7
num_cat=0
split_feature=37 36 36 36 16 15
split_gain=63.2237 27.7703 12.554 16.1155 2.62984 0.478006
threshold=1.0000000180025095e-35 0.57351917651068585 -0.48837954009433793 -0.1489912527387536 0.03712459814230535 9.6442019692985729e-09
decision_type=2 2 2 2 2 2
left_child=4 2 -2 -4 5 -1
right_child=1 -3 3 -5 -6 -7
leaf_value=-0.023457153172950218 0.022265015373401448 0.026999720153219421 -0.013956387422061067 0.0050847750356269377 -0.034378687137283495 -0.012099663317286933
leaf_weight=9.9288641065359133 9.0493800044059736 19.975868716835976 26.165311738848686 50.097214385867119 11.389457136392592 10.893100351095198
leaf_count=41 41 91 112 220 47 45
internal_value=-0.00112214 0.00636743 0.00121 -0.00146658 -0.0252382 -0.0186171
internal_weight=137.499 105.288 85.3119 76.2625 32.2114 20.822
internal_count=597 464 373 332 133 86
is_linear=0
shrinkage=0.02


Tree=9
num_leaves=7
num_cat=0
split_feature=37 42 34 16 1 34
split_gain=80.0781 13.3941 7.74444 6.5659 4.50066 1.42351
threshold=1.0000000180025095e-35 2.6666666666664871 0.7179463051019247 0.97050795078015717 17.500000000000004 1.0619499631399063
decision_type=2 2 2 2 2 2
left_child=-1 3 -3 4 -2 -4
right_child=1 2 5 -5 -6 -7
leaf_value=-0.028132113110778387 0.010494502805974042 -0.0016020517336344101 0.012395427322945135 -0.013151227217393532 -0.0023626492591503588 0.021803753124784459
leaf_weight=32.099064067006111 19.513855263590813 9.5804194062948209 24.113083899021149 10.808964625000952 21.37950436770916 22.306785225868225
leaf_count=132 86 42 107 47 94 100
internal_value=-0.00086312 0.00739281 0.0140791 0 0.00373347 0.0174075
internal_weight=139.802 107.703 56.0003 51.7023 40.8934 46.4199
internal_count=608 476 249 227 180 207
is_linear=0
shrinkage=0.02


Tree=10
num_leaves=5
num_cat=0
split_feature=37 36 36 35
split_gain=81.3867 18.6803 14.9697 15.0836
threshold=1.0000000180025095e-35 0.50527805049937025 -0.48837954009433793 -0.00038838477049003497
decision_type=2 2 2 2
left_child=-1 2 -2 -4
right_child=1 -3 3 -5
leaf_value=-0.029023972831987536 0.024531031658143809 0.02349114660924273 -0.012166758452350079 0.0062139240915352542
leaf_weight=30.786005139350891 10.243474707007406 21.767814517021179 26.373817265033722 50.333222165703773
leaf_count=126 47 100 113 222
internal_value=-0.000811149 0.00731497 0.00297604 -0.00010385
internal_weight=139.504 108.718 86.9505 76.707
internal_count=608 482 382 335
is_linear=0
shrinkage=0.02


Tree=11
num_leaves=9
num_cat=0
split_feature=62 35 10 35 9 35 40 16
split_gain=77.4032 21.065 26.1806 21.6901 4.65122 2.78528 0.969266 0.650429
threshold=1.0000000180025095e-35 0.00059987817969796677 1.0000000180025095e-35 -0.00070603705959985626 257.73750000000007 -0.0013523896962553592 6.492562500000532 1.2110866099537808e-05
decision_type=2 2 2 2 2 2 2 2
left_child=6 2 5 -4 7 -2 -1 -3
right_child=1 4 3 -5 -6 -7 -8 -9
leaf_value=-0.017227413805925209 0.025204741442034283 0.013735134178072995 -0.029654335416445909 0.0011273382135966752 0.0078968633494217507 0.0081012283400814893 -0.03026948359808412 0.026212517653286773
leaf_weight=11.770526006817816 11.400093719363214 8.7726318091154116 12.29863081872463 28.081383213400841 14.195268496870993 9.3661107271909696 20.839622065424919 21.234196335077286
leaf_count=48 52 40 52 122 64 41 85 97
internal_value=2.08861e-05 0.00842495 0.000658799 -0.00859298 0.0187831 0.0184929 -0.0263931 0.0233188
internal_weight=137.958 105.348 61.1462 40.38 44.2021 20.7662 32.6101 30.0068
internal_count=601 468 267 174 201 93 133 137
is_linear=0
shrinkage=0.02


Tree=12
num_leaves=9
num_cat=0
split_feature=35 3 11 35 11 11 7 35
split_gain=37.4867 48.8005 13.3653 9.18874 9.38667 8.69744 4.07088 3.49162
threshold=-0.00038838477049003497 1.0000000180025095e-35 0.00020288261584403935 0.00059987817969796677 5.7438018274676478e-05 0.00019241001020665248 250.04375000000002 -0.0013938389336848676
decision_type=2 2 2 2 2 2 2 2
left_child=1 -1 3 4 -2 7 -5 -3
right_child=2 5 -4 6 -6 -7 -8 -9
leaf_value=0.023496295770065411 -0.0083612185630453258 -0.031282830263755446 -0.0060501915044609868 0.022795479134630817 0.015879864064741435 -0.0037257986195928612 0.0064181997646290739 -0.015372116325600229
leaf_weight=11.177471488714216 12.825121834874155 22.4053461253643 18.171671405434608 28.441315472126007 10.733141154050825 10.082062780857084 10.3333593159914 14.341907888650896
leaf_count=51 56 92 79 131 47 43 46 60
internal_value=-0.000176222 -0.0123577 0.00857132 0.0129568 0.0026356 -0.0213533 0.0188529 -0.0258038
internal_weight=138.511 58.0068 80.5046 62.3329 23.5583 46.8293 38.7747 36.7473
internal_count=605 246 359 280 103 195 177 152
is_linear=0
shrinkage=0.02


Tree=13
num_leaves=9
num_cat=1
split_feature=37 36 7 35 36 16 36 72
split_gain=63.4719 24.1065 17.5341 6.96151 3.32565 3.75869 2.94693 1.86197
threshold=1.0000000180025095e-35 0.2120515516081985 301.08750000000003 -0.00049014897607773192 0.50527805049937025 0.65477768285639704 -0.41046919682775335 0
decision_type=2 2 2 2 2 2 2 9
left_child=7 2 3 -2 5 -3 -4 -1
right_child=1 4 6 -5 -6 -7 -8 -9
leaf_value=-0.015741377729094435 -0.015784513040724112 0.01748223126473842 0.023558635252979521 0 0.024186564620613592 0.00070428532596369985 0.0057303629735071179 -0.029680172422569762
leaf_weight=14.301094263792038 19.921491235494614 16.217136904597286 8.8029404133558291 22.663334608078003 23.23513650894165 8.9850374758243543 9.1471263617277128 16.527037337422371
leaf_count=58 85 73 41 99 109 40 40 67
internal_value=0.00073089 0.00796543 -0.000393526 -0.00746375 0.0183301 0.0119847 0.015572 -0.0241002
internal_weight=139.8 108.972 60.5349 42.5848 48.4373 25.2022 17.9501 30.8281
internal_count=612 487 265 184 222 113 81 125
cat_boundaries=0 1
cat_threshold=8
is_linear=0
shrinkage=0.02


Tree=14
num_leaves=8
num_cat=0
split_feature=37 42 16 16 17 1 42
split_gain=59.4731 5.72464 8.26369 4.8574 3.38487 1.95551 0.676584
threshold=1.0000000180025095e-35 2.6666666666665964 0.99244621565186242 3.8759983940649714e-09 6.5089780525149789e-19 12.500000000000002 2.6666666666665537
decision_type=2 2 2 2 2 2 2
left_child=6 2 4 -3 -2 -5 -1
right_child=1 3 -4 5 -6 -7 -8
leaf_value=-0.028246064969548262 -0.0023579543037473001 0.0019719999345651214 -0.011916922034792322 0.0093260438062778995 0.0093917817758429143 0.021769922901025165 -0.016753380500930202
leaf_weight=15.579704552888872 11.254264235496519 12.808336302638052 10.261691004037855 13.122946336865427 42.299401178956032 18.579408198595047 15.06931436061859
leaf_count=63 50 57 45 59 189 85 61
internal_value=0.000608791 0.00763535 0.00357259 0.0131218 0.00681464 0.017245 -0.0234929
internal_weight=138.975 108.326 63.8154 44.5107 53.5537 31.7024 30.649
internal_count=609 485 284 201 239 144 124
is_linear=0
shrinkage=0.02


Tree=15
num_leaves=8
num_cat=0
split_feature=37 35 10 35 8 41 34
split_gain=64.6048 18.5213 38.0339 9.20662 4.06231 2.6985 2.30692
threshold=1.0000000180025095e-35 8.094435665135312e-05 1.0000000180025095e-35 -0.00050376756419043647 76.575000000000017 19.567500000000113 1.3945651477483056
decision_type=2 2 2 2 2 2 2
left_child=6 2 -2 -4 -3 -6 -1
right_child=1 4 3 -5 5 -7 -8
leaf_value=-0.027419012281617416 0.021372663082920535 0.004195332540051713 -0.024033648506436762 -0.0016122079985016172 0.023147663969066486 0.011172970296832372 -0.012260771533333988
leaf_weight=23.796569138765335 17.700915470719337 12.0996758043766 16.968340486288074 13.654383748769758 24.701553419232368 19.284120425581932 9.8983527570962888
leaf_count=96 81 55 71 59 115 88 40
internal_value=8.77271e-06 0.00784316 -0.00113095 -0.014593 0.0155648 0.0183962 -0.0236207
internal_weight=138.104 104.409 48.3236 30.6227 56.0853 43.9857 33.6949
internal_count=605 469 211 130 258 203 136
is_linear=0
shrinkage=0.02


Tree=16
num_leaves=8
num_cat=0
split_feature=25 46 17 25 46 23 1
split_gain=7.52461 8.32852 8.33999 4.78538 3.8369 2.4222 5.52666
threshold=0.0030325122309208564 19.500000000000004 0.00016075370606206233 -0.00034767984166281913 18.500000000000004 0.72119626675706827 12.500000000000002
decision_type=2 2 2 2 2 2 2
left_child=1 2 4 -4 -1 6 -3
right_child=-2 5 3 -5 -6 -7 -8
leaf_value=-0.014154271411516933 0.01616963505467826 0.013457727990481677 0.0074840355349937221 -0.0047820873581758804 -0.0027952857108227407 0.015736343195873911 -0.007004111827199077
leaf_weight=30.671503484249115 9.4353277385234815 9.3327671289444023 26.071894332766533 22.584432005882263 22.436572819948196 9.531244754791258 9.5276996791362745
leaf_count=131 42 42 115 99 99 43 42
internal_value=-0.000129436 -0.00147102 -0.00418408 0.00168809 -0.00960668 0.00786078 0.00298676
internal_weight=139.591 130.156 101.764 48.6563 53.1081 28.3917 18.8605
internal_count=613 571 444 214 230 127 84
is_linear=0
shrinkage=0.02


Tree=17
num_leaves=8
num_cat=0
split_feature=37 35 10 35 7 17 18
split_gain=48.2703 18.1675 27.7826 17.086 5.24855 1.91508 0.349765
threshold=1.0000000180025095e-35 0.00059987817969796677 1.0000000180025095e-35 -0.00049014897607773192 250.04375000000002 4.5011964723841082e-07 1.0678378063776199e-25
decision_type=2 2 2 2 2 2 2
left_child=5 2 6 -4 -3 -1 -2
right_child=1 4 3 -5 -6 -7 -8
leaf_value=-0.027295194203341602 0.012453040877256688 0.022616512772003876 -0.023061003718622689 0.0019955699870668224 0.006893193971356835 -0.014033605569902619 0.024322422260789178
leaf_weight=13.157588273286821 9.0465194582939166 27.466894596815109 17.532097160816193 25.103623241186142 15.636286079883574 17.62341482937336 10.124348253011702
leaf_count=53 41 130 73 110 72 71 47
internal_value=0.0010031 0.00752435 0.000420396 -0.00846273 0.0173343 -0.0205717 0.0199139
internal_weight=135.691 104.91 61.8066 42.6357 43.1032 30.781 19.1709
internal_count=597 473 271 183 202 124 88
is_linear=0
shrinkage=0.02


Tree=18
num_leaves=9
num_cat=0
split_feature=36 10 10 36 35 15 35 14
split_gain=42.8729 64.8266 19.1237 8.00206 5.67615 2.81112 2.59564 1.93042
threshold=-0.16155547948209445 1.0000000180025095e-35 1.0000000180025095e-35 0.20673012635435892 0.001491511429471066 1.7381117641669791e-12 0.00088982992288486181 0.95780063544848126
decision_type=2 2 2 2 2 2 2 2
left_child=1 -1 4 5 -2 -4 -5 -3
right_child=2 7 3 6 -6 -7 -8 -9
leaf_value=0.022021385374580246 0.0038439408379481498 -0.027687225872321565 0.011550791759918881 0.0094849290696413756 -0.016788854480890569 -0.0027475173575832131 0.02421696879001211 -0.013380081925370275
leaf_weight=15.174668297171591 9.3820768743753451 32.534640476107597 10.215307161211969 9.6577416807413083 9.6190507560968381 9.1642687618732435 29.759971931576729 9.7789701968431455
leaf_count=71 42 133 45 44 40 40 142 40
internal_value=0.000680409 -0.0122506 0.010346 0.0159476 -0.00661831 0.00469191 0.0210799 -0.0249045
internal_weight=135.287 57.4883 77.7984 58.7973 19.0011 19.3796 39.4177 42.3136
internal_count=597 244 353 271 82 85 186 173
is_linear=0
shrinkage=0.02


Tree=19
num_leaves=6
num_cat=0
split_feature=62 36 36 36 34
split_gain=48.0928 21.9524 16.9481 8.59036 1.6541
threshold=1.0000000180025095e-35 0.50527805049937025 -0.48837954009433793 0.2120515516081985 1.0651756704368769
decision_type=2 2 2 2 2
left_child=4 2 -2 -4 -1
right_child=1 -3 3 -5 -6
leaf_value=-0.02666452572177197 0.025013818811117586 0.023537769891163463 -0.0061818387916942868 0.008247173754959156 -0.014089843009637707
leaf_weight=14.950086370110514 10.038360446691511 23.470346331596375 50.320877805352211 23.160877421498299 16.665556818246841
leaf_count=60 49 114 218 106 67
internal_value=0.000385972 0.00685329 0.00187072 -0.0015037 -0.0208552
internal_weight=138.606 106.99 83.5201 73.4818 31.6156
internal_count=614 487 373 324 127
is_linear=0
shrinkage=0.02


Tree=20
num_leaves=9
num_cat=0
split_feature=62 36 10 36 36 16 9 36
split_gain=49.8457 22.7646 28.761 13.7458 2.23623 1.40081 1.11246 0.559261
threshold=1.0000000180025095e-35 0.19855780667489309 1.0000000180025095e-35 -0.16155547948209445 0.50778523553225696 6.8614714881451378e-07 230.26875000000004 -0.48837954009433793
decision_type=2 2 2 2 2 2 2 2
left_child=5 2 7 -4 6 -1 -3 -2
right_child=1 4 3 -5 -6 -7 -8 -9
leaf_value=-0.013560310411182431 0.022582852531632339 0.014309008992471546 -0.023814116474779854 -0.00070347561323929285 0.021659547188564669 -0.026284208745113152 0.0035299933024816868 0.010555059122856305
leaf_weight=11.701910525560377 9.1211238950490969 13.241541743278505 18.975336089730263 22.520733952522278 20.312791377305984 21.448047325015068 8.7755577415227872 8.9566691964864713
leaf_count=47 45 61 79 99 100 86 40 40
internal_value=-0.00153572 0.00537717 -0.00251898 -0.0117244 0.0164301 -0.022497 0.0106134 0.0178038
internal_weight=135.054 101.904 59.5739 41.4961 42.3299 33.15 22.0171 18.0778
internal_count=597 464 263 178 201 133 101 85
is_linear=0
shrinkage=0.02


Tree=21
num_leaves=7
num_cat=0
split_feature=37 36 42 36 36 15
split_gain=45.5248 18.7617 8.33044 9.1283 4.20721 2.89075
threshold=1.0000000180025095e-35 0.50778523553225696 2.6666666666663046 -0.1489912527387536 -0.44968608367301355 9.6442019692985729e-09
decision_type=2 2 2 2 2 2
left_child=5 2 3 -2 -4 -1
right_child=1 -3 4 -5 -6 -7
leaf_value=-0.027444524623553072 -0.019675329204311764 0.023250625925981767 0.018952247711604739 0.0015454427263252061 0.0038768518693638649 -0.012395607216332706
leaf_weight=16.462545320391659 11.190825670957564 19.558183953166008 8.8294879347085935 22.514439582824707 41.209902971982956 14.214277833700178
leaf_count=66 47 97 43 101 183 57
internal_value=-0.000232899 0.00610151 0.00179851 -0.00569131 0.00697368 -0.0212724
internal_weight=133.98 103.303 83.7447 33.7053 50.0394 30.6768
internal_count=594 471 374 148 226 123
is_linear=0
shrinkage=0.02


Tree=22
num_leaves=7
num_cat=0
split_feature=37 36 23 15 25 18
split_gain=44.9297 14.0191 6.32072 6.96311 2.00447 1.22546
threshold=1.0000000180025095e-35 0.50778523553225696 0.81534166309754419 5.5164159068827529e-27 0.00030223348728215224 1.3748973802305416e-30
decision_type=2 2 2 2 2 2
left_child=4 2 3 -2 -1 -4
right_child=1 -3 5 -5 -6 -7
leaf_value=-0.024762152030985609 0.0078747618380360165 0.020863898203700274 0.0044927323677674607 -0.0056642152446438453 -0.011590435267516028 0.015889567028784347
leaf_weight=18.235057309269909 24.052355021238327 21.87695837020874 8.9986920207738894 37.499651506543159 13.220628976821898 13.198895201086996
leaf_count=73 107 110 41 165 53 61
internal_value=0.000622271 0.00693119 0.00301768 -0.000236427 -0.0199387 0.0119209
internal_weight=137.082 105.627 83.7496 61.552 31.4557 22.1976
internal_count=610 484 374 272 126 102
is_linear=0
shrinkage=0.02


Tree=23
num_leaves=9
num_cat=1
split_feature=36 70 11 11 35 35 40 35
split_gain=34.9445 15.1332 15.0634 12.8583 8.94979 8.48106 5.25479 3.62317
threshold=-0.17495039805022136 0 0.00010177107327178783 5.3128194087434387e-05 0.00097455746934643729 0.00052787861439093989 9.1813124999989686 -0.0011602996347530035
decision_type=2 1 2 2 2 2 2 2
left_child=2 3 7 5 -3 -2 -4 -1
right_child=1 4 6 -5 -6 -7 -8 -9
leaf_value=-0.025398562780997735 -0.0086603193436382616 0.0072125071192485051 -0.006574343530424874 0.023385060538155211 -0.017345969914828382 0.014416033467980288 0.010268310373898653 -0.0088999278137853154
leaf_weight=19.450752183794979 10.598693937063219 9.3101489245891589 18.42690068483353 34.961390763521194 12.668407261371611 12.846116557717322 10.971449151635168 11.120219111442564
leaf_count=79 46 42 78 167 54 62 52 46
internal_value=0.000943064 0.009552 -0.0104656 0.0135451 -0.00475247 0.00381094 0 -0.0200592
internal_weight=140.354 80.3848 59.9693 58.4062 21.9786 23.4448 29.3983 30.571
internal_count=626 371 255 275 96 108 130 125
cat_boundaries=0 1
cat_threshold=2
is_linear=0
shrinkage=0.02


Tree=24
num_leaves=6
num_cat=0
split_feature=62 36 36 36 22
split_gain=59.5068 15.9749 14.2268 13.3673 0.0206137
threshold=1.0000000180025095e-35 0.51579214869843182 -0.48837954009433793 -0.1942073424172088 0.0019801784249336134
decision_type=2 2 2 2 2
left_child=4 2 -2 -4 -1
right_child=1 -3 3 -5 -6
leaf_value=-0.027851365713696598 0.024341546637970706 0.022590450702480093 -0.012232637541223002 0.0051904958824387313 -0.016691510553746507
leaf_weight=20.483897298574451 9.5122773945331556 18.626034528017044 24.987592846155167 53.515864208340645 9.9893260449171049
leaf_count=82 48 95 105 242 40
internal_value=-0.000807086 0.00622726 0.00248218 -0.000363914 -0.0250303
internal_weight=137.115 106.642 88.0157 78.5035 30.4732
internal_count=612 490 395 347 122
is_linear=0
shrinkage=0.02


Tree=25
num_leaves=8
num_cat=0
split_feature=37 35 10 35 10 35 25
split_gain=42.5334 12.3725 35.0818 9.21283 8.53005 4.3443 1.60029
threshold=1.0000000180025095e-35 -9.7580991033537851e-05 1.0000000180025095e-35 -0.0007240417943112867 1.0000000180025095e-35 0.00059050786986254169 0.00030223348728215224
decision_type=2 2 2 2 2 2 2
left_child=6 2 -2 -4 -3 -6 -1
right_child=1 4 3 -5 5 -7 -8
leaf_value=-0.024482123462648536 0.021768725433411951 -0.0043843337036697152 -0.026806456108557693 -0.0030418961093145792 0.0065828578124106033 0.019996901803813902 -0.012128133529004
leaf_weight=16.733491748571399 15.442605748772619 9.0457410216331464 12.718256562948225 14.230717882514002 17.41574789583683 33.774279847741127 13.988657429814337
leaf_count=67 74 41 52 60 78 168 56
internal_value=0.000614001 0.00685561 -0.00129365 -0.0150298 0.0126162 0.0157617 -0.0196058
internal_weight=133.349 102.627 42.3916 26.949 60.2358 51.19 30.7221
internal_count=596 473 186 112 287 246 123
is_linear=0
shrinkage=0.02


Tree=26
num_leaves=7
num_cat=1
split_feature=37 36 42 72 34 14
split_gain=30.9311 18.773 12.3525 5.04152 4.56793 3.00427
threshold=1.0000000180025095e-35 0.50527805049937025 2.6666666666666212 0 0.87774314545014087 4.1574749564971781e-07
decision_type=2 2 2 9 2 2
left_child=5 2 3 -2 -4 -1
right_child=1 -3 4 -5 -6 -7
leaf_value=-0.0073130330168211747 0.0051277768186100397 0.022343768309556433 0 -0.0087482869501194389 0.016203928501256844 -0.021890466061209972
leaf_weight=11.487879782915114 12.789147168397903 18.823816031217575 11.16392692923546 39.544170051813126 19.368651494383812 20.975379422307014
leaf_count=46 57 98 50 175 90 84
internal_value=-0.000549131 0.00485111 0.00058689 -0.00521221 0.010567 -0.0172839
internal_weight=134.153 101.69 82.8659 52.3333 30.5326 32.4633
internal_count=600 470 372 232 140 130
cat_boundaries=0 1
cat_threshold=4
is_linear=0
shrinkage=0.02


Tree=27
num_leaves=8
num_cat=1
split_feature=35 3 11 16 35 72 8
split_gain=23.6437 25.8426 18.7798 3.85404 5.33137 3.12217 3.12421
threshold=-0.00025152181662023584 1.0000000180025095e-35 0.00028481980917208449 2.6175643273476949e-07 -0.0016870444680451599 0 84.425000000000011
decision_type=2 2 2 2 2 9 2
left_child=1 -1 5 -3 -5 -2 -7
right_child=2 3 -4 4 -6 6 -8
leaf_value=0.016682177142942813 0.0015820153747058527 -0.0053953388033482772 -0.015362301815944581 -0.027874034647218236 -0.0099270031819435698 0.0060016567254425899 0.017746467036927539
leaf_weight=12.123612344264982 10.01467999815941 14.63638226687908 10.090260967612265 14.524446070194243 17.212122246623043 15.854738071560858 38.58988992869854
leaf_count=59 47 61 44 59 71 74 185
internal_value=0.00123716 -0.00815096 0.0086935 -0.014985 -0.0189244 0.0127279 0.0146044
internal_weight=133.046 58.4966 74.5496 46.373 31.7366 64.4593 54.4446
internal_count=600 250 350 191 130 306 259
cat_boundaries=0 1
cat_threshold=1
is_linear=0
shrinkage=0.02


Tree=28
num_leaves=8
num_cat=0
split_feature=35 3 3 41 11 8 35
split_gain=24.1123 30.5222 13.0078 6.73767 6.69029 8.38786 4.89604
threshold=-0.00018946796957748085 1.0000000180025095e-35 1.0000000180025095e-35 24.559500000000302 0.00020033079404831847 82.90000000000002 -0.0010490039299402342
decision_type=2 2 2 2 2 2 2
left_child=1 -1 -2 6 5 -4 -3
right_child=2 3 4 -5 -6 -7 -8
leaf_value=0.018802081982506158 -0.0096643034287116313 -0.025335076760061758 0.001307542416534419 -0.00022187765977837616 -0.0042113386003349582 0.019381707290405597 -0.0097674362380413739
leaf_weight=11.012334927916525 14.185917556285856 25.977212518453594 15.864204630255697 9.1702596545219404 8.7452206164598447 33.647424593567848 16.501409053802494
leaf_count=54 61 105 74 40 40 165 69
internal_value=-0.00096278 -0.0100032 0.00680496 -0.0164993 0.011012 0.0138498 -0.0197893
internal_weight=135.104 62.6612 72.4428 51.6489 58.2568 49.5116 42.4786
internal_count=608 268 340 214 279 239 174
is_linear=0
shrinkage=0.02


Tree=29
num_leaves=8
num_cat=0
split_feature=37 36 10 10 36 9 2
split_gain=33.9587 13.7663 32.9185 10.0787 7.82705 4.11547 3.33505
threshold=1.0000000180025095e-35 0.076388800450426023 1.0000000180025095e-35 1.0000000180025095e-35 -0.17495039805022136 75.356250000000017 622.50000000000011
decision_type=2 2 2 2 2 2 2
left_child=6 2 -2 -3 -4 -5 -1
right_child=1 3 4 5 -6 -7 -8
leaf_value=-0.0081738477396086501 0.021413674401788624 -0.0050315716407277515 -0.020411567363111723 0.0033975539499164465 0 0.019827609617794562 -0.023394683925672705
leaf_weight=12.726431146264078 15.374585792422293 9.452546298503874 20.447784766554829 9.0008027702569944 12.079564779996874 35.399522617459297 17.936116307973862
leaf_count=51 75 43 84 43 53 177 72
internal_value=0.000340088 0.00596153 -0.00172846 0.0128179 -0.0131584 0.0167773 -0.0177245
internal_weight=132.417 101.755 47.9019 53.8529 32.5273 44.4003 30.6625
internal_count=598 475 212 263 137 220 123
is_linear=0
shrinkage=0.02


Tree=30
num_leaves=6
num_cat=0
split_feature=37 36 34 36 25
split_gain=39.0785 11.8243 7.83516 3.9863 1.43899
threshold=1.0000000180025095e-35 0.57351917651068585 0.64044234940038891 -0.45926327233368097 0.00033200175517050692
decision_type=2 2 2 2 2
left_child=4 2 -2 -4 -1
right_child=1 -3 3 -5 -6
leaf_value=-0.025243858040539188 -0.01221080494652399 0.020712711324826806 0.016416595302194446 0.0023652967737374415 -0.013138190247753159
leaf_weight=16.916949257254604 12.34386985003948 14.969338804483412 8.8141536414623243 59.377960726618767 14.47756080329418
leaf_count=68 55 81 45 267 58
internal_value=-0.00139081 0.00495056 0.00172914 0.00447922 -0.0204245
internal_weight=126.9 95.5053 80.536 68.1921 31.3945
internal_count=574 448 367 312 126
is_linear=0
shrinkage=0.02


Tree=31
num_leaves=9
num_cat=1
split_feature=35 3 3 35 11 77 36 11
split_gain=25.8305 21.7455 15.2167 6.23731 5.89393 4.09064 2.67263 2.41843
threshold=1.0000000180025095e-35 1.0000000180025095e-35 1.0000000180025095e-35 -0.0013985688898764488 0.00019733080636360144 0 -0.30697906801215363 0.00013934094334909099
decision_type=2 2 2 2 2 1 2 2
left_child=1 -1 -2 7 5 -4 -5 -3
right_child=2 3 4 6 -6 -7 -8 -9
leaf_value=0.01597319853960635 -0.011289407478187224 -0.025448167500001818 0.0049520389787529795 -0.014455680539187566 -0.0014916268543381836 0.019817211040844909 -0.0017106862842802867 -0.010032417082945076
leaf_weight=10.312067151069639 11.840906605124472 18.7638288885355 12.300579637289047 11.067105963826178 8.521285727620123 30.652201801538467 17.997165605425842 9.5525417029857618
leaf_count=52 51 76 60 45 40 155 77 40
internal_value=-0.000856862 -0.00941974 0.0082089 -0.0142814 0.0129382 0.0159062 -0.00708271 -0.0209719
internal_weight=131.008 67.6927 63.315 57.3806 51.4741 42.9528 29.0643 28.3164
internal_count=596 290 306 238 255 215 122 116
cat_boundaries=0 1
cat_threshold=2
is_linear=0
shrinkage=0.02


Tree=32
num_leaves=6
num_cat=0
split_feature=37 16 11 9 9
split_gain=23.9 7.04354 5.32287 5.53851 1.50359
threshold=1.0000000180025095e-35 0.99210650156495062 0.00033527917028626557 67.718750000000014 237.25625000000005
decision_type=2 2 2 2 2
left_child=4 2 3 -2 -1
right_child=1 -3 -4 -5 -6
leaf_value=-0.0098430259200751116 -0.0038856974440666381 -0.0067954277276456978 -0.0071009295579478925 0.011084749800617608 -0.020696922860096452
leaf_weight=18.630224093794823 10.593051195144652 17.0753093957901 8.417940676212309 60.641716286540031 13.947015151381491
leaf_count=75 48 78 40 288 56
internal_value=-0.000552915 0.00440539 0.00693541 0.00875252 -0.0151465
internal_weight=129.305 96.728 79.6527 71.2348 32.5772
internal_count=585 454 376 336 131
is_linear=0
shrinkage=0.02


Tree=33
num_leaves=10
num_cat=0
split_feature=37 35 10 35 2 18 2 2 9
split_gain=29.1853 18.6956 26.8218 6.70824 2.90861 3.06778 1.48649 1.17978 0.359695
threshold=1.0000000180025095e-35 0.00059987817969796677 1.0000000180025095e-35 -0.00049014897607773192 627.50000000000011 1.3748973802305416e-30 612.50000000000011 627.50000000000011 222.44375000000005
decision_type=2 2 2 2 2 2 2 2 2
left_child=6 2 7 -4 -3 -6 -1 -2 -8
right_child=1 4 3 -5 5 -7 8 -9 -10
leaf_value=-0.0083156652869349444 0.023268898920078454 0.02199286106233728 -0.019403507920496124 -0.0029006176532065048 0 0.015846774583606293 -0.012861910682349374 0.0097244458745226071 -0.024516454298351361
leaf_weight=11.202813193202021 9.6215563863515872 19.5346390157938 17.677220150828362 23.93496198952198 7.8572959005832699 10.489689975976942 9.9141130745410937 9.5054043829441053 10.171406909823416
leaf_count=45 47 100 72 106 40 54 40 47 41
internal_value=0.000134241 0.00553406 -0.00128637 -0.0103428 0.016376 0.00925784 -0.0163444 0.0176535 -0.0199312
internal_weight=129.909 98.6208 60.7391 41.6122 37.8816 18.347 31.2883 19.127 20.0855
internal_count=592 466 272 178 194 94 126 94 81
is_linear=0
shrinkage=0.02


Tree=34
num_leaves=7
num_cat=0
split_feature=62 36 36 36 34 36
split_gain=28.6029 17.7606 12.5746 13.061 2.25296 0.179905
threshold=1.0000000180025095e-35 0.50778523553225696 -0.48837954009433793 -0.1489912527387536 1.1934239479314879 0.72257467254579633
decision_type=2 2 2 2 2 2
left_child=4 2 -2 -4 -1 -3
right_child=1 5 3 -5 -6 -7
leaf_value=-0.023522315985709065 0.022720086151472897 0.012364203961007056 -0.014402680416495868 0.002949568930073795 -0.010602473004731999 0.023601383559900983
leaf_weight=15.604328945279123 7.417125090956687 8.3317939937114733 25.463854670524597 48.62849748134613 16.152502819895744 11.94976870715618
leaf_count=63 40 45 107 226 65 67
internal_value=-0.00135973 0.00378907 -0.000382137 -0.00304649 -0.0176583 0.0200649
internal_weight=133.548 101.791 81.5095 74.0924 31.7568 20.2816
internal_count=613 485 373 333 128 112
is_linear=0
shrinkage=0.02


Tree=35
num_leaves=8
num_cat=0
split_feature=62 36 9 35 16 25 42
split_gain=29.8602 12.7648 8.18977 6.1119 4.71006 4.45016 2.52491
threshold=1.0000000180025095e-35 0.50778523553225696 234.55625000000001 1.0000000180025095e-35 0.065493562978114969 -0.00053264997850651058 2.6666666666665537
decision_type=2 2 2 2 2 2 2
left_child=5 2 3 -2 -4 -1 -7
right_child=1 -3 4 -5 -6 6 -8
leaf_value=-0.025826666731004165 -0.0082400620914332666 0.02073408269142072 0.017008458187650774 0.0052364762185693374 0.00053459984942057963 -0.015390299785020328 -0.00075621452824891147
leaf_weight=10.858392953872682 27.657720148563385 19.4421177059412 18.586680248379711 24.008182361721992 12.056744962930678 10.1710362136364 9.9398009926080686
leaf_count=44 117 108 89 113 55 41 40
internal_value=0.00124379 0.00652819 0.00289203 -0.00188332 0.0109381 -0.0155919 -0.00882004
internal_weight=132.721 101.751 82.3093 51.6659 30.6434 30.9692 20.1108
internal_count=607 482 374 230 144 125 81
is_linear=0
shrinkage=0.02


Tree=36
num_leaves=9
num_cat=0
split_feature=62 35 11 35 11 2 34 25
split_gain=31.054 12.2466 15.7028 8.96496 7.61587 3.72078 1.97969 0.426972
threshold=1.0000000180025095e-35 0.00065096618603140653 0.0001470292694524943 -0.00023854468164801051 0.00018906668809399326 622.50000000000011 0.94002287865081169 -0.00011223237724568393
decision_type=2 2 2 2 2 2 2 2
left_child=5 2 3 -2 7 -1 -4 -3
right_child=1 4 6 -5 -6 -7 -8 -9
leaf_value=-0.0083046973402732521 -0.017879066406401814 0.012768134471477182 0.0045018588030664927 0.0010376353317928817 -0.0015601266463222865 -0.023584735544595871 0.018928587151122025 0.022085849548108768
leaf_weight=14.382816493511198 18.951809093356133 15.330285847187042 8.8831900805234927 18.800153866410255 9.6196817904710752 18.015768975019455 10.482688263058661 14.821028843522072
leaf_count=58 80 81 41 85 46 73 51 80
internal_value=-0.000746058 0.00489361 -0.000969248 -0.0085202 0.0132781 -0.0174328 0.0131516 0.0181029
internal_weight=129.287 96.8888 57.1178 37.752 39.771 32.3986 19.3659 30.1513
internal_count=595 464 257 165 207 131 92 161
is_linear=0
shrinkage=0.02


Tree=37
num_leaves=8
num_cat=1
split_feature=35 10 10 42 16 73 36
split_gain=20.2244 36.8215 30.2621 4.5796 4.23439 2.73599 2.57585
threshold=-0.00018946796957748085 1.0000000180025095e-35 1.0000000180025095e-35 2.6666666666665333 0.99210650156495062 0 0.16926814216538458
decision_type=2 2 2 2 2 1 2
left_child=2 -2 -1 5 6 -4 -3
right_child=1 4 3 -5 -6 -7 -8
leaf_value=0.016424880786806813 -0.017125462139072109 0.0083343145449186456 -0.011305127361700657 -0.0073672546933286308 0.0034984464839396311 -0.026886040780019185 0.021929547626651266
leaf_weight=13.99867135286331 17.261540457606316 10.928548499941824 11.596212983131409 18.775117740035057 10.729850292205809 16.478214889764786 29.945501238107681
leaf_count=70 74 50 47 77 53 67 160
internal_value=0 0.00733318 -0.00836982 -0.0160923 0.0157987 -0.0212669 0.0187237
internal_weight=129.714 68.8654 60.8482 46.8495 51.6039 28.0744 40.874
internal_count=598 337 261 191 263 114 210
cat_boundaries=0 1
cat_threshold=4
is_linear=0
shrinkage=0.02


Tree=38
num_leaves=7
num_cat=0
split_feature=37 36 36 36 42 23
split_gain=27.0237 11.3478 7.7862 10.2886 1.16747 1.26396
threshold=1.0000000180025095e-35 0.50527805049937025 -0.48837954009433793 -0.21488331375404326 2.6666666666663925 0.56160080716192018
decision_type=2 2 2 2 2 2
left_child=4 2 -2 -4 -1 -6
right_child=1 -3 3 -5 5 -7
leaf_value=-0.020044149959914128 0.020321414126377439 0.019397770081996068 -0.011040086791828354 0.0051237318444558224 -0.0046796008151909667 -0.015416083383845322
leaf_weight=12.01948745548725 7.7719287872314444 19.245642438530922 21.299949795007706 52.472820818424225 12.848428413271906 10.394740238785742
leaf_count=49 43 110 89 243 52 42
internal_value=0.000622631 0.00594128 0.00249616 0.000291376 -0.0141587 -0.0101665
internal_weight=136.053 100.79 81.5447 73.7728 35.2627 23.2432
internal_count=628 485 375 332 143 94
is_linear=0
shrinkage=0.02


Tree=39
num_leaves=7
num_cat=0
split_feature=37 36 36 36 11 17
split_gain=22.3818 13.0863 8.1781 9.5894 1.52378 3.09598
threshold=1.0000000180025095e-35 0.50778523553225696 -0.48837954009433793 -0.16852133235871536 0.00017908423518370184 1.4488435298059672e-05
decision_type=2 2 2 2 2 2
left_child=4 2 -2 -4 5 -1
right_child=1 -3 3 -5 -6 -7
leaf_value=-0.016566778755126972 0.019986899552182122 0.019893415374431206 -0.010746854373130435 0.0042928184240390247 -0.020925820416554056 -0.00061955521671430887
leaf_weight=10.771378889679914 7.4956054985523215 18.098436549305916 24.434760048985481 49.567119926214218 10.637084394693373 9.842338874936102
leaf_count=44 42 105 102 231 43 40
internal_value=0.000274705 0.00496507 0.00137619 -0.000670226 -0.0141778 -0.00961108
internal_weight=130.847 99.5959 81.4975 74.0019 31.2508 20.6137
internal_count=607 480 375 333 127 84
is_linear=0
shrinkage=0.02


Tree=40
num_leaves=10
num_cat=1
split_feature=36 3 70 36 23 18 25 16 23
split_gain=15.8431 26.2617 18.7282 8.3819 6.79352 3.29324 2.93684 0.376309 0.00765195
threshold=-0.16155547948209445 1.0000000180025095e-35 0 0.23931577166553603 0.45262717397803615 1.1367255524569557e-19 1.0000000180025095e-35 0.96430581230419543 0.24532230586349016
decision_type=2 2 1 2 2 2 2 2 2
left_child=1 -1 3 6 8 -4 -2 -5 -3
right_child=2 4 5 7 -6 -7 -8 -9 -10
leaf_value=0.019096626984413497 -0.0023007348161682688 -0.025158348651411568 -0.018076703961605413 0.022407616311905888 -0.0048786287615178725 -0.0016302200346323178 0.011261435805046604 0.011163079195818236 -0.015151516000536627
leaf_weight=10.412982970476149 12.720364078879358 13.495767071843149 12.154415369033815 22.431928709149364 18.879498541355133 9.4566363692283613 10.369370013475416 7.4109226912260047 12.140899375081061
leaf_count=55 58 55 53 125 79 43 47 40 50
internal_value=0 -0.00802496 0.00601743 0.011284 -0.0147811 -0.00799836 0.00375548 0.0202622 -0.0213913
internal_weight=129.473 54.9291 74.5436 52.9326 44.5162 21.6111 23.0897 29.8429 25.6367
internal_count=605 239 366 270 184 96 105 165 105
cat_boundaries=0 1
cat_threshold=2
is_linear=0
shrinkage=0.02


Tree=41
num_leaves=10
num_cat=0
split_feature=35 3 34 3 35 8 16 8 22
split_gain=16.296 22.957 8.44417 6.59201 8.31104 4.46942 3.71185 3.38807 3.33905
threshold=-0.00025152181662023584 1.0000000180025095e-35 0.99588581836637025 1.0000000180025095e-35 0.00059987817969796677 212.52500000000003 1.2484635099963946e-07 82.90000000000002 -0.0011717145429738186
decision_type=2 2 2 2 2 2 2 2 2
left_child=1 -1 8 -2 7 -4 -6 -5 -3
right_child=3 2 5 4 6 -7 -8 -9 -10
leaf_value=0.017493612354816442 -0.0051243977291453493 -0.010528788949709553 -0.011846485867986725 -0.0085279288924614213 0.0015887131549981663 0.0038773180147773233 0.018489440006316117 0.0066837968036951526 -0.0289647254612879
leaf_weight=10.500079229474066 15.576398745179175 9.4383642077446002 16.871372774243358 10.315551027655603 7.6268998533487311 10.741452768445013 26.777366444468498 11.018981561064718 13.739565983414648
leaf_count=55 67 40 69 46 40 46 146 51 56
internal_value=-0.000521359 -0.00805641 -0.0136901 0.00589342 0.00911418 -0.00559846 0.015063 -0.00045516 -0.0224515
internal_weight=132.606 61.2908 50.7908 71.3152 55.7388 27.6128 34.4043 21.3345 23.1779
internal_count=616 266 211 350 283 115 186 97 96
is_linear=0
shrinkage=0.02


Tree=42
num_leaves=7
num_cat=0
split_feature=37 36 8 14 15 35
split_gain=22.218 15.494 11.9369 3.68748 2.30447 0.13237
threshold=1.0000000180025095e-35 0.50778523553225696 85.925000000000026 0.99380720103290199 4.0872329184802369e-11 0.0017554039556588487
decision_type=2 2 2 2 2 2
left_child=4 2 -2 -4 -1 -3
right_child=1 5 3 -5 -6 -7
leaf_value=-0.022100712161095614 -0.014324138577062938 0.011246473931941092 0.0059358738952196176 -0.0073689817018337709 -0.0088487730058959754 0.02281134998962743
leaf_weight=14.207097455859186 17.728631809353828 6.7808951437473324 52.646587863564491 8.6155127435922605 14.721251159906386 11.546343863010405
leaf_count=58 77 40 247 40 60 70
internal_value=-0.000960212 0.00359057 -0.000258638 0.00388009 -0.0160785 0.0196462
internal_weight=126.246 97.318 78.9907 61.2621 28.9283 18.3272
internal_count=592 474 364 287 118 110
is_linear=0
shrinkage=0.02


Tree=43
num_leaves=9
num_cat=1
split_feature=36 70 7 36 15 23 60 1
split_gain=13.9461 11.5267 10.9152 7.24386 5.27335 4.85217 3.71013 3.5422
threshold=-0.1489912527387536 0 301.08750000000003 0.27816897304762622 0.0007499161654935595 0.62572082366496151 1.0000000180025095e-35 17.500000000000004
decision_type=2 1 2 2 2 2 2 2
left_child=2 3 4 7 5 -1 -3 -2
right_child=1 6 -4 -5 -6 -7 -8 -9
leaf_value=-0.020899860564763732 0.010863027853093996 0.00060996461554026389 0.0081264508875514025 0.019239639540121808 0.00032481736548372735 -0.0031072417612718439 -0.015295828010171326 -0.0037278984002524929
leaf_weight=22.317085072398186 12.385140478610994 9.8037236928939819 13.139661043882368 26.689650848507881 9.6699646115303022 10.009460151195524 11.235674738883972 11.676404744386671
leaf_count=92 57 44 64 152 41 43 49 54
internal_value=0.000368641 0.00618652 -0.00707497 0.0102166 -0.012049 -0.0158292 -0.00544844 0.00367682
internal_weight=126.927 71.7906 55.1362 50.7512 41.9965 32.3265 21.0394 24.0615
internal_count=596 356 240 263 176 135 93 111
cat_boundaries=0 1
cat_threshold=2
is_linear=0
shrinkage=0.02


Tree=44
num_leaves=8
num_cat=0
split_feature=62 36 10 35 16 11 2
split_gain=21.3635 13.3177 22.7979 10.8748 3.80726 2.65718 1.60312
threshold=1.0000000180025095e-35 0.20673012635435892 1.0000000180025095e-35 -0.000588621793450485 0.99210650156495062 0.00016332674458070196 612.50000000000011
decision_type=2 2 2 2 2 2 2
left_child=6 2 -2 -4 5 -3 -1
right_child=1 4 3 -5 -6 -7 -8
leaf_value=-0.0060361177170486571 0.018586690184931729 0.020116042900579365 -0.02261526983566995 -0.0010743439540236196 0.00067510417152200086 0.005148471595387955 -0.017385221156967331
leaf_weight=11.083115309476854 15.403806805610655 23.716478615999222 14.371221020817755 25.940373852849007 8.347431078553198 8.3961170315742475 19.92559190094471
leaf_count=45 78 134 58 114 43 43 82
internal_value=0.000292374 0.00500341 -0.00126377 -0.00926054 0.0136007 0.0166575 -0.0138316
internal_weight=127.184 96.1754 55.7154 40.3116 40.46 32.1126 31.0087
internal_count=597 470 250 172 220 177 127
is_linear=0
shrinkage=0.02


Tree=45
num_leaves=9
num_cat=0
split_feature=37 35 10 35 11 25 34 18
split_gain=19.3629 11.3352 18.3063 9.47291 4.519 4.51427 1.28248 1.17609
threshold=1.0000000180025095e-35 0.00059987817969796677 1.0000000180025095e-35 -0.00050376756419043647 0.00017141737124342786 0.00033200175517050692 0.93046551735335215 7.6569471788269696e-33
decision_type=2 2 2 2 2 2 2 2
left_child=5 2 6 -4 7 -1 -2 -3
right_child=1 4 3 -5 -6 -7 -8 -9
leaf_value=-0.019904842501826035 0.0072265607359447374 0.0087015797709283846 -0.019342130328318059 -0.00021697590416835358 0 -0.0038596197014845054 0.020785721345513292 0.021007764124977565
leaf_weight=17.398401245474819 8.1579824090003985 8.8313743472099322 15.853174924850462 28.639711901545525 7.89065097272396 14.031535089015959 10.228504434227942 17.341828882694244
leaf_count=72 40 50 64 128 40 57 54 100
internal_value=8.1745e-05 0.00456192 -0.000420075 -0.00743869 0.0136791 -0.0132665 0.0157622 0.0175492
internal_weight=128.373 96.9432 62.8794 44.4929 34.0639 31.4299 18.3865 26.1732
internal_count=605 476 286 192 190 129 94 150
is_linear=0
shrinkage=0.02


Tree=46
num_leaves=9
num_cat=0
split_feature=37 42 35 34 7 18 15 2
split_gain=19.7787 10.0291 9.29015 6.40476 4.14158 3.58613 2.02525 1.35584
threshold=1.0000000180025095e-35 2.6666666666666212 0.00027587740495776247 0.72647707326426614 239.83750000000001 6.0873955030242648e-11 1.0000000180025095e-35 627.50000000000011
decision_type=2 2 2 2 2 2 2 2
left_child=5 2 6 -3 -4 -1 -2 -5
right_child=1 3 4 7 -6 -7 -8 -9
leaf_value=-0.01886187017613318 0 -0.0021349192674426278 0.012639573936948631 0.020722737856332784 -0.0035433832010318927 -0.0046500001839205034 -0.011365125362918426 0.009338401967120314
leaf_weight=17.995052963495255 9.0786204636096972 8.3382284939289075 19.351951554417614 18.00752837955952 7.9158525913953772 14.875785902142523 20.907916277647018 12.178517222404478
leaf_count=74 41 40 105 92 40 61 91 64
internal_value=0.000172747 0.00482029 -0.000420858 0.012575 0.00777024 -0.0129346 -0.00807333 0.0167689
internal_weight=128.649 95.7786 57.2543 38.5243 27.2678 32.8708 29.9865 30.186
internal_count=608 473 277 196 145 135 132 156
is_linear=0
shrinkage=0.02


Tree=47
num_leaves=10
num_cat=0
split_feature=37 35 11 35 11 34 18 15 34
split_gain=18.0264 10.358 13.1601 8.16141 6.97043 4.44028 2.24509 1.72849 0.647222
threshold=1.0000000180025095e-35 0.00059987817969796677 0.00010082686027597955 -0.00015372790524708195 0.00018906668809399326 0.87774314545014087 7.6569471788269696e-33 0.0022589136305491311 1.167624205828302
decision_type=2 2 2 2 2 2 2 2 2
left_child=7 2 3 -2 6 -4 -3 8 -1
right_child=1 4 5 -5 -6 -7 -8 -9 -10
leaf_value=-0.02069943780053846 -0.018444631053750132 0.0069259818454227027 -0.0020813017236181891 0.00028795622102598161 -0.0033077593036605758 0.013981166929762732 0.020910788547139 -0.0049652445422443663 -0.0099081222901028169
leaf_weight=12.732758447527887 18.576526701450348 10.009523138403894 9.4335366785526293 16.494768053293228 8.5134840458631498 18.251538515090942 17.463414117693901 9.7483607679605466 10.241885200142859
leaf_count=53 77 57 43 76 42 91 102 40 42
internal_value=-0.00100212 0.00323099 -0.00160926 -0.00970423 0.0116494 0.00841705 0.0164485 -0.0136706 -0.016753
internal_weight=131.466 98.7428 62.7564 35.0713 35.9864 27.6851 27.4729 32.723 22.9746
internal_count=623 488 287 153 201 134 159 135 95
is_linear=0
shrinkage=0.02


Tree=48
num_leaves=9
num_cat=0
split_feature=62 36 10 35 1 16 35 8
split_gain=19.5509 13.4488 12.9176 16.8951 4.73841 3.98984 2.32159 1.83849
threshold=1.0000000180025095e-35 0.2120515516081985 1.0000000180025095e-35 -0.0011001398397474367 22.500000000000004 0.99210650156495062 -0.0013794442936988828 239.15000000000003
decision_type=2 2 2 2 2 2 2 2
left_child=4 2 6 -4 -1 7 -2 -3
right_child=1 5 3 -5 -6 -7 -8 -9
leaf_value=-0.0052092222520973407 0.020714909427793048 0.021742250735201796 -0.027167507161803162 0.00097296399108421727 -0.021927198657498988 0.001173742951742174 0.0045840387732230224 0.0081495713095848018
leaf_weight=18.522203117609028 8.735808342695238 20.326510116457943 10.443109050393103 31.879327476024628 12.096433684229849 7.8935911804437628 8.6465903222560865 9.0732972174882871
leaf_count=76 50 118 42 139 50 42 41 48
internal_value=0.00113796 0.00558402 -0.000246992 -0.00629905 -0.0124883 0.0148385 0.0137031 0.0181508
internal_weight=127.617 96.9982 59.7048 42.3224 30.6186 37.2934 17.3824 29.3998
internal_count=606 480 272 181 126 208 91 166
is_linear=0
shrinkage=0.02


Tree=49
num_leaves=8
num_cat=0
split_feature=34 36 12 9 3 15 18
split_gain=11.5691 6.37118 7.36055 4.85661 3.56359 2.88334 1.04039
threshold=0.66047857761812223 -0.1489912527387536 1.1500000000000001 112.43750000000001 1.0000000180025095e-35 9.6442019692985729e-09 9.5456347028660047e-23
decision_type=2 2 2 2 2 2 2
left_child=6 3 4 -2 -3 -5 -1
right_child=1 2 -4 5 -6 -7 -8
leaf_value=-0.018817107823123135 -0.015222254554279257 0 -0.0064750317457371942 -0.0043396564664804115 0.01369890395970357 0.0064460745304695741 -0.0069305873777279038
leaf_weight=10.450437173247339 9.2419570088386518 9.2707650363445264 11.651317790150641 22.133511021733284 33.509813711047173 16.287244215607643 9.2992471456527692
leaf_count=47 38 41 57 100 181 72 43
internal_value=-0.000450883 0.00224508 0.00689707 -0.00297686 0.0107407 0.000127937 -0.0141132
internal_weight=121.844 102.095 54.4319 47.6627 42.7806 38.4208 19.7497
internal_count=579 489 279 210 222 172 90
is_linear=0
shrinkage=0.02


Tree=50
num_leaves=10
num_cat=0
split_feature=62 42 16 15 7 9 42 16 17
split_gain=9.74799 10.6666 7.88186 4.82706 4.23253 5.94924 2.63224 1.11247 0.75
threshold=1.0000000180025095e-35 2.6666666666663006 0.97152948852443899 4.0188273431033682e-33 290.87500000000006 194.85625000000002 2.6666666666666119 6.8614714881451378e-07 2.1010635703826148e-05
decision_type=2 2 2 2 2 2 2 2 2
left_child=7 2 3 -2 5 -3 -6 -1 -9
right_child=1 4 -4 -5 6 -7 -8 8 -10
leaf_value=-0.0035456831009378961 0.010050090462884709 0.013979167142900744 -0.020391973035378201 -0.0065005085538360529 0.0039908556642329982 -0.0023504737252496855 0.019553337430216776 -0.0067174218152297937 -0.017173497612775687
leaf_weight=11.198169350624086 10.785946831107141 12.718522384762762 9.2660642713308317 16.521309807896614 8.3220874816179293 23.649566650390625 14.978752359747885 10.081310108304026 9.849301263689993
leaf_count=46 53 64 42 79 42 120 79 42 41
internal_value=-0.000244024 0.00286587 -0.00545049 0 0.00806799 0.00342098 0.0146349 -0.0098357 -0.0127449
internal_weight=127.371 96.2422 36.5733 27.3073 59.6689 36.3681 23.3008 31.1288 19.9306
internal_count=608 479 174 132 305 184 121 129 83
is_linear=0
shrinkage=0.02


Tree=51
num_leaves=7
num_cat=0
split_feature=37 22 34 7 22 25
split_gain=21.6251 6.42723 6.22553 3.50497 1.28424 0.627015
threshold=1.0000000180025095e-35 0.0024455910564777869 0.64044234940038891 95.425000000000011 -0.0013543892360106849 0.0010746079127237837
decision_type=2 2 2 2 2 2
left_child=4 2 -2 -4 -1 -3
right_child=1 5 3 -5 -6 -7
leaf_value=-0.0066054444297407467 -0.011385070745481195 0.0065521739670723082 -0.0039422884224248498 0.0064158507044180637 -0.017209709883043829 0.017325585775054039
leaf_weight=10.615253210067747 11.723949596285818 7.4574723392725017 15.978540182113646 50.604122519493103 22.87040576338768 12.174339190125464
leaf_count=44 55 39 75 257 95 61
internal_value=-0.000638643 0.00407279 0.00135281 0.00381977 -0.0143111 0.0140399
internal_weight=131.424 97.9384 78.3066 66.5827 33.4857 19.6318
internal_count=626 487 387 332 139 100
is_linear=0
shrinkage=0.02


Tree=52
num_leaves=7
num_cat=0
split_feature=37 34 35 8 25 8
split_gain=16.9822 7.63921 5.93724 7.79528 2.39098 1.67888
threshold=1.0000000180025095e-35 0.64044234940038891 0.0010426662437947158 246.42500000000004 -0.00027046873794794792 274.95000000000005
decision_type=2 2 2 2 2 2
left_child=4 -2 3 -3 -1 -4
right_child=1 2 5 -5 -6 -7
leaf_value=-0.0169738537320148 -0.0065173965417337255 0.00054826015496225501 0.021720605132879114 0.016731135531664772 -0.0046620396383636993 0.0070291875622073476
leaf_weight=14.012556299567224 15.203204914927481 45.75821715593338 13.833170697093012 15.54280351102352 15.770001947879789 7.4256772696971884
leaf_count=59 72 211 87 81 65 39
internal_value=0.00190765 0.00597616 0.00839909 0.00495041 -0.0110128 0.0174048
internal_weight=127.546 97.7631 82.5599 61.301 29.7826 21.2588
internal_count=614 490 418 292 124 126
is_linear=0
shrinkage=0.02


Tree=53
num_leaves=9
num_cat=0
split_feature=37 42 35 2 2 46 42 35
split_gain=18.0404 11.5428 11.958 3.75802 3.60843 3.37822 2.21667 0.855779
threshold=1.0000000180025095e-35 2.6666666666665333 -0.00022445511752025834 652.50000000000011 642.50000000000011 17.500000000000004 2.6666666666665684 -0.00047496613445598379
decision_type=2 2 2 2 2 2 2 2
left_child=5 2 -2 7 -4 -1 -7 -3
right_child=1 3 4 -5 -6 6 -8 -9
leaf_value=-0.0019406358947616385 -0.014582137418530816 0.0095356605987451104 0.0099788358311957964 0 -0.0045505724823671437 -0.024068335262350731 -0.0081283441247862083 0.019230402477703277
leaf_weight=9.7799890488386172 16.588151127099991 12.740815535187719 22.813880726695064 7.9889002591371527 8.2588086873292905 9.7917216420173663 9.6911218166351301 19.709595248103142
leaf_count=41 72 62 117 43 43 41 40 105
internal_value=0.000747316 0.00532002 -0.00125298 0.0130549 0.00590851 -0.0125421 -0.0172164 0.0160022
internal_weight=117.363 88.1002 47.6608 40.4393 31.0727 29.2628 19.4828 32.4504
internal_count=564 442 232 210 160 122 81 167
is_linear=0
shrinkage=0.02


Tree=54
num_leaves=7
num_cat=0
split_feature=37 36 9 9 34 25
split_gain=13.7965 8.22419 7.36556 7.57019 7.44886 5.92806
threshold=1.0000000180025095e-35 0.72257467254579633 234.55625000000001 194.85625000000002 0.93046551735335215 0.00030223348728215224
decision_type=2 2 2 2 2 2
left_child=5 2 3 -2 -4 -1
right_child=1 -3 4 -5 -6 -7
leaf_value=-0.018537144315570634 0.00106787239822301 0.019923664887923544 -0.0011138415782940337 -0.015856822649693677 0.017979721476559598 -0.00090271562422156778
leaf_weight=18.688868716359138 41.043667674064636 9.7996969074010831 14.419301405549051 12.949792355298994 16.055910304188728 13.839349463582037
leaf_count=79 191 65 70 62 84 57
internal_value=-0.000391386 0.00344661 0.00125407 -0.00309677 0.00900664 -0.0114641
internal_weight=126.797 94.2684 84.4687 53.9935 30.4752 32.5282
internal_count=608 472 407 253 154 136
is_linear=0
shrinkage=0.02


Tree=55
num_leaves=6
num_cat=0
split_feature=25 25 17 2 14
split_gain=6.35813 4.11708 3.93379 3.84002 3.45912
threshold=-0.002698104182168295 0.0030325122309208564 1.6270429809356859e-05 642.50000000000011 1.5456714909596248e-10
decision_type=2 2 2 2 2
left_child=-1 2 3 -2 -4
right_child=1 -3 4 -5 -6
leaf_value=0.013258570790155024 -0.0022839863046582977 0.011339021052352743 -0.0070053526951436651 -0.014555681620873812 0.0042402713674694701
leaf_weight=12.722067028284071 33.388053759932518 8.5348633825778943 13.601575553417204 15.105824291706083 40.949326172471046
leaf_count=63 160 43 65 72 200
internal_value=0.000372423 -0.00114825 -0.00233924 -0.0064447 0.00125268
internal_weight=124.302 111.58 103.045 48.4939 54.5509
internal_count=603 540 497 232 265
is_linear=0
shrinkage=0.02


Tree=56
num_leaves=9
num_cat=0
split_feature=35 10 10 35 14 8 18 18
split_gain=11.6429 25.124 20.9908 8.62464 6.58818 2.73229 1.01406 0.27732
threshold=0.00059987817969796677 1.0000000180025095e-35 1.0000000180025095e-35 -0.0007240417943112867 0.005091650624215357 137.95000000000002 1.3748973802305416e-30 7.6569471788269696e-33
decision_type=2 2 2 2 2 2 2 2
left_child=2 -2 6 5 -5 -4 -1 -3
right_child=1 7 3 4 -6 -7 -8 -9
leaf_value=0.007172012644896128 -0.013755959301496404 0.01098754741266349 -0.025955231693690642 -0.010077416910686776 0.0082483463032736008 -0.012026540363019667 0.020393296358825141 0.020125535475547816
leaf_weight=8.277801960706709 14.259698659181593 10.485219940543177 10.580797150731085 17.08512964844704 12.667179360985754 25.60260172188282 7.4050115197896949 19.339678108692169
leaf_count=42 62 61 44 76 57 106 41 117
internal_value=-0.000903398 0.00722263 -0.00539943 -0.0103986 -0.00206553 -0.0168494 0.0146226 0.0175683
internal_weight=125.703 44.0846 81.6185 65.9357 29.7523 36.1834 15.6828 29.8249
internal_count=606 240 366 283 133 150 83 178
is_linear=0
shrinkage=0.02


Tree=57
num_leaves=7
num_cat=0
split_feature=37 36 42 15 13 14
split_gain=19.1496 10.5582 5.58961 3.91247 3.45978 1.92635
threshold=1.0000000180025095e-35 0.46554926687803383 2.6666666666666119 4.0188273431033682e-33 -1.0000000180025095e-35 0.0018942478208576938
decision_type=2 2 2 2 2 2
left_child=5 2 3 -2 -4 -1
right_child=1 -3 4 -5 -6 -7
leaf_value=-0.0069273565928326579 0.005198898731312125 0.019013952432540195 -0.00079032097344445716 -0.0065660022982644631 0.01356042231977537 -0.018725357784814486
leaf_weight=16.258983522653583 16.560082823038101 17.574539691209793 8.8132845014333743 29.538704335689545 19.022352904081345 13.034989669919012
leaf_count=68 78 113 44 133 95 55
internal_value=0.000930502 0.00548819 0.00198216 -0.00219165 0.0089388 -0.01282
internal_weight=120.803 91.509 73.9344 46.0988 27.8356 29.294
internal_count=586 463 350 211 139 123
is_linear=0
shrinkage=0.02


Tree=58
num_leaves=8
num_cat=0
split_feature=36 3 11 16 47 40 13
split_gain=8.72834 21.834 9.20791 4.0852 3.63253 3.57368 2.12548
threshold=-0.17495039805022136 1.0000000180025095e-35 0.00028481980917208449 0.99210650156495062 1.0000000180025095e-35 8.2693124999996162 1.0000000180025095e-35
decision_type=2 2 2 2 2 2 2
left_child=1 -1 3 4 -2 6 -3
right_child=2 5 -4 -5 -6 -7 -8
leaf_value=0.019691331649285181 0.016350002164967629 -0.018542564403719687 -0.011316130062618633 -0.0027170472677286333 0.0048021402335652955 -0.00013410674079104113 -0.0069642213352738595
leaf_weight=9.646988168358801 20.560891672968864 23.152048155665398 11.406042277812956 11.399884209036825 28.746400877833366 9.2732015252113325 13.807210519909857
leaf_count=55 111 97 52 57 153 41 58
internal_value=-0.000212403 -0.00613026 0.00431232 0.00748172 0.00996609 -0.0119481 -0.0146726
internal_weight=127.993 55.8794 72.1132 60.7072 49.3073 46.2325 36.9593
internal_count=624 251 373 321 264 196 155
is_linear=0
shrinkage=0.02


Tree=59
num_leaves=9
num_cat=1
split_feature=37 35 11 17 14 11 78 11
split_gain=13.9675 7.59902 6.8162 5.90916 4.27682 2.38242 1.97158 1.73726
threshold=1.0000000180025095e-35 0.0010426662437947158 0.0001470292694524943 1.9204992940680617e-05 5.2439575524498063e-07 0.00018605007762643303 0 5.7438018274676478e-05
decision_type=2 2 2 2 2 2 1 2
left_child=4 2 3 -2 -1 7 -4 -3
right_child=1 5 6 -5 -6 -7 -8 -9
leaf_value=-0.0023720922892368915 -0.01242749591997973 0.0052278554467729155 0.015537913740495478 0.0010638490305020247 -0.018669067453387533 0.0016521777821046197 0.00266747380974392 0.020777115542291683
leaf_weight=11.747005283832552 20.89507494866848 6.4606843441724839 8.8416619747877121 29.814997106790543 17.659458741545677 7.8350280672311774 12.981199249625206 11.14591573178768
leaf_count=49 96 40 45 137 75 40 64 72
internal_value=-0.000761322 0.00283762 -0.000423009 -0.00451205 -0.0126484 0.0120249 0.00859723 0.0159815
internal_weight=127.381 97.9746 72.5329 50.7101 29.4065 25.4416 21.8229 17.6066
internal_count=618 494 342 233 124 152 109 112
cat_boundaries=0 1
cat_threshold=4
is_linear=0
shrinkage=0.02


Tree=60
num_leaves=7
num_cat=0
split_feature=37 36 25 25 18 14
split_gain=13.0472 13.073 9.39623 6.73737 3.3705 0.0185144
threshold=1.0000000180025095e-35 0.50778523553225696 -0.0022664699805515728 0.0025113257975313027 1.1816511900405896e-11 0.0018942478208576938
decision_type=2 2 2 2 2 2
left_child=4 2 -2 -4 -1 -3
right_child=1 5 3 -5 -6 -7
leaf_value=-0.018170490552228608 0.014923576380623922 0.011057218776252009 -0.0069050879445352919 0.011021249288457489 -0.0040300735889101822 0.021150618911453711
leaf_weight=18.534460559487346 10.656886234879492 8.6500507146120089 59.761607378721237 8.5885808765888196 13.332584038376806 8.3254172280430776
leaf_count=79 52 58 279 43 56 57
internal_value=-0.00183698 0.00181494 -0.0015989 -0.00443959 -0.0127396 0.0172424
internal_weight=127.85 95.9825 79.0071 68.3502 31.867 16.9755
internal_count=624 489 374 322 135 115
is_linear=0
shrinkage=0.02


Tree=61
num_leaves=7
num_cat=1
split_feature=37 36 17 11 18 72
split_gain=12.6071 10.2443 5.87541 12.544 2.51515 2.25981
threshold=1.0000000180025095e-35 0.50778523553225696 1.6270429809356859e-05 6.0547450486735651e-05 8.0524935397487833e-28 0
decision_type=2 2 2 2 2 9
left_child=5 2 3 -2 -4 -1
right_child=1 -3 4 -5 -6 -7
leaf_value=-0.0040647780104061696 -0.024520025104900513 0.018659056249699352 0 0.0022869114964685672 0.0099773048831840946 -0.015586208909952165
leaf_weight=15.597123131155968 8.8195034861564654 14.730511315166948 18.23569256067276 22.579120799899101 22.981024712324142 16.50717493891716
leaf_count=66 39 101 85 111 112 70
internal_value=1.49658e-05 0.00400853 0.000741968 -0.00558206 0.0057198 -0.0104619
internal_weight=119.45 87.3459 72.6153 31.3986 41.2167 32.1043
internal_count=584 448 347 150 197 136
cat_boundaries=0 1
cat_threshold=8
is_linear=0
shrinkage=0.02


Tree=62
num_leaves=9
num_cat=0
split_feature=37 42 16 41 16 16 34 9
split_gain=8.76108 4.94504 4.19933 4.13765 3.98884 3.92713 2.39016 0.0205556
threshold=1.0000000180025095e-35 2.6666666666666212 0.95712509017085157 22.265999999999625 4.9768120691537884e-16 5.1921685461949013e-07 0.94737833351786593 339.88125000000008
decision_type=2 2 2 2 2 2 2 2
left_child=5 2 4 6 -2 -1 -3 -5
right_child=1 3 -4 7 -6 -7 -8 -9
leaf_value=0.0002167111256861173 -0.0088329171367260376 -0.0039088283064372294 -0.0093426897642155081 0.021288995957840277 0.0061522424320144013 -0.013914967181019955 0.0093906268619918503 0.010390433686218866
leaf_weight=11.701838672161104 7.6536281108856192 8.9829394370317477 13.145918905735014 7.670039236545561 35.073934972286224 18.647800713777542 10.082824654877184 6.9136222004890442
leaf_count=49 37 45 61 43 179 80 55 39
internal_value=0.000616745 0.00381333 2.35238e-05 0.00975068 0.00319018 -0.00844175 0.00294298 0.0175057
internal_weight=119.873 89.5229 55.8735 33.6494 42.7276 30.3496 19.0658 14.5837
internal_count=588 459 277 182 216 129 100 82
is_linear=0
shrinkage=0.02


Tree=63
num_leaves=6
num_cat=1
split_feature=37 36 74 16 36
split_gain=9.55808 9.57724 6.11515 5.77477 2.4595
threshold=1.0000000180025095e-35 0.50778523553225696 0 0.94009536221481049 -0.60981748462033469
decision_type=2 2 9 2 2
left_child=4 2 -2 -4 -1
right_child=1 -3 3 -5 -6
leaf_value=-0.0034324945853184412 -0.0099258727369194374 0.018302441280974371 0.0074124730473788345 -0.0059258848782538474 -0.015646292897603033
leaf_weight=17.167757838964466 15.759613648056984 13.973581448197363 44.886883676052094 16.774146646261215 12.82542636990547
leaf_count=74 75 97 219 77 54
internal_value=0.000374464 0.00364208 0.000719886 0.00365152 -0.00918516
internal_weight=121.387 91.3942 77.4206 61.661 29.9932
internal_count=596 468 371 296 128
cat_boundaries=0 1
cat_threshold=1
is_linear=0
shrinkage=0.02


Tree=64
num_leaves=9
num_cat=0
split_feature=37 14 11 25 34 25 25 41
split_gain=9.80115 7.71117 8.81905 6.10584 3.77919 3.19725 2.66122 2.11888
threshold=1.0000000180025095e-35 0.0071852223323096067 8.5577553350947038e-05 0.00030223348728215224 1.0162740684562779 -3.3979192242209322e-05 -0.00022049257363555063 21.309500000000302
decision_type=2 2 2 2 2 2 2 2
left_child=3 2 5 -1 6 -2 -3 -4
right_child=1 4 7 -5 -6 -7 -8 -9
leaf_value=-0.016850744695195641 -0.016342988681751689 0.011761086034546144 0.012150411717874938 0.0011128803614480938 0.018518669567066232 -0.0018984407392225143 -0.00092263108242769958 0.00053639629457680703
leaf_weight=16.771669298410419 12.223152801394464 10.994197569787502 13.377269864082338 11.950781479477881 14.3601141795516 13.991998374462126 12.719850525259972 13.371149048209189
leaf_count=73 59 57 66 50 79 69 66 73
internal_value=0.000543501 0.00381025 -0.00104087 -0.00938863 0.0105659 -0.0092069 0.00495291 0.00678952
internal_weight=119.76 91.0377 52.9636 28.7225 38.0742 26.2152 23.714 26.7484
internal_count=592 469 267 123 202 128 123 139
is_linear=0
shrinkage=0.02


Tree=65
num_leaves=6
num_cat=0
split_feature=37 36 36 14 15
split_gain=11.094 9.46777 5.24911 4.71724 4.1014
threshold=1.0000000180025095e-35 0.50527805049937025 -0.48837954009433793 2.050704486943199e-09 2.2536259709048734e-07
decision_type=2 2 2 2 2
left_child=4 2 -2 -4 -1
right_child=1 -3 3 -5 -6
leaf_value=-0.015643045272503067 0.016614949667896874 0.018664110349271758 -0.0080194349359738633 0.0031994404070677315 -0.00025721859977496692
leaf_weight=16.197945311665539 7.4124272167682639 15.159729033708571 20.240438923239708 49.889524832367897 13.025637388229368
leaf_count=70 47 107 92 232 55
internal_value=0.00126275 0.00469424 0.00168385 -2.13457e-05 -0.00921915
internal_weight=121.926 92.7021 77.5424 70.13 29.2236
internal_count=603 478 371 324 125
is_linear=0
shrinkage=0.02


Tree=66
num_leaves=10
num_cat=1
split_feature=36 10 10 35 17 15 72 11 16
split_gain=9.16961 21.8242 12.6274 6.57411 6.2481 3.12592 2.66823 2.13174 0.726562
threshold=-0.17495039805022136 1.0000000180025095e-35 1.0000000180025095e-35 0.00056870644699403823 2.409078576429409e-05 2.2536259709048734e-07 0 6.3098717788029831e-05 0.95226463599757027
decision_type=2 2 2 2 2 2 9 2 2
left_child=1 -1 6 4 -4 7 -2 -3 -5
right_child=2 5 3 8 -6 -7 -8 -9 -10
leaf_value=0.018218806430757593 -0.0007471702597455286 -0.0079945091474146659 -0.0085812551504412422 0.019508576978369462 0.011234467315148589 -0.0051070262136288513 -0.015853517505772394 -0.022273307056644827 0.0082438561034765372
leaf_weight=10.539530873298643 10.794272184371948 10.187411561608316 10.612778380513193 18.735455513000492 12.826556727290152 16.931936323642731 8.8671603798866272 14.809391126036642 7.6047230139374724
leaf_count=62 49 43 47 121 60 71 40 62 46
internal_value=4.45803e-05 -0.00615146 0.00483223 0.0101936 0.00203286 -0.0126988 -0.00828798 -0.0172162 0.0168963
internal_weight=121.909 52.4683 69.4409 49.7795 23.4393 41.9287 19.6614 24.9968 26.3402
internal_count=601 238 363 274 107 176 89 105 167
cat_boundaries=0 1
cat_threshold=8
is_linear=0
shrinkage=0.02


Tree=67
num_leaves=9
num_cat=1
split_feature=37 35 7 79 7 35 36 2
split_gain=8.83302 6.04363 9.38742 4.35063 3.71123 1.93316 2.23963 1.2973
threshold=1.0000000180025095e-35 0.00059987817969796677 301.08750000000003 0 324.44375000000008 -0.0027093448189510817 -0.5745023377789914 627.50000000000011
decision_type=2 2 2 1 2 2 2 2
left_child=5 2 3 -2 7 -1 -7 -3
right_child=1 4 -4 -5 -6 6 -8 -9
leaf_value=-0.015681855615022788 -0.0011272330086042677 0.018741454163930662 0.014477647593746854 -0.0163056332984878 -0.0012191143005851068 0.0023245772202218373 -0.010325034722100484 0.0072709649132631851
leaf_weight=10.28360626101494 33.755494102835655 12.977738879621034 12.07400134205818 9.2136434465646726 7.3273551464080802 9.2059473395347613 10.428428426384924 11.561866968870161
leaf_count=45 153 82 67 40 39 40 44 71
internal_value=0.000369089 0.00364817 -0.000293286 -0.00481514 0.0104405 -0.00877232 -0.00427803 0.0140683
internal_weight=116.828 86.9101 55.0431 42.9691 31.867 29.918 19.6344 24.5396
internal_count=581 452 260 193 192 129 84 153
cat_boundaries=0 1
cat_threshold=2
is_linear=0
shrinkage=0.02


Tree=68
num_leaves=7
num_cat=0
split_feature=37 36 16 14 16 34
split_gain=8.51273 9.98022 6.22718 5.02774 4.02917 1.77952
threshold=1.0000000180025095e-35 0.57351917651068585 0.94906929683830954 0.99427044007079035 0.99839159942443667 1.2177782736113547
decision_type=2 2 2 2 2 2
left_child=5 2 3 -2 -4 -1
right_child=1 -3 4 -5 -6 -7
leaf_value=-0.012928365143137157 0.0065430627997728006 0.018904974038470974 -0.017522681646011857 -0.0079444810816448313 0 -0.0021420810689021315
leaf_weight=17.208872199058536 49.952136248350143 12.973772637546061 9.4977572858333605 10.575154438614843 11.271958753466604 12.189488455653189
leaf_count=75 246 96 44 52 51 52
internal_value=0.000293788 0.00327792 0.00051176 0.00382634 -0.00860407 -0.008871
internal_weight=123.669 94.2708 81.297 60.5273 20.7697 29.3984
internal_count=616 489 393 298 95 127
is_linear=0
shrinkage=0.02


Tree=69
num_leaves=8
num_cat=0
split_feature=62 36 42 18 8 1 35
split_gain=10.6007 7.19983 6.3734 3.96669 2.80437 2.51149 0.370944
threshold=1.0000000180025095e-35 0.50527805049937025 2.6666666666666119 2.9341276028615006e-20 321.92500000000001 17.500000000000004 0.0017554039556588487
decision_type=2 2 2 2 2 2 2
left_child=5 2 3 -2 -4 -1 -3
right_child=1 6 4 -5 -6 -7 -8
leaf_value=-0.003136832317415959 -0.0087589148497220562 0.0080471143260252027 0.0033141388214346867 0.0027613425202094649 0.016343757999309535 -0.015984451298162353 0.020415793471517056
leaf_weight=13.343228563666345 25.870511800050735 5.7686606198549253 23.677465915679932 19.797904789447784 9.6923895776271802 14.423305213451384 7.8044253960251808
leaf_count=57 117 40 115 95 55 63 59
internal_value=0.000224951 0.00353407 0.00105714 -0.003684 0.00763862 -0.0103428 0.0164836
internal_weight=120.378 92.6114 79.0383 45.6684 33.3699 27.7665 13.5731
internal_count=601 481 382 212 170 120 99
is_linear=0
shrinkage=0.02


Tree=70
num_leaves=9
num_cat=0
split_feature=36 10 10 23 13 7 18 2
split_gain=8.99172 23.9148 12.5935 3.89749 2.26505 1.55316 0.975714 0.779219
threshold=-0.13870253197607998 1.0000000180025095e-35 1.0000000180025095e-35 0.2233064608835274 1.0000000180025095e-35 167.21250000000003 1.0289234296244349e-23 627.50000000000011
decision_type=2 2 2 2 2 2 2 2
left_child=1 -1 -2 5 7 -4 -5 -3
right_child=2 4 3 6 -6 -7 -8 -9
leaf_value=0.019088855022705905 -0.0079600586995985847 -0.019958462200311104 -0.0022623984298513152 0.010454409365320889 -0.0054224001227255346 0.0095684839598161285 0.020605570090617035 -0.0091114567364125928
leaf_weight=11.939134880900381 16.360220283269882 13.41418392956257 8.3869109153747541 15.533938862383367 17.188504502177238 6.7517769113183013 14.554450064897535 10.25184293091297
leaf_count=70 74 56 41 89 73 40 88 44
internal_value=0.00133705 -0.00460719 0.00652063 0.0119475 -0.011966 0.00290828 0.0160626 -0.0160628
internal_weight=114.381 52.7937 61.5873 45.2271 40.8545 15.1387 30.0884 23.666
internal_count=575 243 332 258 173 81 177 100
is_linear=0
shrinkage=0.02


Tree=71
num_leaves=9
num_cat=0
split_feature=36 10 10 36 36 25 36 34
split_gain=7.90028 15.0666 14.893 4.68018 3.98587 3.86879 1.57115 0.418223
threshold=0.2120515516081985 1.0000000180025095e-35 1.0000000180025095e-35 -0.16155547948209445 -0.59255400426122595 -1.0000000180025095e-35 -0.32695801771860894 0.84136621178762672
decision_type=2 2 2 2 2 2 2 2
left_child=2 -2 6 4 -4 -5 -1 -3
right_child=1 7 3 5 -6 -7 -8 -9
leaf_value=0.02018270447598805 -0.0078687172425018388 0.0094757316454373818 -0.002433484739987704 -0.0060880320564016665 -0.015029990348733821 0.011248238309238177 0.0058603952909647913 0.019586085489809085
leaf_weight=8.5782053321599978 13.399247154593466 8.2993380203843135 19.104611441493034 10.024478718638422 25.232407167553902 8.4476707875728589 8.4576902836561185 19.146380238234997
leaf_count=53 59 51 84 46 104 40 41 127
internal_value=0.00175937 0.0088279 -0.0018468 -0.00642611 -0.00990795 0.00170255 0.014124 0.0171803
internal_weight=120.69 40.845 79.8451 62.8092 44.337 18.4721 17.0359 27.4457
internal_count=605 237 368 274 188 86 94 178
is_linear=0
shrinkage=0.02


Tree=72
num_leaves=7
num_cat=0
split_feature=35 42 16 35 41 25
split_gain=5.0366 3.87677 6.19974 7.51077 5.62547 2.96492
threshold=-0.0032057510438777436 2.6666666666663006 0.98766492367613679 -0.00038838477049003497 15.483000000000176 0.0020567577880353702
decision_type=2 2 2 2 2 2
left_child=-1 2 3 -2 -3 -6
right_child=1 4 -4 -5 5 -7
leaf_value=-0.012947886871247531 -0.01228588749802308 0.015793052512938457 -0.018001872625595956 0.0070980733495517477 -0.001827807508488813 0.0092636389849980669
leaf_weight=11.642128877341746 11.640310794115065 11.107295483350752 9.0566742122173292 20.760303750634193 42.029324784874916 11.332651421427725
leaf_count=58 50 57 41 112 215 59
internal_value=-0.00100163 0.000364053 -0.00428384 0 0.00346433 0.000544423
internal_weight=117.569 105.927 41.4573 32.4006 64.4693 53.362
internal_count=592 534 203 162 331 274
is_linear=0
shrinkage=0.02


Tree=73
num_leaves=8
num_cat=0
split_feature=62 35 7 11 25 42 34
split_gain=10.8782 6.62981 12.5055 4.88399 3.83456 2.39391 1.64018
threshold=1.0000000180025095e-35 0.00039517133113192233 303.73125000000005 0.00019241001020665248 0.0012937994660371678 2.6666666666666772 0.75379170319503619
decision_type=2 2 2 2 2 2 2
left_child=5 2 4 6 -2 -1 -3
right_child=1 3 -4 -5 -6 -7 -8
leaf_value=-0.013000422903943048 -0.0084200768086714027 0.004591523786480917 0.017246965915771659 -0.0013892108338567023 0.0055471375881506382 -0.00055462888660630209 0.018043071362991707
leaf_weight=19.803962334990505 32.282890558242798 6.9602694660425213 12.007130302488802 8.5029474645853025 8.9858653247356397 10.409028097987173 20.504363238811493
leaf_count=87 141 41 70 43 41 45 136
internal_value=0.00106301 0.004619 0 0.0111274 -0.00517762 -0.00905995 0.0151259
internal_weight=119.456 89.2435 53.2759 35.9676 41.2688 30.213 27.4646
internal_count=604 472 252 220 182 132 177
is_linear=0
shrinkage=0.02


Tree=74
num_leaves=8
num_cat=1
split_feature=37 23 16 15 25 17 86
split_gain=6.52092 4.90494 5.11564 4.10538 3.93047 3.16216 1.79398
threshold=1.0000000180025095e-35 0.55260360162622524 0.93299678432567934 9.6442019692985729e-09 -0.0017394063017995107 4.0711096819572749e-05 0
decision_type=2 2 2 2 2 2 9
left_child=3 4 6 -1 -2 -6 -3
right_child=1 2 -4 -5 5 -7 -8
leaf_value=-0.016653034761938374 0.0086097647845932174 0.014765781288762306 -0.0052923423898026904 -0.0010290447520223409 -0.01025251044909971 6.1529370145178397e-05 0.0031022901923284342
leaf_weight=14.221084326505663 9.281607009470461 18.249762214720249 9.1361639797687513 13.879331782460211 21.740018844604492 22.517708629369736 10.185021676123144
leaf_count=63 49 103 48 60 110 113 53
internal_value=-0.00117019 0.00139094 0.00687805 -0.00944278 -0.00240511 -0.00498689 0.0110392
internal_weight=119.211 91.1103 37.5709 28.1004 53.5393 44.2577 28.4348
internal_count=599 476 204 123 272 223 156
cat_boundaries=0 1
cat_threshold=4
is_linear=0
shrinkage=0.02


Tree=75
num_leaves=8
num_cat=0
split_feature=37 42 22 35 2 36 25
split_gain=8.45998 8.18904 4.36051 3.96237 4.15814 3.92778 3.73129
threshold=1.0000000180025095e-35 2.6666666666662975 0.0024455910564777869 -0.00022445511752025834 617.50000000000011 0.46554926687803383 -0.00025490128195835362
decision_type=2 2 2 2 2 2 2
left_child=6 3 5 -2 -5 -3 -1
right_child=1 2 -4 4 -6 -7 -8
leaf_value=-0.015107627288350774 -0.012212850620645097 0.0023307211284506303 0.018912955771040362 0.011155213241845577 -0.0047903680740202358 0.018039866278362786 -0.00015617808701424402
leaf_weight=13.319419443607332 11.04180236160755 34.034310802817345 13.831842839717863 9.9601445496082324 14.817920751869677 7.3699506372213355 14.105571314692495
leaf_count=60 46 173 79 51 80 55 61
internal_value=0.00157259 0.00454709 0.00933852 -0.00273156 0.00157068 0.00562792 -0.00790472
internal_weight=118.481 91.056 55.2361 35.8199 24.7781 41.4043 27.425
internal_count=605 484 307 177 131 228 121
is_linear=0
shrinkage=0.02


Tree=76
num_leaves=9
num_cat=0
split_feature=35 10 12 14 2 14 34 15
split_gain=9.67493 21.4916 9.27244 4.20084 4.00495 3.45199 3.35386 2.34058
threshold=-0.00047496613445598379 1.0000000180025095e-35 1.1500000000000001 0.0077385510952212092 622.50000000000011 0.99576502342316464 0.95400764107852998 9.6442019692985729e-09
decision_type=2 2 2 2 2 2 2 2
left_child=1 -1 3 4 -2 -5 -3 -8
right_child=2 6 -4 5 -6 -7 7 -9
leaf_value=0.015570975362000868 0.01012239984197074 -0.021046397816112443 -0.010292460144713167 0.01805504688424071 -0.0041873483069170695 0.00056008200923067129 -0.014380277013471257 -0.0012622424293590804
leaf_weight=11.277702063322065 12.74334239959717 18.061476960778236 13.956346377730368 17.22743067890406 16.641214266419411 7.0443113446235648 11.844687327742578 11.723332375288008
leaf_count=66 65 77 71 97 89 40 51 50
internal_value=-0.00136487 -0.00773124 0.00356947 0.00740717 0.00194986 0.013438 -0.0144019 -0.00841623
internal_weight=120.52 52.9072 67.6126 53.6563 29.3846 24.2717 41.6295 23.568
internal_count=606 244 362 291 154 137 178 101
is_linear=0
shrinkage=0.02


Tree=77
num_leaves=8
num_cat=0
split_feature=34 62 7 35 18 15 15
split_gain=8.07135 7.45426 8.38895 8.86003 3.00655 2.66595 2.55013
threshold=0.66047857761812223 1.0000000180025095e-35 95.425000000000011 0.00027587740495776247 2.0470022354632838e-11 5.6417195720327272e-23 5.874027103010488e-08
decision_type=2 2 2 2 2 2 2
left_child=6 5 3 -3 -4 -2 -1
right_child=1 2 4 -5 -6 -7 -8
leaf_value=-0.0033615821659356286 -0.014936667966958608 -0.01863334245222777 0.0049249160330290098 0.0087656334671788409 0.014589827676168439 -0.0013976752770937754 -0.019261469518524605
leaf_weight=9.7477889358997363 8.968128368258478 9.5093702524900454 36.435524664819241 7.4153287112712851 23.641506768763065 17.340017467737198 8.6210388094186765
leaf_count=48 40 40 194 42 133 75 41
internal_value=6.40226e-05 0.00231329 0.00548479 -0.00647481 0.00900309 -0.00661063 -0.0117428
internal_weight=121.679 103.31 77.0017 16.9247 60.077 26.3081 18.3688
internal_count=613 524 409 82 327 115 89
is_linear=0
shrinkage=0.02


Tree=78
num_leaves=7
num_cat=1
split_feature=37 36 16 74 42 36
split_gain=5.58727 6.56476 7.76793 4.06622 3.81892 2.86791
threshold=1.0000000180025095e-35 0.57351917651068585 0.94906929683830954 0 2.6666666666664924 -0.59255400426122595
decision_type=2 2 2 9 2 2
left_child=5 2 3 -2 -4 -1
right_child=1 -3 4 -5 -6 -7
leaf_value=-0.0014340218396018021 -0.0051238097000085737 0.016122205349190493 -0.017048339512848149 0.0070598026786246873 0 -0.014011112505235117
leaf_weight=17.305343180894855 13.170717403292656 10.938147291541098 11.660997226834299 43.347534239292145 9.7561394572257978 13.624902531504629
leaf_count=77 65 86 51 219 48 59
internal_value=-0.000197597 0.00230647 0.000111758 0.00407656 -0.00979854 -0.00742748
internal_weight=119.804 88.8735 77.9354 56.5183 21.4171 30.9302
internal_count=605 469 383 284 99 136
cat_boundaries=0 1
cat_threshold=1
is_linear=0
shrinkage=0.02


Tree=79
num_leaves=11
num_cat=0
split_feature=35 23 23 23 14 16 42 52 25 15
split_gain=7.7508 8.13182 5.65915 5.20079 5.42845 4.20774 2.68332 1.56724 1.39933 1.05452
threshold=-0.00018946796957748085 0.45262717397803615 0.11956833144428146 0.37541682589509107 2.365228345593956e-13 2.026052372313447e-07 2.6666666666664391 1.0000000180025095e-35 0.00050252400514732122 1.1565588594384129e-13
decision_type=2 2 2 2 2 2 2 2 2 2
left_child=1 5 -2 9 -5 -1 -3 -7 -8 -4
right_child=2 6 3 4 -6 7 8 -9 -10 -11
leaf_value=0.000448245632239505 -0.0080655449244391719 -0.0043768407232222754 0.023795976925856246 -0.0098005963071582346 0.0084161983820882393 -0.0064073635168518843 0.01334591287851015 -0.019196490561098348 0.0013397537828191784 0.0091725706787819921
leaf_weight=8.8383539617061597 8.2799637392163259 8.9786137491464633 8.0503395870327932 7.5878736674785605 24.888879649341106 9.2526910006999969 9.2768219411373156 14.615778461098671 8.6315770670771581 7.4441595226526251
leaf_count=40 46 39 45 37 144 42 49 65 45 41
internal_value=0.000830329 -0.00410385 0.00614289 0.00883245 0.00381517 -0.0107115 0.00381478 -0.014937 0.00825334 0.0181161
internal_weight=115.845 59.5938 56.2512 47.9713 32.4768 32.7068 26.887 23.8685 17.9084 15.4945
internal_count=593 280 313 267 181 147 133 107 94 86
is_linear=0
shrinkage=0.02


Tree=80
num_leaves=8
num_cat=1
split_feature=72 12 16 16 9 9 22
split_gain=4.57885 5.7082 5.2162 4.26055 1.8632 1.31537 1.04311
threshold=0 1.1500000000000001 0.96160306815294516 0.23212861582067909 233.83750000000003 219.73125000000002 -0.00089104771061109867
decision_type=9 2 2 2 2 2 2
left_child=3 2 4 -1 -2 -3 -4
right_child=1 5 6 -5 -6 -7 -8
leaf_value=-0.013869921175632259 0.0052711654484225382 -0.0010874707509702967 -0.0079966938746447377 0.0032134244792859958 0.013746171238728049 -0.012143095094843409 0.00082300761324692986
leaf_weight=13.521700248122217 35.544618025422096 10.906881272792818 9.2234856486320513 8.4395770058035833 18.567748837172985 8.3457184433937055 8.6804202347993833
leaf_count=65 184 56 44 42 103 42 44
internal_value=0.000738085 0.00276792 0.00539369 -0.00718956 0.00848474 -0.00653913 -0.00358587
internal_weight=113.23 91.2689 72.0163 21.9613 54.1124 19.2526 17.9039
internal_count=580 473 375 107 287 98 88
cat_boundaries=0 1
cat_threshold=1
is_linear=0
shrinkage=0.02


Tree=81
num_leaves=10
num_cat=0
split_feature=35 8 12 2 15 52 35 60 35
split_gain=10.249 9.24325 5.582 5.12828 2.26846 2.18671 2.00564 1.32862 1.20668
threshold=-0.00025152181662023584 184.90000000000001 1.1500000000000001 632.50000000000011 1.5002422380922204e-08 1.0000000180025095e-35 -0.0025222493614878946 1.0000000180025095e-35 -0.0012168642032294827
decision_type=2 2 2 2 2 2 2 2 2
left_child=1 8 3 7 -5 -3 -7 -2 -1
right_child=2 5 -4 4 -6 6 -8 -9 -10
leaf_value=-0.0194494341444231 0.019538402867111143 0.0077065512851655785 -0.0062253605995345566 0.0059372697869036718 -0.0071066907262996052 -0.010137209093808558 0.0023680789605639535 0.0085412413774998783 -0.0084221968526143956
leaf_weight=14.245467796921732 10.916805855929853 11.075224928557875 12.463539354503153 11.330761879682543 8.360152989625929 7.9920680746436146 10.015451498329638 16.950582697987556 12.540263339877127
leaf_count=64 62 55 64 63 47 40 48 93 53
internal_value=-0.000577752 -0.00672719 0.00506428 0.00821377 3.34131e-05 0.000930411 -0.00310767 0.0135847 -0.0149917
internal_weight=115.89 55.8685 60.0218 47.5583 19.6909 29.0827 18.0075 27.8674 26.7857
internal_count=589 260 329 265 110 143 88 155 117
is_linear=0
shrinkage=0.02


Tree=82
num_leaves=7
num_cat=2
split_feature=62 36 25 74 72 8
split_gain=7.81858 5.41594 3.52467 2.96666 4.3066 0.87224
threshold=1.0000000180025095e-35 0.46268968682346567 0.00041160789952436307 0 1 160.32500000000002
decision_type=2 2 2 9 9 2
left_child=2 3 -1 -2 -5 -3
right_child=1 5 -4 4 -6 -7
leaf_value=-0.014149864963762067 -0.0064809218369887393 0.0045098263814475495 0 0.012804733712118495 0 0.017300968265374517
leaf_weight=17.475184887647632 16.481056347489357 5.6723728328943244 11.154060155153273 12.451632253825665 44.181157246232033 9.6499212607741338
leaf_count=79 79 42 48 64 212 75
internal_value=6.30275e-05 0.00306228 -0.00878987 0.000641356 0.00289465 0.0134996
internal_weight=117.065 88.4361 28.6292 73.1138 56.6328 15.3223
internal_count=599 472 127 355 276 117
cat_boundaries=0 1 2
cat_threshold=1 4
is_linear=0
shrinkage=0.02


Tree=83
num_leaves=9
num_cat=1
split_feature=17 8 14 14 7 72 7 23
split_gain=8.95571 6.92457 6.38811 4.72492 4.16564 3.76097 3.19564 3.07646
threshold=1.6270429809356859e-05 73.90000000000002 0.0071852223323096067 0.99881911446459359 308.14375000000001 0 231.61875000000003 0.29244987129260086
decision_type=2 2 2 2 2 9 2 2
left_child=1 -1 4 5 6 -3 -2 -4
right_child=2 3 7 -5 -6 -7 -8 -9
leaf_value=-0.021148446056741873 0.0015364764436447329 0.0079969787841341639 0.0030587191236085176 -0.014630325044415485 0.012526488844123818 -0.0046412829324009698 -0.011946137807846242 0.019908339842580707
leaf_weight=8.0277723968029004 22.465809836983684 17.397481091320515 7.9810858443379429 8.0138168409466726 8.7816643416881544 17.880693085491657 8.7861188650131208 14.01632498949766
leaf_count=38 111 91 41 40 48 91 45 77
internal_value=0.000916427 -0.00514729 0.00603035 -0.00163419 0.00101571 0.00147454 -0.00232084 0.0144547
internal_weight=113.351 51.3198 62.031 43.292 40.0336 35.2782 31.2519 21.9974
internal_count=582 260 322 222 204 182 156 118
cat_boundaries=0 1
cat_threshold=8
is_linear=0
shrinkage=0.02


Tree=84
num_leaves=7
num_cat=0
split_feature=8 14 14 9 7 16
split_gain=6.47589 6.52274 5.6031 6.02899 5.17162 3.32104
threshold=94.52500000000002 0.0047029219018240283 0.99770544422574126 194.85625000000002 397.36875000000003 0.39271730223921936
decision_type=2 2 2 2 2 2
left_child=1 -1 3 5 -5 -2
right_child=2 -3 -4 4 -6 -7
leaf_value=-0.014639646862031893 0.019456360698099681 0.0040111298177375179 -0.0092583052614921522 -0.0012194624713093324 0.01302056142462279 0.0025803438887850756
leaf_weight=16.491262055933479 15.384599737823011 11.822810478508471 9.956401474773882 42.479991339147091 12.157357946038244 8.2418893352150899
leaf_count=76 82 62 54 223 64 40
internal_value=0.00131754 -0.00677599 0.00402922 0.00589078 0.00201832 0.0141568
internal_weight=116.534 28.3141 88.2202 78.2638 54.6373 23.6265
internal_count=601 138 463 409 287 122
is_linear=0
shrinkage=0.02


Tree=85
num_leaves=8
num_cat=0
split_feature=34 36 16 62 15 15 18
split_gain=8.83874 6.11747 6.15678 4.41841 2.91193 0.683791 0.538754
threshold=0.64044234940038891 0.37053989462172471 0.99070671394803755 1.0000000180025095e-35 9.6442019692985729e-09 1.5271706572958267e-09 1.0000000180025095e-35
decision_type=2 2 2 2 2 2 2
left_child=5 2 4 -3 -2 -1 -5
right_child=1 3 -4 6 -6 -7 -8
leaf_value=-0.0058473646916674948 -0.0011212572090467826 -0.0010438162609713141 -0.01159089156565795 0.0081351465698592789 0.0072085704580606624 -0.017000693958467254 0.019958337777591564
leaf_weight=7.8663593679666546 33.85701385140419 7.2568125873804119 13.671104744076727 6.7428244352340725 30.035285808146 8.2535307407379133 11.040130481123922
leaf_count=39 167 31 62 46 145 41 84
internal_value=0.00068571 0.0029271 3.29057e-05 0.0113162 0.00275281 -0.0125679 0.0164665
internal_weight=118.723 102.603 77.5634 25.0398 63.8923 16.1199 17.783
internal_count=615 535 374 161 312 80 130
is_linear=0
shrinkage=0.02


Tree=86
num_leaves=8
num_cat=2
split_feature=34 9 35 15 77 78 18
split_gain=7.73238 4.11167 5.1907 4.18132 3.0006 2.74827 2.31703
threshold=0.66047857761812223 109.5125 0.00039517133113192233 9.3590314435097041e-07 0 1 8.405275199578757e-15
decision_type=2 2 2 2 1 1 2
left_child=6 2 -2 4 -3 -5 -1
right_child=1 3 -4 5 -6 -7 -8
leaf_value=-0.017598950195182431 -0.011314559073906478 -0.0043211102962031518 0.0078558702384880896 0.0029995972539284261 0.005420365888620572 0.016432019831835013 -0.0023047438218264278
leaf_weight=10.022005356848242 15.492317095398905 21.98574260622263 7.3772773370146743 12.899154365062714 26.584972813725471 14.766647689044476 8.3091318830847722
leaf_count=48 67 116 45 65 142 76 42
internal_value=7.38203e-05 0.00235924 -0.00480915 0.00462173 0.000891589 0.0107016 -0.0114546
internal_weight=117.437 99.1061 22.8696 76.2365 48.5707 27.6658 18.3311
internal_count=601 511 112 399 258 141 90
cat_boundaries=0 1 2
cat_threshold=4 4
is_linear=0
shrinkage=0.02


Tree=87
num_leaves=8
num_cat=0
split_feature=22 35 3 40 22 22 25
split_gain=8.78337 7.65152 10.9884 10.5532 4.47836 3.82414 2.60909
threshold=0.0037353679877192903 -0.00023854468164801051 1.0000000180025095e-35 9.1336875000006348 -0.0018601864558678834 -0.0013543892360106849 0.0021278157430902637
decision_type=2 2 2 2 2 2 2
left_child=1 3 -3 5 -4 -1 -2
right_child=6 2 4 -5 -6 -7 -8
leaf_value=-0.004229018525744515 0.0029413782127551526 -0.016478926616093431 -0.0012699600254361212 0.0089735717797404368 0.01126340212066662 -0.017493196605538872 0.021275752970842197
leaf_weight=16.013737976551056 7.0934163033962232 9.1996371001005155 17.26576309651136 10.111934691667555 27.790133871138099 26.115050777792931 7.0440832152962685
leaf_count=71 41 42 98 56 161 114 39
internal_value=-0.000925877 -0.00297283 0.00218981 -0.00838769 0.00640696 -0.0128054 0.013275
internal_weight=120.634 106.496 54.2555 52.2407 45.0559 42.1288 14.1375
internal_count=622 542 301 241 259 185 80
is_linear=0
shrinkage=0.02


Tree=88
num_leaves=10
num_cat=0
split_feature=36 10 10 18 36 40 13 22 11
split_gain=5.59979 18.1689 7.96111 5.79992 4.69638 4.08727 4.45552 2.34022 1.642
threshold=-0.17495039805022136 1.0000000180025095e-35 1.0000000180025095e-35 1.9359674457726868e-27 0.24295103103052207 6.4653750000002228 1.0000000180025095e-35 0.00047883842061103324 5.8437698083874448e-05
decision_type=2 2 2 2 2 2 2 2 2
left_child=1 -1 7 4 -4 6 -3 -2 -5
right_child=2 5 3 8 -6 -7 -8 -9 -10
leaf_value=0.016226831805211634 -0.014249690135892029 -0.012468078195803922 -0.0095109419082921431 0.0063812605461980509 0.00872471773601745 -0.018695244746596361 0.00447594225745028 0 0.018161437767202204
leaf_weight=10.450473539531229 10.027848005294802 13.98111727833748 11.017384707927706 12.754888638854029 9.5573113411664945 19.564395889639854 9.2410719841718656 8.4885307848453504 13.238053284585474
leaf_count=64 46 60 51 72 65 84 40 40 86
internal_value=-0.00136527 -0.00615075 0.00249218 0.00694106 -0.000750281 -0.0119992 -0.00557123 -0.00817145 0.0130537
internal_weight=118.321 53.2371 65.084 46.5676 20.5747 42.7866 23.2222 18.5164 25.9929
internal_count=608 248 360 274 116 184 100 86 158
is_linear=0
shrinkage=0.02


Tree=89
num_leaves=7
num_cat=0
split_feature=34 36 8 11 1 13
split_gain=6.7405 5.60991 5.85125 4.65338 2.97091 0.421954
threshold=0.50486859703068065 0.37053989462172471 351.90000000000003 0.00016010707849449516 7.5000000000000009 1.0000000180025095e-35
decision_type=2 2 2 2 2 2
left_child=-1 2 4 5 -2 -3
right_child=1 3 -4 -5 -6 -7
leaf_value=-0.015951016952284139 0.0022816973090295217 0.018138693998159428 0.01200513237451567 -0.0013615630742561551 -0.0065672206160486118 0.007112501673639025
leaf_weight=10.034481793642042 19.226407453417778 9.6382889822125488 9.100078344345091 11.085943944752215 53.610068887472153 6.5643153861165038
leaf_count=51 91 69 51 60 251 48
internal_value=-0.00103887 0.000408954 -0.00216109 0.00814146 -0.00415087 0.0146935
internal_weight=119.26 109.225 81.9366 27.2885 72.8365 16.2026
internal_count=621 570 393 177 342 117
is_linear=0
shrinkage=0.02


Tree=90
num_leaves=10
num_cat=1
split_feature=35 70 35 7 14 2 16 52 2
split_gain=7.51499 6.24198 7.40835 4.85137 4.90283 3.52059 2.60492 2.31036 1.23012
threshold=-0.00023854468164801051 0 0.00059050786986254169 301.08750000000003 0.97003414238226437 617.50000000000011 3.3477235073354941e-07 1.0000000180025095e-35 617.50000000000011
decision_type=2 1 2 2 2 2 2 2 2
left_child=3 2 5 4 7 -2 -4 -1 -3
right_child=1 8 6 -5 -6 -7 -8 -9 -10
leaf_value=-0.0045178275813876111 0.0075496068893814838 -0.0010654376508573316 0.0018723052584502162 0.0035584291718808486 0.0029166592963436638 -0.0086435103777064634 0.019072385498795461 -0.016593396516264888 -0.012077069444691136
leaf_weight=12.035383522510527 9.3768925219774264 9.0649562478065508 5.5549309775233295 13.685585252940653 8.9038508683443052 10.009644806385039 18.676944725215435 23.155834451317787 9.5950993150472623
leaf_count=53 44 41 38 74 40 47 131 102 45
internal_value=-0.00116074 0.00357242 0.00689765 -0.0063384 -0.00955388 -0.000530768 0.0155977 -0.0128683 -0.00487799
internal_weight=120.059 62.2785 43.6184 57.7807 44.0951 19.3865 24.2319 35.1912 18.6601
internal_count=615 346 260 269 195 91 169 155 86
cat_boundaries=0 1
cat_threshold=2
is_linear=0
shrinkage=0.02


Tree=91
num_leaves=6
num_cat=0
split_feature=37 22 36 25 25
split_gain=12.2843 7.44654 5.9928 5.15429 1.78074
threshold=1.0000000180025095e-35 0.0032856841154374999 0.50778523553225696 -0.002698104182168295 0.00030223348728215224
decision_type=2 2 2 2 2
left_child=4 2 3 -2 -1
right_child=1 -3 -4 -5 -6
leaf_value=-0.015504173440542739 0.014048095573888706 0.018204642803275963 0.015476665275604255 -0.0024560196886449842 -0.0040407281660321667
leaf_weight=14.430906921625139 7.6504405140876761 12.480936348438261 10.160676099359987 58.671264939010143 12.508912965655325
leaf_count=67 40 75 83 285 54
internal_value=0.000797967 0.00443641 0.00190622 -0.000282696 -0.0107313
internal_weight=115.903 88.9633 76.4824 66.3217 26.9398
internal_count=604 483 408 325 121
is_linear=0
shrinkage=0.02


Tree=92
num_leaves=6
num_cat=1
split_feature=22 16 14 72 42
split_gain=7.42262 6.65801 5.05503 4.95632 4.61272
threshold=0.0041638008591550662 0.94906929683830954 0.99946694193566366 0 2.6666666666664636
decision_type=2 2 2 9 2
left_child=1 2 3 -1 -3
right_child=-2 4 -4 -5 -6
leaf_value=0.008195683339261654 0.0134351384875145 -0.018282153890719969 -0.011389308860986396 -0.0023368847370497212 -0.00083969964574554272
leaf_weight=35.903220996260643 13.664883650839327 13.149167142808439 10.054218649864195 32.720081850886345 12.120647013187407
leaf_count=189 75 61 49 171 63
internal_value=5.96679e-05 -0.00175276 0.00107618 0.00312607 -0.0104947
internal_weight=117.612 103.947 78.6775 68.6233 25.2698
internal_count=608 533 409 360 124
cat_boundaries=0 1
cat_threshold=8
is_linear=0
shrinkage=0.02


Tree=93
num_leaves=10
num_cat=0
split_feature=37 34 7 18 7 12 17 25 14
split_gain=9.00541 5.27445 4.81062 3.09411 2.73134 2.49697 1.65824 0.799041 0.37287
threshold=1.0000000180025095e-35 0.9941066698910449 119.07500000000002 5.0186146339618263e-09 146.10625000000002 1.1500000000000001 2.9815908952359124e-13 1.0000000180025095e-35 5.4594165534530337e-05
decision_type=2 2 2 2 2 2 2 2 2
left_child=6 3 -3 4 -2 -4 -1 -5 -8
right_child=1 2 5 7 -6 -7 8 -9 -10
leaf_value=-0.0010012755152658387 0.0028243973790312016 -0.0016802428306077497 0.017060800751207996 0.0010466181470451118 -0.0085068981465410247 0.0030936982323404656 -0.006648969559124974 0.010684607144255715 -0.015392556847289865
leaf_weight=9.059477701783182 12.054426543414591 11.259211026132105 19.585758909583092 9.0680681541562098 21.422016270458698 9.0338667780160922 9.4674588888883608 7.2300770804285994 10.967603951692579
leaf_count=41 60 56 118 49 111 51 42 41 50
internal_value=0.000302729 0.00351067 0.00884695 -0.000736557 -0.00428904 0.0131079 -0.00904694 0.00603952 -0.0121208
internal_weight=119.148 89.6534 39.8788 49.7746 33.4764 28.6196 29.4945 16.2981 20.4351
internal_count=619 486 225 261 171 169 133 90 92
is_linear=0
shrinkage=0.02


Tree=94
num_leaves=7
num_cat=0
split_feature=62 35 25 36 36 18
split_gain=9.37488 6.41975 5.41936 3.5356 2.54759 2.52943
threshold=1.0000000180025095e-35 0.0016084544561749993 -0.002698104182168295 -0.16852133235871536 0.47544234129983587 2.3762685957655591e-14
decision_type=2 2 2 2 2 2
left_child=5 2 -2 -4 -3 -1
right_child=1 4 3 -5 -6 -7
leaf_value=-0.015950423308060693 0.014495739000722371 0.0019218048823799029 -0.0072728662556161405 0.0016220372075144646 0.020264396507409903 -0.0034587555676219768
leaf_weight=15.529181122779848 8.0422926247119886 5.8435439318418494 28.63547945022583 42.498901374638081 8.8051181584596616 14.268869295716284
leaf_count=71 44 32 135 223 77 64
internal_value=-0.000854697 0.002214 -2.37392e-05 -0.00192665 0.0139211 -0.0104701
internal_weight=123.623 93.8253 79.1767 71.1344 14.6487 29.7981
internal_count=646 511 402 358 109 135
is_linear=0
shrinkage=0.02


Tree=95
num_leaves=9
num_cat=0
split_feature=36 10 10 36 15 17 11 17
split_gain=4.95457 16.6115 12.1922 3.29039 5.84239 2.93423 1.03323 0.307818
threshold=0.2120515516081985 1.0000000180025095e-35 1.0000000180025095e-35 -0.16155547948209445 9.6442019692985729e-09 1.6270429809356859e-05 4.6775685378718764e-05 0.00015311831232539322
decision_type=2 2 2 2 2 2 2 2
left_child=2 -2 7 4 -4 -5 -3 -1
right_child=1 6 3 5 -6 -7 -8 -9
leaf_value=0.0056865422448370588 -0.012570419992547075 0.0056512143216918874 -0.017848385764505936 -0.0094048309423773041 -0.0020495140159096444 0.0053242714555885411 0.017184450259930897 0.015277040089242449
leaf_weight=7.1934542208909971 13.474408239126204 7.5724660009145763 23.423321440815926 8.8018984049558657 17.171354427933693 10.76851114630699 16.83337727189064 7.1663803681731224
leaf_count=42 61 49 102 40 75 53 124 41
internal_value=-0.0012908 0.00444833 -0.00430765 -0.0083166 -0.0115197 -0.0011437 0.0142055 0.0115464
internal_weight=112.405 37.8803 74.5249 60.1651 40.5947 19.5704 24.4058 14.3598
internal_count=587 234 353 270 177 93 173 83
is_linear=0
shrinkage=0.02


Tree=96
num_leaves=7
num_cat=0
split_feature=22 36 37 7 9 14
split_gain=5.51226 3.56416 10.4012 3.13494 6.13992 2.46827
threshold=0.0031512730453226996 0.50778523553225696 1.0000000180025095e-35 83.300000000000026 194.85625000000002 3.8604103824750926e-05
decision_type=2 2 2 2 2 2
left_child=1 3 -3 -1 -5 -2
right_child=5 2 -4 4 -6 -7
leaf_value=-0.012428565961667738 0 -0.014127615069548898 0.017175818930945323 0.0056176154267502344 -0.0068192524421103453 0.015255358104840853
leaf_weight=15.386542990803717 7.1314640417695072 5.7102596014738092 10.294041991233826 23.217850059270859 43.862513422966003 9.8495246618986112
leaf_count=69 40 25 88 112 220 54
internal_value=-0.000876586 -0.00275818 0.00548005 -0.00447535 -0.00240719 0.00924747
internal_weight=115.452 98.4712 16.0043 82.4669 67.0804 16.981
internal_count=608 514 113 401 332 94
is_linear=0
shrinkage=0.02


Tree=97
num_leaves=9
num_cat=0
split_feature=17 35 8 41 35 8 36 35
split_gain=7.80888 6.08382 5.72705 5.49229 4.71666 3.05078 1.38966 2.3534
threshold=1.6270429809356859e-05 -0.0010490039299402342 76.575000000000017 15.588499999999842 0.0015752031297744822 251.62500000000003 0.5654146528949201 0.00059987817969796677
decision_type=2 2 2 2 2 2 2 2
left_child=2 5 -1 -4 -5 -2 7 -3
right_child=1 6 3 4 -6 -7 -8 -9
leaf_value=-0.017976727933062923 -0.0077098204153165139 0.0074779523031422157 0.0094867366322554901 -0.010395838943406382 0.0062526299153419273 0.0070512036029301076 0.0016213857094998314 0.020040898402329352
leaf_weight=9.1680609807372075 14.373460963368418 21.975842073559761 12.476346403360365 22.682538516819481 8.2992174178361875 7.5549891814589492 7.7192963585257521 10.783069297671316
leaf_count=44 65 102 64 114 51 40 58 65
internal_value=0.0011453 0.00592823 -0.00441943 -0.00108436 -0.00569247 -0.00227681 0.0104656 0.0122621
internal_weight=115.033 62.4067 52.6262 43.4581 30.9818 21.9285 40.4782 32.7589
internal_count=603 330 273 229 165 105 225 167
is_linear=0
shrinkage=0.02


Tree=98
num_leaves=7
num_cat=0
split_feature=37 36 25 16 23 16
split_gain=10.7515 7.70135 3.82787 3.8148 2.59391 2.4347
threshold=1.0000000180025095e-35 0.50527805049937025 0.0012937994660371678 0.93299678432567934 0.6050481264205726 6.8614714881451378e-07
decision_type=2 2 2 2 2 2
left_child=5 2 3 -2 -4 -1
right_child=1 -3 4 -5 -6 -7
leaf_value=-0.0020166240727041746 0.0024929327366600591 0.019073749095278543 0.00058576620477565221 -0.008331784243442962 0.01655369636010575 -0.014864567300700095
leaf_weight=11.29339884221554 39.810911610722542 10.855505645275114 8.4378959313035029 17.942966274917126 8.8867956623435003 16.348963961005211
leaf_count=50 200 95 42 83 49 76
internal_value=0.000493596 0.00404019 0.00156551 -0.000852537 0.0095604 -0.0100786
internal_weight=113.576 85.9341 75.0786 57.7539 17.3247 27.6424
internal_count=595 469 374 283 91 126
is_linear=0
shrinkage=0.02


Tree=99
num_leaves=7
num_cat=0
split_feature=37 35 34 8 35 25
split_gain=6.51794 10.5224 7.03285 6.5924 3.57659 2.35869
threshold=1.0000000180025095e-35 0.0016084544561749993 1.0191492471025156 94.52500000000002 -0.00022445511752025834 0.00030223348728215224
decision_type=2 2 2 2 2 2
left_child=5 2 4 -4 -2 -1
right_child=1 -3 3 -5 -6 -7
leaf_value=-0.01322922494562657 -0.010627045267465628 0.019127877804144169 -0.0063559797685768214 0.012912099329655861 0.00037762901861068145 -0.0012333880422530231
leaf_weight=15.160540834069254 22.388162262737751 12.418660990893839 9.0873971059918421 21.964504055678844 21.707724250853062 13.449218556284903
leaf_count=72 104 99 45 121 115 59
internal_value=4.6855e-05 0.00281261 -2.05823e-05 0.00706369 -0.00518832 -0.00802482
internal_weight=116.176 87.5664 75.1478 31.0519 44.0959 28.6098
internal_count=615 484 385 166 219 131
is_linear=0
shrinkage=0.02


Tree=100
num_leaves=8
num_cat=1
split_feature=37 16 11 12 86 18 23
split_gain=5.97008 6.29474 4.43979 3.38004 3.40274 2.99824 1.20056
threshold=1.0000000180025095e-35 0.99210650156495062 8.59688267937928e-05 1.1500000000000001 0 2.3762685957655591e-14 0.54086079692773403
decision_type=2 2 2 2 9 2 2
left_child=5 3 -3 4 -2 -1 -5
right_child=1 2 -4 6 -6 -7 -8
leaf_value=-0.014044964949729937 0.012261267616806086 -0.016729485836959691 0.0018496324976882128 -0.0075663667494554679 0.0016965687480716112 -0.00054655642971649168 0.0027299241481173126
leaf_weight=13.967865139245989 29.990229040384293 8.9409550353884715 9.2464423030614835 7.904135234653948 23.137182645499706 13.636028781533239 7.3420847579836845
leaf_count=65 180 43 49 42 125 62 40
internal_value=4.12775e-05 0.00268357 -0.00736707 0.00551119 0.0078875 -0.00783888 -0.00237586
internal_weight=114.165 86.561 18.1874 68.3736 53.1274 27.6039 15.2462
internal_count=606 479 92 387 305 127 82
cat_boundaries=0 1
cat_threshold=4
is_linear=0
shrinkage=0.02


Tree=101
num_leaves=8
num_cat=0
split_feature=34 35 10 10 7 34 23
split_gain=8.77526 4.98088 18.472 9.91799 5.57298 5.07366 1.23292
threshold=0.66047857761812223 -0.00018946796957748085 1.0000000180025095e-35 1.0000000180025095e-35 95.425000000000011 1.0040114965600904 0.19617878624571947
decision_type=2 2 2 2 2 2 2
left_child=6 2 -2 -3 -5 -4 -1
right_child=1 3 5 4 -6 -7 -8
leaf_value=-0.006177878224129363 0.019366204593458284 -0.0077454259306234639 -0.018634235656029965 0 0.017182482929897044 -0.0033675623309293808 -0.019640286543081469
leaf_weight=8.1080299764871615 10.231080099940298 13.92600843310356 14.611369863152502 11.115643471479414 22.522736690938473 23.786354154348373 8.4334932714700681
leaf_count=42 65 64 64 61 159 105 41
internal_value=-0.00107153 0.0012313 -0.00316091 0.00581797 0.0116678 -0.00965476 -0.0141119
internal_weight=112.735 96.1932 48.6288 47.5644 33.6384 38.3977 16.5415
internal_count=601 518 234 284 220 169 83
is_linear=0
shrinkage=0.02


Tree=102
num_leaves=7
num_cat=1
split_feature=34 74 35 14 35 18
split_gain=5.17774 3.67825 5.02733 5.08504 1.97958 1.54438
threshold=0.64044234940038891 0 0.0010162044419416187 0.012373320003521494 -0.0007240417943112867 7.0109335567925609e-13
decision_type=2 9 2 2 2 2
left_child=-1 4 3 -3 -2 -4
right_child=1 2 5 -5 -6 -7
leaf_value=-0.0098412574041298675 0.0024931004316688845 -0.0030003582329455646 0.0064066090638554242 0.0086609297798539049 -0.0091727214650854233 0.021303532754714458
leaf_weight=15.714354582130907 7.8607907220721271 37.045151568949223 8.8757196217775327 23.332908347249031 13.956498101353644 6.732295759022235
leaf_count=79 40 182 62 116 72 52
internal_value=0.000392956 0.00218101 0.00429417 0.00147604 -0.0047815 0.0140893
internal_weight=113.518 97.8034 75.9861 60.3781 21.8173 15.608
internal_count=603 524 412 298 112 114
cat_boundaries=0 1
cat_threshold=1
is_linear=0
shrinkage=0.02


Tree=103
num_leaves=8
num_cat=0
split_feature=34 37 36 25 25 15 47
split_gain=5.29051 4.09651 5.21036 6.25378 3.59348 2.43951 0.750247
threshold=0.66047857761812223 1.0000000180025095e-35 0.33684092185500553 -0.002698104182168295 -0.00025490128195835362 5.874027103010488e-08 1.0000000180025095e-35
decision_type=2 2 2 2 2 2 2
left_child=5 4 3 -3 -2 -1 -4
right_child=1 2 6 -5 -6 -7 -8
leaf_value=-0.0021336225832037261 -0.013782130940494504 0.016242631860257102 0.018323741960037825 -0.002034717491500449 0.00081249021501287894 -0.017087195762837477 0.0070630385725947336
leaf_weight=10.308058835566046 10.529885724186899 7.7873022109270087 7.5775594934821138 48.630279093980789 14.330627202987669 8.8844540119171125 9.8375659957528114
leaf_count=54 50 43 60 238 64 43 76
internal_value=-0.000487953 0.0013543 0.00376125 0.00062255 -0.00543108 -0.00985636 0.0130175
internal_weight=117.886 98.6932 73.8327 56.4176 24.8605 19.1925 17.4151
internal_count=628 531 417 281 114 97 136
is_linear=0
shrinkage=0.02


Tree=104
num_leaves=7
num_cat=0
split_feature=62 36 18 14 7 23
split_gain=4.71294 4.85375 4.16189 2.57027 4.43942 0.0552173
threshold=1.0000000180025095e-35 0.57351917651068585 6.0873955030242648e-11 0.99427044007079035 92.55625000000002 0.4947356085748999
decision_type=2 2 2 2 2 2
left_child=2 3 -1 4 -2 -3
right_child=1 5 -4 -5 -6 -7
leaf_value=-0.01423044177871294 -0.0080560194651550631 0.0068648618295054052 0.00074617829866898495 -0.0086547069553032981 0.0045947874278930868 0.018196402174138919
leaf_weight=14.622788473963739 12.989179834723471 4.5000194534659368 12.593673825263975 9.9720379561185819 50.01721528917551 5.2943911254405975
leaf_count=69 60 41 57 50 262 51
internal_value=-0.000190355 0.00213731 -0.00730694 0.000199469 0.00180788 0.0146643
internal_weight=109.989 82.7728 27.2165 72.9784 63.0064 9.79441
internal_count=590 464 126 372 322 92
is_linear=0
shrinkage=0.02


Tree=105
num_leaves=8
num_cat=0
split_feature=22 37 36 25 25 14 35
split_gain=4.66687 4.16136 5.65031 6.80243 3.6833 2.55782 0.403046
threshold=0.0037353679877192903 1.0000000180025095e-35 0.50527805049937025 -0.002698104182168295 0.0019993928848893294 1.2822448377114248e-06 0.0019873628264584745
decision_type=2 2 2 2 2 2 2
left_child=1 5 3 -3 -2 -1 -4
right_child=4 2 6 -5 -6 -7 -8
leaf_value=0 0 0.014132037113379261 0.0057004979651705838 -0.0042425179713769592 0.018972269312179667 -0.013554200770312923 0.018145917617928966
leaf_weight=9.382303252816202 7.6225134804844838 8.2400476559996587 5.1220017224550229 58.937668636441231 7.2971135303378105 15.543477907776831 5.1649242490530014
leaf_count=43 42 46 42 285 44 74 50
internal_value=-0.000273516 -0.0018722 0.000370367 -0.00172646 0.00974948 -0.00881858 0.0135348
internal_weight=117.31 102.39 77.4646 67.1777 14.9196 24.9258 10.2869
internal_count=626 540 423 331 86 117 92
is_linear=0
shrinkage=0.02


Tree=106
num_leaves=7
num_cat=0
split_feature=22 42 37 8 16 42
split_gain=4.03355 3.7481 6.27929 4.28339 5.00586 3.2163
threshold=0.0049176828982539283 2.6666666666666088 1.0000000180025095e-35 42.225000000000009 0.96160306815294516 2.6666666666668499
decision_type=2 2 2 2 2 2
left_child=1 3 -3 -1 -5 -4
right_child=-2 2 5 4 -6 -7
leaf_value=0.0090988956111430416 0.012220819006817825 -0.0071028539705346163 0.015176373330697305 -0.0019408984498260349 -0.015571031303411451 0.0012885687018523299
leaf_weight=8.1792416423559171 9.8255603685975057 12.531836673617361 15.471164956688883 45.427373237907887 13.89485366642475 13.271722570061682
leaf_count=42 56 57 95 241 66 79
internal_value=0.000552058 -0.000549027 0.00407449 -0.00348194 -0.00543811 0.00922448
internal_weight=118.602 108.776 41.2747 67.5015 59.3222 28.7429
internal_count=636 580 231 349 307 174
is_linear=0
shrinkage=0.02


Tree=107
num_leaves=10
num_cat=1
split_feature=17 7 15 36 8 7 46 72 17
split_gain=4.07389 5.67335 4.04857 5.14253 4.13935 6.24803 3.02842 2.51047 1.7046
threshold=0.005763918545796381 308.14375000000001 9.3590314435097041e-07 0.42513150639540209 119.47500000000001 243.09375000000003 17.500000000000004 0 0.55702115858239132
decision_type=2 2 2 2 2 2 2 9 2
left_child=2 6 3 7 -4 -6 -2 -1 -8
right_child=1 -3 4 -5 5 -7 8 -9 -10
leaf_value=-0.014897060686301278 0.01017978782179136 0.019418489121254701 -0.0072922408878069965 0.0056898417855949616 0.019201585494400656 -0.0018398053663768654 0.0039919052382142708 -0.0033948152689930789 -0.0071169480415629559
leaf_weight=18.172166280448437 9.2518529966473597 8.1061684340238553 8.9718496203422564 9.9633302912116033 9.5473714321851748 10.820339873433111 7.3628477081656483 16.54410932213068 13.521996095776556
leaf_count=87 46 47 45 69 51 58 40 81 74
internal_value=0.000269241 0.0055353 -0.00240907 -0.00619069 0.00316623 0.00817959 0.00110458 -0.00983215 -0.00292296
internal_weight=112.262 38.2429 74.0192 44.6796 29.3396 20.3677 30.1367 34.7163 20.8848
internal_count=598 207 391 237 154 109 160 168 114
cat_boundaries=0 1
cat_threshold=8
is_linear=0
shrinkage=0.02


Tree=108
num_leaves=7
num_cat=0
split_feature=34 9 11 23 46 15
split_gain=6.19136 3.12312 5.94368 2.94558 2.63123 2.56415
threshold=0.64044234940038891 304.09375000000006 0.00024071326802092252 0.19617878624571947 19.500000000000004 7.006129044821723e-19
decision_type=2 2 2 2 2 2
left_child=3 2 4 -1 -2 -3
right_child=1 5 -4 -5 -6 -7
leaf_value=0 0.0013150468129271117 0.0017156200994858746 -0.012059550015528402 -0.015632760381308668 0.010605567295014188 0.017634132571703241
leaf_weight=7.8622088655829456 52.386947587132454 8.6691786125302333 10.039533026516436 10.271556623280047 15.921323128044603 9.1506080329418165
leaf_count=41 277 49 51 51 92 52
internal_value=0.00125281 0.00333569 0.00146866 -0.00907665 0.00368883 0.0107114
internal_weight=114.301 96.1676 78.3478 18.1338 68.3083 17.8198
internal_count=613 521 420 92 369 101
is_linear=0
shrinkage=0.02


Tree=109
num_leaves=6
num_cat=0
split_feature=62 34 9 11 25
split_gain=5.64937 3.71189 3.86926 3.81222 1.76861
threshold=1.0000000180025095e-35 0.66047857761812223 339.88125000000008 0.00024481861175405637 0.00041160789952436307
decision_type=2 2 2 2 2
left_child=4 -2 3 -3 -1
right_child=1 2 -4 -5 -6
leaf_value=-0.011280029981772835 -0.0059922788458569532 0.0050221855099538285 0.016425967504045746 -0.0093890889904433648 -0.0005940400481701919
leaf_weight=15.829781860113146 13.100084617733954 50.24597642570734 9.6197808012366277 7.3948720246553412 11.970844596624373
leaf_count=76 65 291 61 41 53
internal_value=0.000485057 0.00322631 0.00517116 0.00294243 -0.0070674
internal_weight=108.161 80.3607 67.2606 57.6408 27.8006
internal_count=587 458 393 332 129
is_linear=0
shrinkage=0.02


Tree=110
num_leaves=9
num_cat=0
split_feature=22 35 11 22 14 23 8 25
split_gain=4.89904 3.69622 10.8652 8.11395 3.43308 3.42264 3.26865 2.34377
threshold=0.0024455910564777869 -1.0000000180025095e-35 0.00024071326802092252 0.00093363188079971743 6.3201998779728253e-06 0.15882587237770754 142.35000000000005 0.0016189704321034456
decision_type=2 2 2 2 2 2 2 2
left_child=1 3 5 6 -2 -3 -1 -6
right_child=4 2 -4 -5 7 -7 -8 -9
leaf_value=-0.009551124990403748 -0.001667602101657745 -0.0036691622725955092 -0.017397968703420526 -0.021952539883445695 0.0036326443831976229 0.010152957586437085 0.0018786087027192089 0.021050574191413336
leaf_weight=14.24704587459564 9.1584130972623843 8.3791001215577108 8.4935294240713102 9.6579781919717771 7.5897400006651861 26.280574083328247 26.808225654065609 6.8532110452651978
leaf_count=63 50 47 42 44 45 163 132 41
internal_value=-0.00059409 -0.00269809 0.00148114 -0.0063302 0.00729951 0.00663397 -0.00207788 0.0131139
internal_weight=117.468 93.8665 43.1532 50.7132 23.6014 34.6597 41.0553 14.443
internal_count=627 491 252 239 136 210 195 86
is_linear=0
shrinkage=0.02


Tree=111
num_leaves=9
num_cat=0
split_feature=17 7 7 36 14 14 59 23
split_gain=6.66419 5.97592 5.68245 6.01435 5.40677 4.79907 3.68897 2.55043
threshold=1.4488435298059672e-05 76.90000000000002 327.45625000000001 -0.17495039805022136 5.0889380189661668e-05 0.99770544422574126 1.0000000180025095e-35 0.33181397977322985
decision_type=2 2 2 2 2 2 2 2
left_child=1 -1 3 7 -5 6 -3 -2
right_child=2 5 -4 4 -6 -7 -8 -9
leaf_value=-0.021000248292452603 -0.013284200517847804 -0.010082193159075176 0.017659716538645617 -0.00087812031491048422 0.016939901234941775 -0.014815240498628243 0.0042703848920653984 0
leaf_weight=7.4911593943834296 9.3575435876846331 8.3560568392276746 9.4327332675456983 12.529860675334932 12.316833943128584 8.9151700958609563 28.808348760008812 14.676755271852015
leaf_count=37 43 43 55 73 80 45 156 68
internal_value=-0.00037645 -0.00546536 0.00421071 0.00119312 0.00803604 -0.00241999 0.00070651 -0.00567985
internal_weight=111.884 53.5707 58.3137 48.881 24.8467 46.0796 37.1644 24.0343
internal_count=600 281 319 264 153 244 199 111
is_linear=0
shrinkage=0.02


Tree=112
num_leaves=11
num_cat=0
split_feature=37 23 18 34 34 1 23 41 17 15
split_gain=5.82405 4.17943 4.98182 2.83503 2.75481 1.86589 1.79524 1.45525 1.44792 2.80574
threshold=1.0000000180025095e-35 0.55260360162622524 2.394089043622984e-08 1.0040114965600904 0.73227996206147317 17.500000000000004 0.81534166309754419 20.937500000000004 0.0035942650233679214 6.0952553154277293e-06
decision_type=2 2 2 2 2 2 2 2 2 2
left_child=8 2 4 7 -2 -4 -5 -3 9 -1
right_child=1 3 5 6 -6 -7 -8 -9 -10 -11
leaf_value=-0.019636956304920676 -0.01486582924934193 0.005965925362694329 0.011509557272870357 0.0022050172858224292 -0.0023345703237375721 -0.0008810672495446725 0.016367534923810215 -0.0058186266079224003 -0.0014348447590888016 -0.0030735179117114837
leaf_weight=9.3046343773603493 10.527760565280913 7.3839806169271451 9.7384926676750201 7.0168010443449029 23.065961547195911 7.130370780825614 11.514320693910122 7.3793554678559303 8.7353915274143201 9.1785130798816663
leaf_count=45 53 43 57 40 121 40 74 42 41 42
internal_value=-0.00131241 0.00125826 -0.00227586 0.00669985 -0.00675132 0.00618013 0.0116996 0 -0.00919978 -0.0122996
internal_weight=110.976 83.757 50.4626 33.2945 33.5937 16.8689 18.5311 14.7633 27.2185 18.4831
internal_count=598 470 271 199 174 97 114 85 128 87
is_linear=0
shrinkage=0.02


Tree=113
num_leaves=8
num_cat=1
split_feature=34 8 22 37 72 14 9
split_gain=5.13636 4.26278 3.89646 2.94211 3.0275 2.39486 2.39206
threshold=1.0249187141028446 94.52500000000002 -0.0060939378136921326 1.0000000180025095e-35 0 1.31231927288099e-11 180.87500000000003
decision_type=2 2 2 2 9 2 2
left_child=3 -2 -3 -1 -5 -6 -4
right_child=1 2 6 4 5 -7 -8
leaf_value=-0.012915696672671704 -0.0055799992881573326 -0.0049818308075389242 0.018925810009328022 -0.011133828048671451 -0.0079258832041172924 0.0037460899718772789 0.0064743308437937765
leaf_weight=10.072665691375731 10.614589363336561 6.567029505968093 9.9614073261618596 8.9833720773458499 7.8485850766301146 31.147734016180038 24.654176488518715
leaf_count=49 52 37 55 45 42 172 138
internal_value=0.000443585 0.00501996 0.0079618 -0.00355395 -0.00124251 0.00110749 0.0106568
internal_weight=109.85 51.7972 41.1826 58.0524 47.9797 38.9963 34.6156
internal_count=590 282 230 308 259 214 193
cat_boundaries=0 1
cat_threshold=1
is_linear=0
shrinkage=0.02


Tree=114
num_leaves=7
num_cat=0
split_feature=25 35 10 3 35 42
split_gain=4.19271 4.1427 18.2081 8.0975 3.68081 0.585067
threshold=-0.0029076364766571984 0.00059987817969796677 1.0000000180025095e-35 1.0000000180025095e-35 -0.0028279537307807144 2.6666666666665919
decision_type=2 2 2 2 2 2
left_child=-1 3 -3 -2 -5 -4
right_child=1 2 5 4 -6 -7
leaf_value=0.012537153786576129 0.01162091865839875 -0.015553411307571848 0.018396603000656941 -0.018030621064184259 -0.0041739432440741813 0.0078443556338783898
leaf_weight=9.1832543313503248 10.504275940358637 10.527927339076994 13.61877626925707 8.8689131140708906 50.926325649023056 8.2059073820710164
leaf_count=51 63 48 98 42 235 69
internal_value=0.000252853 -0.000898566 0.00485274 -0.00366047 -0.00659065 0.0152094
internal_weight=111.835 102.652 32.3526 70.2995 59.7952 21.8247
internal_count=606 555 215 340 277 167
is_linear=0
shrinkage=0.02


Tree=115
num_leaves=8
num_cat=0
split_feature=36 10 15 11 10 11 18
split_gain=5.12496 18.2965 8.93722 8.44738 3.01339 4.96388 0.374004
threshold=-0.17495039805022136 1.0000000180025095e-35 2.2536259709048734e-07 0.00022396788494145729 1.0000000180025095e-35 5.7178366838237948e-05 1.4186397103697818e-34
decision_type=2 2 2 2 2 2 2
left_child=1 -1 6 4 -2 -6 -3
right_child=3 2 -4 -5 5 -7 -8
leaf_value=0.017286140868700863 -0.0030998922431879896 -0.011829576568060605 -0.00031802763709025758 -0.009573121227489224 0.0017745710518518119 0.01611163586679679 -0.023048087169085948
leaf_weight=10.077577896416186 8.2268103510141355 8.8173346817493456 17.299164667725563 14.904195226728914 20.062196619808674 20.357867725193501 13.820334419608114
leaf_count=66 39 40 77 75 116 138 62
internal_value=-0.000675724 -0.00545035 -0.0116163 0.00301516 0.00710789 0.00935504 -0.0196176
internal_weight=113.565 50.0144 39.9368 63.5511 48.6469 40.4201 22.6377
internal_count=613 245 179 368 293 254 102
is_linear=0
shrinkage=0.02


Tree=116
num_leaves=8
num_cat=2
split_feature=34 17 2 78 15 15 86
split_gain=4.13507 3.51256 4.58834 3.58298 7.14539 6.01889 3.39391
threshold=1.7946078237463483 4.5011964723841082e-07 647.50000000000011 0 5.6417195720327272e-23 4.5524688898119274e-19 1
decision_type=2 2 2 1 2 2 9
left_child=1 2 6 5 -5 -3 -1
right_child=-2 3 -4 4 -6 -7 -8
leaf_value=0.0041178142869916232 0.014606620829080808 0.0079220923976157463 -0.015747421172382006 -0.0026376213503777942 0.014760299984990467 -0.011549002243465683 -0.0088925574243129777
leaf_weight=21.314179167151451 7.478000119328498 10.426332525908949 9.5786732211709005 15.664682768285273 20.186615064740181 12.961841091513632 11.443805634975432
leaf_count=116 40 60 53 87 109 68 57
internal_value=0.00118594 6.65229e-06 -0.00427717 0.00318796 0.00713043 -0.00265395 -0.000378329
internal_weight=109.054 101.576 42.3367 59.2395 35.8513 23.3882 32.758
internal_count=590 550 226 324 196 128 173
cat_boundaries=0 1 2
cat_threshold=4 4
is_linear=0
shrinkage=0.02


Tree=117
num_leaves=7
num_cat=3
split_feature=74 16 72 36 78 9
split_gain=4.3504 4.64425 3.89735 3.61522 2.398 1.17556
threshold=0 0.99210650156495062 1 -0.1489912527387536 2 222.19375000000005
decision_type=9 2 9 2 1 2
left_child=5 2 -2 -4 -3 -1
right_child=1 4 3 -5 -6 -7
leaf_value=-0.0032439298585141734 -0.0068132643495047588 0 1.7810332551856987e-05 0.0097464553123988926 -0.013993512443503718 -0.013727191371167629
leaf_weight=11.465059511363508 11.599275879561901 8.0191457718610764 30.208402581512928 32.746795810759068 9.81548672914505 10.058509357273577
leaf_count=61 62 40 149 204 49 52
internal_value=-0.000890584 0.000962625 0.0032245 0.00524535 -0.00784335 -0.00880136
internal_weight=113.913 92.3891 74.5545 62.9552 17.8346 21.5236
internal_count=617 504 415 353 89 113
cat_boundaries=0 1 2 3
cat_threshold=1 1 1
is_linear=0
shrinkage=0.02


Tree=118
num_leaves=8
num_cat=0
split_feature=37 36 11 36 14 16 36
split_gain=10.0408 5.45044 5.68485 6.278 3.75554 1.80441 0.721914
threshold=1.0000000180025095e-35 0.50527805049937025 0.00015366718417222859 -0.019951043729844013 0.0086576332658410363 5.1921685461949013e-07 0.72257467254579633
decision_type=2 2 2 2 2 2 2
left_child=5 2 4 -4 -2 -1 -3
right_child=1 6 3 -5 -6 -7 -8
leaf_value=-0.0045166188001143151 -0.008700962381116591 0.0047905519629612347 0.015054774114894585 -0.0045393587157527273 0.0026125841655350347 -0.017315499547141559 0.018616078091060525
leaf_weight=9.5030608177185076 30.827585645020008 4.8874067813158018 14.659675501286985 9.9661816731095296 16.933106623589993 14.633950337767599 6.2042100131511688
leaf_count=43 146 42 84 51 85 72 64
internal_value=-0.00178553 0.00147035 -0.000519243 0.00702312 -0.00459548 -0.0128952 0.0139202
internal_weight=107.615 83.4782 72.3865 24.6259 47.7607 24.137 11.0916
internal_count=587 472 366 135 231 115 106
is_linear=0
shrinkage=0.02


Tree=119
num_leaves=9
num_cat=0
split_feature=12 17 1 17 16 18 11 17
split_gain=2.73329 4.62557 4.64029 3.77559 5.36135 2.39806 2.36097 1.90017
threshold=1.1500000000000001 1.4488435298059672e-05 32.500000000000007 0.24621825610107725 0.95712509017085157 1.3748973802305416e-30 0.00012237598663829261 0.9437065577537378
decision_type=2 2 2 2 2 2 2 2
left_child=1 2 6 4 -3 -2 -1 -5
right_child=5 3 -4 7 -6 -7 -8 -9
leaf_value=-0.0031814475215747626 -0.012394346837219815 0.01642011806580394 -0.014011150048065942 -0.0084752048408239505 -0.0015589253403452336 0 0.007613033408013792 0.0040646975111302327
leaf_weight=18.986805334687237 10.059831582009794 19.54303523153067 9.8666603714227659 6.7516043037176159 8.707262843847273 12.526369869709013 12.352463252842425 11.541905440390108
leaf_count=98 51 113 54 39 47 69 66 65
internal_value=0.000387893 0.0020426 -0.00270551 0.00634086 0.0108097 -0.00560047 0.000991543 -0.00045183
internal_weight=110.336 87.7497 41.2059 46.5438 28.2503 22.5862 31.3393 18.2935
internal_count=602 482 218 264 160 120 164 104
is_linear=0
shrinkage=0.02


Tree=120
num_leaves=6
num_cat=0
split_feature=14 14 37 14 9
split_gain=3.5751 4.77933 3.70629 5.39196 2.14913
threshold=0.99941777587941838 0.97315257266493649 1.0000000180025095e-35 1.2822448377114248e-06 78.825000000000003
decision_type=2 2 2 2 2
left_child=1 2 3 -1 -4
right_child=-2 -3 4 -5 -6
leaf_value=0.0019434798552368402 -0.010393421356291108 0.013551392272286482 -0.0052760332758086045 -0.016963869109805404 0.0035450462219764863
leaf_weight=10.87693800032139 11.591665282845495 9.7022070884704572 12.478419639170168 10.879599705338476 53.732509203255177
leaf_count=50 59 57 61 54 306
internal_value=-0.000320741 0.000907119 -0.000556661 -0.00757766 0.00173955
internal_weight=109.261 97.6697 87.9675 21.7565 66.2109
internal_count=587 528 471 104 367
is_linear=0
shrinkage=0.02


Tree=121
num_leaves=8
num_cat=0
split_feature=62 8 35 16 16 16 23
split_gain=5.90892 3.51395 4.09707 2.90627 2.01709 2.17431 0.689577
threshold=1.0000000180025095e-35 84.425000000000011 0.00047959497291386592 5.1921685461949013e-07 1.3689733503142073e-15 0.94906929683830954 0.44958335947478595
decision_type=2 2 2 2 2 2 2
left_child=3 2 -2 -1 -3 -6 -5
right_child=1 4 -4 6 5 -7 -8
leaf_value=0 -0.011672294183425958 -0.0024812733624673435 0.0063828665858812065 -0.017799215774090434 0.009096311724783453 0 -0.0065812661566958339
leaf_weight=11.33318714797497 12.242887526750566 11.362645275890825 6.8291165530681601 8.4164588898420352 34.683333121240139 16.638095445930958 8.3433812707662565
leaf_count=52 53 63 45 43 213 89 39
internal_value=-0.000390816 0.00228186 -0.00491245 -0.00818612 0.00460775 0.00630937 -0.0132376
internal_weight=109.849 81.7561 19.072 28.093 62.6841 51.3214 16.7598
internal_count=597 463 98 134 365 302 82
is_linear=0
shrinkage=0.02


Tree=122
num_leaves=11
num_cat=0
split_feature=42 37 17 11 22 16 11 17 52 8
split_gain=3.68582 5.86585 3.93884 3.74864 3.36835 2.95202 2.87953 3.67395 2.15785 1.28162
threshold=2.6666666666663006 1.0000000180025095e-35 1.703387747641937e-05 5.2320936625117262e-05 -0.0017990560665464561 0.55658628820598999 6.6445863988808752e-05 0.043018202565614026 1.0000000180025095e-35 244.80000000000004
decision_type=2 2 2 2 2 2 2 2 2 2
left_child=2 8 3 -1 9 -6 7 -4 -2 -3
right_child=1 4 6 -5 5 -7 -8 -9 -10 -11
leaf_value=-0.019472712709403421 -0.013733301763359249 0.0046476276848346296 0.012860716067354408 -0.0010000504417838267 0.0048280033684388315 0.01845204116467692 -0.0092669893084605885 -0.0045816455496312412 0 -0.0057563404106352172
leaf_weight=10.070488803088667 8.6217746883630753 7.1788267269730595 9.2990253344178253 8.6771406829357129 22.17191444337368 9.9834629818797094 7.5629535019397727 7.7012111842632285 8.8446182012557983 9.6439533382654172
leaf_count=48 40 44 50 44 138 62 40 41 42 57
internal_value=-0.000535339 0.0023534 -0.00505556 -0.0117103 0.00594826 0.00966786 4.82794e-05 0.00481032 -0.00717839 -0.000968316
internal_weight=109.755 66.4446 43.3108 18.7476 48.9782 32.1554 24.5632 17.0002 17.4664 16.8228
internal_count=606 383 223 92 301 200 131 91 82 101
is_linear=0
shrinkage=0.02


Tree=123
num_leaves=7
num_cat=0
split_feature=37 36 25 22 25 18
split_gain=4.47541 6.51886 3.02249 3.40917 2.4455 0.113808
threshold=1.0000000180025095e-35 0.49433953840758799 0.0021948640115622923 0.0013018303942502832 0.00030223348728215224 1.4186397103697818e-34
decision_type=2 2 2 2 2 2
left_child=4 2 3 -2 -1 -3
right_child=1 5 -4 -5 -6 -7
leaf_value=-0.012676179343267072 0.00041242268677106863 0.0071098788502074843 0.0096388834211038905 -0.010504685807507344 0 0.018811777758104734
leaf_weight=14.385499179363253 48.414237231016159 4.5245402529835683 9.3264062851667386 13.601247876882551 11.385954916477202 6.5566479042172432
leaf_count=73 243 40 53 66 52 68
internal_value=-0.000311622 0.00191753 -0.000296743 -0.00201541 -0.00747039 0.0155144
internal_weight=108.195 82.4231 71.3419 62.0155 25.7715 11.0812
internal_count=595 470 362 309 125 108
is_linear=0
shrinkage=0.02


Tree=124
num_leaves=6
num_cat=0
split_feature=25 22 35 9 3
split_gain=4.95519 5.81918 4.12466 5.60785 4.92964
threshold=-0.0031439935386191821 0.0041638008591550662 -0.00040369104475666086 140.88125000000005 1.0000000180025095e-35
decision_type=2 2 2 2 2
left_child=-1 2 3 -2 -4
right_child=1 -3 4 -5 -6
leaf_value=0.017151299684803455 -0.018568681738512175 0.013669688933861605 -0.011529620614779775 -0.0013817620087749418 0.0051201349484633375
leaf_weight=6.6955247893929473 9.5856665521860105 10.837800994515417 7.3254251629114142 30.83577199280262 44.083178766071796
leaf_count=39 45 67 34 152 262
internal_value=0.00164999 0.0004255 -0.00120336 -0.00595226 0.00245843
internal_weight=109.363 102.668 91.83 40.4214 51.4086
internal_count=599 560 493 197 296
is_linear=0
shrinkage=0.02


Tree=125
num_leaves=7
num_cat=0
split_feature=40 8 36 11 11 34
split_gain=3.64609 2.94313 4.61094 6.29418 2.1275 1.102
threshold=11.921062499999609 263.65000000000003 0.28975646590359472 0.0001470292694524943 0.00011740866809331744 0.99991439577592278
decision_type=2 2 2 2 2 2
left_child=1 2 3 -1 -4 -3
right_child=-2 5 4 -5 -6 -7
leaf_value=-0.0039560623386281409 0.011591700965028692 -0.010276812245427773 0.014042526456384386 0.011574208121187155 0 0
leaf_weight=48.388742089271545 12.308929234743117 11.122383400797846 14.334102667868139 12.187640808522699 5.2222197651863089 7.1712287589907637
leaf_count=227 71 59 115 60 35 44
internal_value=0.00175055 0.000355286 0.00207796 -0.000596794 0.010281 -0.00659627
internal_weight=110.735 98.4263 80.1327 60.5764 19.5563 18.2936
internal_count=611 540 437 287 150 103
is_linear=0
shrinkage=0.02


Tree=126
num_leaves=10
num_cat=0
split_feature=34 16 16 17 35 23 36 17 23
split_gain=9.97075 5.73289 3.05341 2.5408 2.30586 5.26671 1.88366 1.24056 0.8863
threshold=0.64044234940038891 0.03712459814230535 4.6620390370468363e-05 3.0604489569722517e-05 -0.00018946796957748085 0.43854814036700257 -0.025814205975658703 0.00012057186917256885 0.48314993519758959
decision_type=2 2 2 2 2 2 2 2 2
left_child=7 2 3 -2 8 -6 -4 -1 -3
right_child=1 4 6 -5 5 -7 -8 -9 -10
leaf_value=-0.019285434224475675 -0.0017100170830415173 -0.012105205014411785 0.0049005330712533846 0.0087237930961829389 0.012177103908897429 -0.0075513199093481557 0.018994515143442067 -0.0058892104108702846 -0.0018819566160720386
leaf_weight=7.7232390046119717 17.639516562223434 9.0073757171630877 8.9718323945999163 16.668247491121292 9.3166438341140765 10.178414866328238 10.934915639460085 8.4737690761685354 8.2434604242444021
leaf_count=39 96 42 45 95 55 63 77 42 43
internal_value=0.000540684 0.0032025 0.00731376 0.00329277 -0.00273731 0.00171822 0.0134677 -0.0133758 -0.00791948
internal_weight=107.157 90.9604 54.2145 34.3078 36.7459 19.4951 19.9067 16.197 17.2508
internal_count=597 516 313 191 203 118 122 81 85
is_linear=0
shrinkage=0.02


Tree=127
num_leaves=11
num_cat=0
split_feature=35 10 10 2 17 35 42 35 42 36
split_gain=4.76059 12.9436 12.4588 5.37475 3.64144 2.84174 2.27924 1.99761 1.70603 1.26875
threshold=-0.00025152181662023584 1.0000000180025095e-35 1.0000000180025095e-35 622.50000000000011 3.0604489569722517e-05 -0.0013523896962553592 2.6666666666666119 0.00035441201434307704 2.6666666666666567 -0.52540232386587249
decision_type=2 2 2 2 2 2 2 2 2 2
left_child=1 -1 6 7 9 -6 -2 -4 -5 -3
right_child=2 4 3 8 5 -7 -8 -9 -10 -11
leaf_value=0.01367091806214386 -0.016200188148923156 -0.0073721603895168276 0.0062689586832547529 -0.0013285847768161538 -0.0094893578135711483 0.0043473275655269627 -0.0010909592269042903 0.022362170569405086 0.010259952619719544 -0.019520324115055367
leaf_weight=11.723134987056254 8.6595241427421588 10.195089668035505 6.8567602485418346 13.41203533858061 11.040152758359911 10.207213699817656 8.6497548818588239 12.724792569875715 6.4308172613382331 11.862375423312189
leaf_count=76 39 51 32 83 52 44 42 95 48 50
internal_value=8.02028e-05 -0.0040195 0.00416132 0.0103715 -0.00914441 -0.00267591 -0.0094495 0.0175968 0.00245131 -0.0147288
internal_weight=111.762 55.028 56.7337 39.4244 43.3048 21.2474 17.3093 19.5816 19.8429 22.0575
internal_count=612 273 339 258 197 96 81 127 131 101
is_linear=0
shrinkage=0.02


Tree=128
num_leaves=10
num_cat=0
split_feature=42 7 7 16 15 35 34 42 34
split_gain=4.61029 6.47926 4.03963 3.88955 4.37625 2.68605 1.97783 1.94458 1.84213
threshold=2.6666666666665537 215.51250000000002 281.79375000000005 0.99210650156495062 4.0188273431033682e-33 -0.00040369104475666086 0.92501375545974929 2.6666666666667922 0.87289334049928002
decision_type=2 2 2 2 2 2 2 2 2
left_child=3 -2 7 4 5 -1 -4 -3 -6
right_child=1 2 6 -5 8 -7 -8 -9 -10
leaf_value=-0.0022634100704490082 0.016012608618248464 0 -0.00067706623302072602 -0.013742598886353435 0 0.012727294291252123 0.01122222796516148 -0.013520318342748524 -0.0093552143426879862
leaf_weight=7.0868713110685375 11.812108248472212 7.602187559008601 9.2694273218512553 12.996426306664942 12.596294574439524 9.784072704613207 10.102833189070223 8.7803788818418962 20.728439785540104
leaf_count=36 67 42 48 62 66 60 66 51 108
internal_value=-0.000796848 0.00379475 -0.000404187 -0.00435185 -0.0015823 0.00632021 0.00548027 -0.00762265 -0.0058254
internal_weight=110.759 47.5669 35.7548 63.1921 50.1957 16.8709 19.3723 16.3826 33.3247
internal_count=606 274 207 332 270 96 114 93 174
is_linear=0
shrinkage=0.02


Tree=129
num_leaves=8
num_cat=0
split_feature=34 35 10 10 15 35 15
split_gain=4.8166 5.58978 9.35507 5.39058 5.38139 2.55562 0.736568
threshold=0.66047857761812223 -0.00018946796957748085 1.0000000180025095e-35 1.0000000180025095e-35 2.7808011756172034e-07 0.00065096618603140653 9.3590314435097041e-07
decision_type=2 2 2 2 2 2 2
left_child=6 2 -2 -3 -4 -5 -1
right_child=1 3 4 5 -6 -7 -8
leaf_value=-0.0035352216543222369 0.013267577556050868 -0.0039148433110704501 -0.013767050422994392 0.004400874420993065 0.0015853128732746292 0.016519453449654421 -0.013316805632765121
leaf_weight=9.229361295700075 10.064920298755167 11.753396049141882 21.43361334502697 15.621110066771505 14.005729243159292 17.15570018440485 8.5598979964852315
leaf_count=47 69 54 97 78 63 150 43
internal_value=0.000141702 0.00209691 -0.00271483 0.00709731 -0.00765809 0.0112228 -0.00901953
internal_weight=107.824 90.0345 45.5043 44.5302 35.4393 32.7768 17.7893
internal_count=601 511 229 282 160 228 90
is_linear=0
shrinkage=0.02


Tree=130
num_leaves=8
num_cat=0
split_feature=62 36 25 25 36 7 18
split_gain=4.66283 6.16488 6.09823 2.98747 2.55236 2.27288 0.154887
threshold=1.0000000180025095e-35 0.50778523553225696 -0.002698104182168295 0.0006601360593320849 -0.62472688042403968 216.41875000000002 1.3748973802305416e-30
decision_type=2 2 2 2 2 2 2
left_child=4 2 -2 -4 5 -1 -3
right_child=1 6 3 -5 -6 -7 -8
leaf_value=0.0047458136960469455 0.015317219049709695 0.006598880048795476 -0.0061395814889142284 0.0025135219844294471 -0.014624864114376936 -0.0091793194418520515 0.018440571098887928
leaf_weight=8.0809068828821236 7.291565164923667 4.4321968704462034 40.696324922144413 23.948366731405258 11.99356436729431 8.2346926629543287 6.059509702026844
leaf_count=40 42 42 203 128 56 42 67
internal_value=-0.00101989 0.00133938 -0.000744294 -0.00285308 -0.00790541 -0.0020601 0.0149697
internal_weight=110.737 82.428 71.9363 64.6447 28.3092 16.3156 10.4917
internal_count=620 482 373 331 138 82 109
is_linear=0
shrinkage=0.02


Tree=131
num_leaves=9
num_cat=2
split_feature=72 36 11 16 77 11 15 34
split_gain=5.8215 6.87443 4.62278 4.1353 4.78365 4.43928 1.60554 0.44883
threshold=0 0.31142360232771144 0.00023020826986856844 0.075620043376638246 1 0.00015002193038750184 5.874027103010488e-08 1.2434721799841928
decision_type=9 2 2 2 1 2 2 2
left_child=6 3 7 5 -5 -2 -1 -3
right_child=1 2 -4 4 -6 -7 -8 -9
leaf_value=-0.0033170069836821027 -0.0016362895971799715 0.019740409329895271 -0.0020437546225414143 -0.017014767128670033 0 0.011357218289519983 -0.015917619045583892 0.0070721960370877688
leaf_weight=11.041244275867941 29.506403967738152 11.485984414815908 6.252061814069747 10.355802334845066 14.511631183326244 14.704093180596827 8.3772275522351247 4.8728145584464064
leaf_count=61 146 97 32 51 71 82 42 40
internal_value=5.25733e-05 0.00223434 0.0115706 -0.000857514 -0.00728833 0.00270817 -0.00956017 0.0169374
internal_weight=111.107 91.6888 22.6109 69.0779 24.8674 44.2105 19.4185 16.3588
internal_count=622 519 169 350 122 228 103 137
cat_boundaries=0 1 2
cat_threshold=1 4
is_linear=0
shrinkage=0.02


Tree=132
num_leaves=6
num_cat=0
split_feature=36 36 35 12 40
split_gain=4.49653 5.44248 5.6469 6.87134 3.55939
threshold=-1.0079313783708466 -0.62472688042403968 -0.0011001398397474367 1.1500000000000001 8.0208750000001618
decision_type=2 2 2 2 2
left_child=-1 -2 4 -4 -3
right_child=1 2 3 -5 -6
leaf_value=-0.013818416957495231 0.014665081200438065 -0.01926507268387774 0.0051433498669245584 -0.0099401160925154837 -0.00016016482061551621
leaf_weight=7.5759211629629126 9.835494324564932 8.1107200533151644 58.473211765289307 14.018124818801878 7.986359328031539
leaf_count=42 55 37 335 75 43
internal_value=1.91533e-05 0.00127288 -0.000294104 0.00204935 -0.0107011
internal_weight=106 98.4239 88.5884 72.4913 16.0971
internal_count=587 545 490 410 80
is_linear=0
shrinkage=0.02


Tree=133
num_leaves=6
num_cat=0
split_feature=14 14 8 11 34
split_gain=6.40765 6.00932 4.47597 6.68993 4.70707
threshold=0.99946694193566366 0.97593924472076587 84.425000000000011 2.8935606807136589e-05 0.66047857761812223
decision_type=2 2 2 2 2
left_child=1 2 3 -1 -4
right_child=-2 -3 4 -5 -6
leaf_value=0.0047755288643740301 -0.014467898773665382 0.015282231869529869 -0.010158674489611819 -0.017279696171321163 0.004337562683369333
leaf_weight=8.2590473666787165 10.264535799622534 10.157405011355875 9.3769546747207624 12.173670552670954 59.499165792018175
leaf_count=41 55 61 49 64 341
internal_value=-0.000116331 0.00143424 -0.000226084 -0.00827801 0.00216101
internal_weight=109.731 99.4662 89.3088 20.4327 68.8761
internal_count=611 556 495 105 390
is_linear=0
shrinkage=0.02


Tree=134
num_leaves=10
num_cat=0
split_feature=36 10 18 11 36 14 17 12 46
split_gain=3.54699 13.1839 6.41426 7.31236 6.11605 2.94313 2.83332 2.14949 1.05036
threshold=-0.1489912527387536 1.0000000180025095e-35 4.9357835402621772e-12 0.00020288261584403935 -0.59255400426122595 0.0098632832083552328 2.8886025913689777e-06 1.1500000000000001 18.500000000000004
decision_type=2 2 2 2 2 2 2 2 2
left_child=1 -1 3 6 -3 -6 -2 8 -4
right_child=2 4 7 -5 5 -7 -8 -9 -10
leaf_value=0.015711803728060816 -0.0035529766655385837 0.0016241538849100859 0.020014111669586013 -0.016059559189885542 -0.01897923519566333 -0.0040580153324333559 0.0090642373935871708 0.00062409137742727033 0.007450331133748659
leaf_weight=10.325942836701868 10.992888420820238 14.377592891454691 9.0613133460283333 9.2977090999484044 16.969008490443237 10.085967868566511 15.395804282277821 6.8390833586454383 9.0572614930570108
leaf_count=68 66 72 56 46 74 43 102 41 60
internal_value=0.00039435 -0.00335678 0.00369571 -0.00161836 -0.00850878 -0.0139735 0.00365132 0.011295 0.0147656
internal_weight=112.403 51.7585 60.6441 35.6864 41.4326 27.055 26.3887 24.9577 18.1186
internal_count=628 257 371 214 189 117 168 157 116
is_linear=0
shrinkage=0.02


Tree=135
num_leaves=10
num_cat=0
split_feature=35 12 22 2 22 25 22 8 16
split_gain=3.39441 5.14237 4.05443 3.81991 4.36653 4.25402 3.78613 1.84284 2.3038
threshold=-0.00040369104475666086 1.1500000000000001 0.0010699421826417506 622.50000000000011 0.001381782022199455 0.00021594076829426788 0.0025037307729535272 183.20000000000002 2.1971187959430481e-05
decision_type=2 2 2 2 2 2 2 2 2
left_child=2 3 7 5 -5 -2 -4 -1 -9
right_child=1 -3 6 4 -6 -7 -8 8 -10
leaf_value=-0.0057190718839916308 0.0027522459474170493 -0.0082249501625478883 -0.020871877186564709 -0.005839932965554853 0.010819490046680036 0.01978943264857537 -0.0018539390840770177 -0.0035928907024976621 0.010351557934786626
leaf_weight=12.597342059016229 14.956564843654634 13.820678517222403 8.747334375977518 17.961396083235744 8.3991187885403615 10.358011730015276 9.0594577267765981 7.1947591155767467 9.3414049893617612
leaf_count=61 87 74 41 105 58 63 47 39 49
internal_value=-0.00079786 0.0020715 -0.00488633 0.00504309 -0.000111095 0.0104385 -0.0121283 -5.22334e-06 0.00408338
internal_weight=112.436 65.4958 46.9403 51.6751 26.3605 25.3146 17.8068 29.1335 16.5362
internal_count=624 387 237 313 163 150 88 149 88
is_linear=0
shrinkage=0.02


Tree=136
num_leaves=7
num_cat=0
split_feature=25 46 35 41 11 1
split_gain=3.11148 4.25056 4.97995 4.87334 4.80197 3.9704
threshold=-0.0025934635585583309 17.500000000000004 -0.00017537725486799522 21.190500000000615 0.00012566292184121384 22.500000000000004
decision_type=2 2 2 2 2 2
left_child=-1 5 4 -4 -3 -2
right_child=1 2 3 -5 -6 -7
leaf_value=0.0097882552734361566 0.012398357012124741 -0.015553417174315994 0.0054923088800228805 -0.0093944117353402523 -0.00018737994786084395 -0.0030455317511894815
leaf_weight=9.3205753043293935 13.206071082502605 20.412691004574299 26.800360128283501 11.787298105657099 14.456149533390997 11.015506796538828
leaf_count=55 70 95 179 68 76 60
internal_value=-0.000581664 -0.00172115 -0.00415515 0.000670891 -0.00953297 0.00529461
internal_weight=106.999 97.6781 73.4565 38.5877 34.8688 24.2216
internal_count=603 548 418 247 171 130
is_linear=0
shrinkage=0.02


Tree=137
num_leaves=9
num_cat=0
split_feature=62 35 15 15 8 2 15 7
split_gain=4.14547 3.97794 3.94337 3.47734 2.3653 1.68979 0.744106 0.660848
threshold=1.0000000180025095e-35 0.0016084544561749993 1.7040436684693633e-06 1.4240500511795135e-23 142.35000000000005 617.50000000000011 9.3590314435097041e-07 223.26250000000002
decision_type=2 2 2 2 2 2 2 2
left_child=5 2 3 -2 -4 -1 -3 -7
right_child=1 6 4 -5 -6 7 -8 -9
leaf_value=0 0.0014622706418775915 0.017237214916921872 0 -0.0094201051979000538 0.012860716299061433 -0.0039506227387002685 0.0031845088176890163 -0.014132712553110644
leaf_weight=9.8579922765493411 31.717802047729492 7.0460514426231367 8.6200156137347239 16.861794888973236 12.911128006875513 7.8359842151403454 3.978704571723938 8.4338237196207029
leaf_count=46 169 70 44 84 75 40 32 42
internal_value=0.000402008 0.00268873 0.000763513 -0.00230776 0.00775423 -0.0063152 0.0133513 -0.0100889
internal_weight=107.263 81.1355 70.1107 48.5796 21.5311 26.1278 11.0248 16.2698
internal_count=602 474 372 253 119 128 102 82
is_linear=0
shrinkage=0.02


Tree=138
num_leaves=9
num_cat=0
split_feature=18 11 17 22 46 17 17 41
split_gain=2.74539 2.46356 3.29598 2.75922 1.847 2.94489 2.46808 3.36287
threshold=1.0000000180025095e-35 0.00022396788494145729 2.1059686836602353e-15 -0.00055466677671657451 17.500000000000004 4.5777199112001666e-05 8.0748062195687846e-18 24.087000000000447
decision_type=2 2 2 2 2 2 2 2
left_child=1 2 -1 -4 5 -2 -6 -8
right_child=4 -3 3 -5 6 -7 7 -9
leaf_value=-0.0091218045000854928 0 -0.010562505180768803 0.012056258514438705 -0.0010468582068880769 0.01057010523164492 0.016176719828836832 -0.0040457891856255281 0.0091874830476326007
leaf_weight=9.5024773031473142 6.6138710677623775 10.240545853972433 9.5381967052817327 14.275566913187506 9.00189161300659 9.644443500787018 28.449955482035875 9.3270623385906202
leaf_count=51 36 52 51 79 54 54 165 61
internal_value=0.00128768 -0.00245686 9.495e-05 0.00423394 0.0039667 0.00965123 0.00170478 -0.000471119
internal_weight=106.594 43.5568 33.3162 23.8138 63.0372 16.2583 46.7789 37.777
internal_count=603 233 181 130 370 90 280 226
is_linear=0
shrinkage=0.02


Tree=139
num_leaves=10
num_cat=0
split_feature=2 23 17 35 10 10 36 15 18
split_gain=2.7886 4.11778 4.21647 3.18033 12.583 8.60048 2.86376 2.81405 0.566083
threshold=632.50000000000011 0.96551858215819397 1.9204992940680617e-05 8.094435665135312e-05 1.0000000180025095e-35 1.0000000180025095e-35 -0.53835781661261939 5.6417195720327272e-23 2.3060422931080701e-32
decision_type=2 2 2 2 2 2 2 2 2
left_child=3 2 -2 4 -1 -5 -6 -4 -7
right_child=1 -3 7 5 6 8 -8 -9 -10
leaf_value=0.01860396054600073 -0.015627888003983403 0.0055114641519454933 -0.0088951906305262014 -0.0059830818753758234 0.0021660432155260422 0.0086224844623346737 -0.010613081438701124 0.0072909105725580724 0.021213941531152525
leaf_weight=9.3430044203996641 13.16535844653845 12.322526570409535 7.1608087122440329 9.2960170358419418 8.6998506486415845 6.66875845193863 21.722961053252224 8.0285748988389951 9.2161738462746126
leaf_count=62 73 73 40 43 42 47 94 43 74
internal_value=0.000420208 -0.00356821 -0.00777183 0.00302544 -0.00038585 0.00845069 -0.00681512 -4.72789e-05 0.0171069
internal_weight=105.624 40.6773 28.3547 64.9468 39.7658 25.1809 30.4228 15.1894 15.8849
internal_count=591 229 156 362 198 164 136 83 121
is_linear=0
shrinkage=0.02


Tree=140
num_leaves=7
num_cat=0
split_feature=9 22 34 22 25 35
split_gain=6.76311 5.89968 3.20917 3.19434 3.38747 1.1195
threshold=52.443750000000009 0.0024455910564777869 0.85521682428467671 0.0011935721656211702 0.00030223348728215224 -0.0010490039299402342
decision_type=2 2 2 2 2 2
left_child=-1 3 -3 4 -2 -4
right_child=1 2 5 -5 -6 -7
leaf_value=0.014994881175493349 -0.0061529061523863272 -0.0046983062399884945 0.0026941052307916757 -0.014036681267985246 0.0034648897544907326 0.015489985151725623
leaf_weight=8.4884235411882383 45.960804875940084 6.1357946619391468 6.2090666592121133 13.004642784595488 19.652310505509377 9.1117458455264533
leaf_count=43 258 33 34 69 111 62
internal_value=-0.00106936 -0.00262618 0.00634676 -0.00519942 -0.00317336 0.0111546
internal_weight=108.563 100.074 21.4566 78.6178 65.6131 15.3208
internal_count=610 567 129 438 369 96
is_linear=0
shrinkage=0.02


Tree=141
num_leaves=10
num_cat=0
split_feature=15 18 35 8 8 11 35 46 11
split_gain=4.10892 5.34334 3.95987 3.71556 3.48905 2.73315 2.63535 2.45729 1.31944
threshold=2.3665909290501227e-06 2.4779698069195005e-15 0.0016814414551577486 202.82500000000002 300.02500000000003 0.00017141737124342786 -0.00018946796957748085 18.500000000000004 9.2377788786182557e-05
decision_type=2 2 2 2 2 2 2 2 2
left_child=2 7 3 6 -5 -4 -1 -2 -3
right_child=1 8 5 4 -6 -7 -8 -9 -10
leaf_value=-0.0047794788140766032 -0.0095405336091685649 0.0056800077736705156 0.017057560677138286 -0.016331270170193181 -0.00060858019609324478 -0.0019101814510550604 0.0055722951352501103 0.0042586536364121585 0.019497944845084231
leaf_weight=21.443358242511749 7.464820388704541 7.7023096084594753 5.5326621793210489 14.066390134394171 10.476294763386248 4.403014250099659 16.451365873217583 11.818860642611979 8.5736496075987798
leaf_count=99 39 42 54 74 62 27 96 69 48
internal_value=0.000385352 0.00590618 -0.00228899 -0.00424136 -0.0101414 0.00869727 -0.000103443 -0.000994288 0.0140134
internal_weight=107.933 35.5596 72.3731 62.4374 24.5427 9.93568 37.8947 19.2837 16.276
internal_count=610 198 412 331 136 81 195 108 90
is_linear=0
shrinkage=0.02


Tree=142
num_leaves=8
num_cat=0
split_feature=17 36 36 7 9 17 7
split_gain=4.12431 3.39582 3.02001 2.82722 7.20812 2.82403 2.68125
threshold=1.4488435298059672e-05 0.50778523553225696 -1.0079313783708466 141.34375000000003 194.85625000000002 0.99864170979590428 260.08750000000003
decision_type=2 2 2 2 2 2 2
left_child=1 3 -2 -1 -5 6 -4
right_child=2 -3 5 4 -6 -7 -8
leaf_value=-0.015358834418486447 -0.010435776551554518 0.005568610317273375 0.010933446788935118 0.010779592809695688 -0.0095224081275869024 -0.003124280851856091 -0.0003643498287530249
leaf_weight=10.994502037763594 4.4854886978864661 9.5879155248403531 26.837952446192503 8.8937587216496485 22.07240804284811 11.43738631904125 10.507410719990729
leaf_count=50 26 72 158 47 116 63 64
internal_value=-0.000380346 -0.00442097 0.00342869 -0.00691972 -0.00334898 0.00500804 0.00767165
internal_weight=104.817 51.5486 53.2682 41.9607 30.9662 48.7827 37.3454
internal_count=596 285 311 213 163 285 222
is_linear=0
shrinkage=0.02


Tree=143
num_leaves=7
num_cat=0
split_feature=9 2 7 35 11 18
split_gain=3.3493 7.04154 3.79594 5.36864 2.93687 2.73467
threshold=309.21250000000003 627.50000000000011 268.21250000000003 0.00052787861439093989 5.7438018274676478e-05 2.3060422931080701e-32
decision_type=2 2 2 2 2 2
left_child=2 -2 3 4 -1 -5
right_child=1 -3 -4 5 -6 -7
leaf_value=-0.0079449262271776549 0.01642811083919829 -0.0057871355602828571 -0.01094785068917082 0 0.0012411982365019326 0.015498999268223861
leaf_weight=24.208531007170677 12.456707909703256 8.7004047483205778 13.328170448541639 8.0674236491322535 28.553198233246803 10.590077754110096
leaf_count=112 75 52 74 58 141 84
internal_value=0.000194115 0.0071729 -0.00154149 0.000257994 -0.00293143 0.00927291
internal_weight=105.905 21.1571 84.7474 71.4192 52.7617 18.6575
internal_count=596 127 469 395 253 142
is_linear=0
shrinkage=0.02


Tree=144
num_leaves=10
num_cat=0
split_feature=35 10 11 34 14 42 34 7 14
split_gain=3.32326 8.152 6.98982 5.45107 4.07347 3.01374 1.7466 1.52127 0.677358
threshold=-0.00025152181662023584 1.0000000180025095e-35 0.00024071326802092252 0.9941066698910449 0.00085496442952237453 2.6666666666663428 1.1365787700775454 216.41875000000002 3.0792605656593446e-05
decision_type=2 2 2 2 2 2 2 2 2
left_child=1 -1 5 7 -5 6 -2 -3 -7
right_child=2 3 -4 4 -6 8 -8 -9 -10
leaf_value=0.011426338290067114 -0.0011693115772950288 -0.0067009565154740255 -0.0082628050661507704 -0.0075086709690492448 0.0088544125841685858 0.0070323659500391425 0.0092987670568881776 -0.020739258636255455 0.017646826229951954
leaf_weight=11.162646599113939 15.199889142066242 8.7567688673734683 12.836480587720869 13.046858042478563 9.6936461776494962 8.9667209982872027 8.8983481675386411 9.3685794323682767 10.555400434881447
leaf_count=75 89 41 64 59 45 59 53 42 81
internal_value=0.000680897 -0.0028707 0.00405134 -0.00709895 -0.00020165 0.00791355 0.00267348 -0.0149757 0.0136441
internal_weight=108.485 52.0285 56.4568 40.8659 22.7405 43.6204 24.0982 18.1253 19.5221
internal_count=608 262 346 187 104 282 142 83 140
is_linear=0
shrinkage=0.02


Tree=145
num_leaves=9
num_cat=1
split_feature=74 35 2 22 8 34 34 35
split_gain=4.8877 4.91578 4.9488 4.23231 3.90679 2.97446 2.18459 1.54458
threshold=0 -0.00055017320235094984 617.50000000000011 0.0015824559685292691 179.72500000000002 0.95032042402388395 0.79488175635440672 -0.00069393931273161607
decision_type=9 2 2 2 2 2 2 2
left_child=7 4 6 -4 -2 -6 -3 -1
right_child=1 2 3 -5 5 -7 -8 -9
leaf_value=0 -0.0096759086359067981 0.0039838937804349498 -0.0034856480551247893 0.011880288290685975 -0.0050013414574236774 0.0092936556088947103 0.019113366402731816 -0.011510412257464865
leaf_weight=7.1672111451625851 16.18211342394352 7.692859590053561 20.730576124042276 9.5555483102798444 9.0807472169399279 12.064632296562193 13.026490911841391 13.332114681601523
leaf_count=41 79 43 126 66 46 67 85 72
internal_value=0.000775508 0.00287834 0.00689125 0.00139544 -0.0024852 0.00293519 0.0142143 -0.00771909
internal_weight=108.832 88.333 51.0055 30.2861 37.3275 21.1454 20.7194 20.4993
internal_count=625 512 320 192 192 113 128 113
cat_boundaries=0 1
cat_threshold=1
is_linear=0
shrinkage=0.02


Tree=146
num_leaves=9
num_cat=0
split_feature=12 35 2 25 8 17 52 14
split_gain=3.99718 3.71292 5.36747 5.87234 3.72351 3.74812 3.0294 2.64249
threshold=1.1500000000000001 -0.00038838477049003497 622.50000000000011 0.00026811671125644268 107.80000000000003 2.8886025913689777e-06 1.0000000180025095e-35 6.1333500617358347e-07
decision_type=2 2 2 2 2 2 2 2
left_child=1 4 3 -3 -1 -6 -4 -2
right_child=7 2 6 -5 5 -7 -8 -9
leaf_value=-0.014951713284030757 -0.0003683818371166627 0.0026541952548752774 -0.011767487900415114 0.023962444954427797 -0.0075769003127991114 0.0063299635357658892 0.002788538564901025 -0.015022994044143246
leaf_weight=7.9146277606487265 9.9850185513496417 13.865764338523151 7.1977663822472122 8.3766864500939828 13.535114049911501 15.591533869504927 17.051363036036491 10.873168528079985
leaf_count=39 55 86 44 54 70 82 108 58
internal_value=-0.000975403 0.000941865 0.00471694 0.0116229 -0.00363806 0 -0.00158937 -0.00861998
internal_weight=104.391 83.5329 46.4916 22.2425 37.0413 29.1266 24.2491 20.8582
internal_count=596 483 292 140 191 152 152 113
is_linear=0
shrinkage=0.02


Tree=147
num_leaves=7
num_cat=1
split_feature=35 3 70 16 16 7
split_gain=3.59522 5.46645 4.87023 2.43632 3.15737 0.92649
threshold=0.00059050786986254169 1.0000000180025095e-35 0 1.5753076502974453e-10 0.0044007685711497484 222.68125000000003
decision_type=2 2 1 2 2 2
left_child=1 -1 5 -3 -5 -2
right_child=2 3 -4 4 -6 -7
leaf_value=0.011800647624447755 0.019599669009369297 0.003176411344091001 -0.0030737778310414459 -0.011993489254287502 -0.001255272061627552 0.0073719002155864001
leaf_weight=9.9748615473508817 11.290807649493219 15.043711960315703 14.210677824914454 18.330565974116325 29.281298518180847 7.9349657185375682
leaf_count=67 102 74 70 89 137 67
internal_value=0.00130658 -0.00113242 0.00665781 -0.00343867 -0.00567459 0.0103476
internal_weight=106.067 72.6304 33.4365 62.6556 47.6119 19.2258
internal_count=606 367 239 300 226 169
cat_boundaries=0 1
cat_threshold=2
is_linear=0
shrinkage=0.02


Tree=148
num_leaves=9
num_cat=1
split_feature=2 52 8 7 15 72 15 25
split_gain=3.9759 3.97336 3.74885 5.57771 3.70619 2.65407 2.45768 1.66241
threshold=627.50000000000011 1.0000000180025095e-35 231.12500000000003 160.20000000000002 0.0054702030713644368 0 1.331013114602395e-31 -0.00075143431107337175
decision_type=2 2 2 2 2 9 2 2
left_child=4 7 3 -3 5 -1 -7 -2
right_child=1 2 -4 -5 -6 6 -8 -9
leaf_value=0.0079633684932985914 -0.0014502733712906978 -0.0054267542199457333 -0.0097946565608760389 0.014833702005329238 0.012522847136642699 0.0037433161138250297 -0.0065596015487910274 -0.015649201218573987
leaf_weight=12.452535949647427 5.9529393613338497 9.3876827210187965 9.3952964767813665 10.031853243708609 11.764378704130648 13.936244562268255 21.906427055597305 12.58020258694887
leaf_count=73 33 49 55 62 66 81 119 72
internal_value=-0.000410687 -0.00473959 0 0.00495956 0.00292547 0.000259286 -0.00239792 -0.0117033
internal_weight=107.408 47.348 28.8148 19.4195 60.0596 48.2952 35.8427 18.5331
internal_count=610 271 166 111 339 273 200 105
cat_boundaries=0 1
cat_threshold=4
is_linear=0
shrinkage=0.02


Tree=149
num_leaves=6
num_cat=0
split_feature=34 25 25 15 46
split_gain=4.71806 3.03538 3.41242 4.74569 2.8856
threshold=0.58401259010630546 -0.0030584864736464281 0.00028903532886077052 1.4579370332665009e-22 17.500000000000004
decision_type=2 2 2 2 2
left_child=-1 -2 4 -4 -3
right_child=1 2 3 -5 -6
leaf_value=-0.012194101857537783 0.012206367105458381 0.0032465899422415407 -0.0042407339332078461 0.0090404663333751908 -0.0072324760653620177
leaf_weight=12.364356614649294 7.0881507992744437 13.297389496117829 17.01530758664012 24.705374371260405 34.740436788648367
leaf_count=65 40 74 101 138 194
internal_value=-0.00103731 0.000435818 -0.000551834 0.00351096 -0.00420235
internal_weight=109.211 96.8467 89.7585 41.7207 48.0378
internal_count=612 547 507 239 268
is_linear=0
shrinkage=0.02


Tree=150
num_leaves=10
num_cat=0
split_feature=22 25 23 13 7 42 7 8 7
split_gain=5.51138 8.09924 5.30063 3.25315 2.1741 1.67276 1.61203 0.862373 0.246325
threshold=0.0024455910564777869 -0.0016317314667194649 0.43354913459608824 1.0000000180025095e-35 209.82500000000002 2.6666666666663006 281.79375000000005 263.65000000000003 193.53750000000002
decision_type=2 2 2 2 2 2 2 2 2
left_child=1 4 3 -3 -1 -2 -6 -7 -4
right_child=5 2 8 -5 6 7 -8 -9 -10
leaf_value=0.014863014646012839 -0.00053043166519711857 0.00086120675573131758 -0.0088218983797237246 -0.0097002258087913358 -0.0046341173615845836 0.015777918332687078 0.0076863796146883099 0.0038758804391760067 -0.019221378757366736
leaf_weight=7.2746777050197151 5.6427572965621975 27.891194980591536 7.1797518581151989 17.855822499841452 7.1347539611160737 7.6968111731111986 7.4467680081725121 6.8772431686520576 11.075947612524031
leaf_count=40 30 153 39 101 40 51 47 42 60
internal_value=-0.00132488 -0.00359304 -0.00720434 -0.00325207 0.00657215 0.00774034 0.00136236 0.0111563 -0.0161135
internal_weight=106.076 85.8589 64.0027 45.747 21.8562 20.2168 14.5815 14.5741 18.2557
internal_count=603 480 353 254 127 123 87 93 99
is_linear=0
shrinkage=0.02


Tree=151
num_leaves=8
num_cat=1
split_feature=72 35 36 17 8 9 36
split_gain=3.54883 3.54838 4.36803 3.43572 4.39174 2.75525 1.76151
threshold=0 -0.00018946796957748085 -0.68440092864887325 2.3802725592411019e-24 217.30000000000004 236.53750000000002 0.021229087926194257
decision_type=9 2 2 2 2 2 2
left_child=6 2 -2 -3 -5 -4 -1
right_child=1 3 5 4 -6 -7 -8
leaf_value=-0.013129979182860425 0.0068786830526427322 -0.0048579879994326532 -0.011204609422964949 0.014628911300209267 0 0.00078217083743515714 -0.00063443664255547275
leaf_weight=9.6642050296068209 13.077025502920149 8.2427259832620603 17.962088644504551 19.600966993719339 14.803520541638134 11.194681532680987 9.8813385069370252
leaf_count=48 74 50 81 136 91 60 56
internal_value=0 0.00180978 -0.00217638 0.00585419 0.00865484 -0.00653003 -0.00744319
internal_weight=104.427 84.881 42.2338 42.6472 34.4045 29.1568 19.5455
internal_count=596 492 215 277 227 141 104
cat_boundaries=0 1
cat_threshold=1
is_linear=0
shrinkage=0.02


Tree=152
num_leaves=5
num_cat=0
split_feature=14 14 7 34
split_gain=3.55629 4.43789 4.3655 4.61099
threshold=2.5238668405257158e-33 0.99770544422574126 76.90000000000002 0.9941066698910449
decision_type=2 2 2 2
left_child=-1 2 -2 -4
right_child=1 -3 3 -5
leaf_value=-0.011105557777224613 -0.0082377299426744342 -0.010107296389301025 -0.0003950533808263252 0.0099007102316428248
leaf_weight=10.743212804198263 11.717438921332358 12.198551688343285 35.124711379408836 31.405945412814617
leaf_count=58 61 70 197 195
internal_value=-0.000724228 0.000551209 0.00239511 0.00445088
internal_weight=101.19 90.4466 78.2481 66.5307
internal_count=581 523 453 392
is_linear=0
shrinkage=0.02


Tree=153
num_leaves=7
num_cat=0
split_feature=25 25 23 8 23 22
split_gain=3.38677 3.64784 5.2349 5.19325 3.30794 1.21477
threshold=-0.002698104182168295 0.0012937994660371678 0.72391944520864271 42.225000000000009 0.9283090236280126 0.0011935721656211702
decision_type=2 2 2 2 2 2
left_child=-1 3 5 -2 -5 -3
right_child=1 2 -4 4 -6 -7
leaf_value=0.010740890363004661 0.011021338110978201 0.0037216115012358281 0.016312341476654429 -0.0030385668013628063 -0.015246166247915059 -0.0063596219373115923
leaf_weight=9.8834808021783811 7.7071376368403426 7.6995613314211431 9.4916264675557596 54.332804385572672 10.441773392260073 8.8737932965159398
leaf_count=60 41 42 59 307 59 48
internal_value=0.000100637 -0.0010034 0.00519955 -0.00335609 -0.00529955 -0.00138944
internal_weight=108.43 98.5467 26.065 72.4817 64.7746 16.5734
internal_count=616 556 149 407 366 90
is_linear=0
shrinkage=0.02


Tree=154
num_leaves=10
num_cat=0
split_feature=35 10 10 34 2 11 22 23 16
split_gain=3.98663 9.8087 7.69234 4.65535 4.28839 2.87191 2.31241 1.74157 1.40789
threshold=-0.00040369104475666086 1.0000000180025095e-35 1.0000000180025095e-35 0.9941066698910449 632.50000000000011 5.7178366838237948e-05 -0.00027387579027241411 0.55260360162622524 0.0014009748051963626
decision_type=2 2 2 2 2 2 2 2 2
left_child=2 6 -1 -4 5 -3 -2 -6 -5
right_child=1 4 3 8 7 -7 -8 -9 -10
leaf_value=0.01077345299912758 -0.017302472663598849 0.0037367197922462446 -0.016884584623806615 0.0017949754545240567 -0.0056672240053170439 0.017788097407255534 -0.0017132672963894669 0.006203810738881683 -0.0078073445723160799
leaf_weight=8.1140151023864728 8.6512343436479586 12.562327738851311 17.550578504800797 11.246000632643701 10.621270880103113 14.278044905513523 8.2563622519373876 7.4745226353406897 10.144758954644201
leaf_count=58 40 75 83 51 62 106 41 54 48
internal_value=-0.0013444 0.00191445 -0.00570299 -0.0094701 0.00686082 0.0117975 -0.0105457 -0.000381551 -0.00263634
internal_weight=108.899 61.8438 47.0554 38.9413 44.9362 26.8404 16.9076 18.0958 21.3908
internal_count=618 378 240 182 297 181 81 116 99
is_linear=0
shrinkage=0.02


Tree=155
num_leaves=8
num_cat=1
split_feature=22 74 14 35 16 2 36
split_gain=5.53099 5.48198 3.77248 3.43717 6.68058 4.71696 2.49195
threshold=0.0034948776076191017 0 4.5485419526798083e-05 -0.00015372790524708195 0.038875127043861292 622.50000000000011 -0.10971008676894127
decision_type=2 9 2 2 2 2 2
left_child=1 6 -2 4 -3 -5 -1
right_child=2 3 -4 5 -6 -7 -8
leaf_value=-0.00055169551377719467 0.00086948874343635726 0.0054254559965651828 0.022831520980436251 0.013507942730526872 -0.011225624136733571 -0.00051666443374233937 -0.016720129114054509
leaf_weight=7.2880639731884029 6.6370590776205045 19.092638552188873 6.3489499352872372 16.95643338561058 17.214602135121822 18.769927527755499 9.6689379215240461
leaf_count=38 40 98 43 114 87 118 53
internal_value=0.00118814 -0.000578694 0.0129006 0.00179207 -0.00239789 0.00616288 -0.0105228
internal_weight=101.977 88.9906 12.986 72.0336 36.3072 35.7264 16.957
internal_count=591 508 83 417 185 232 91
cat_boundaries=0 1
cat_threshold=1
is_linear=0
shrinkage=0.02


Tree=156
num_leaves=9
num_cat=0
split_feature=16 18 16 15 35 16 35 42
split_gain=5.15759 3.82593 3.30021 3.1462 4.00522 3.53126 2.44268 1.18274
threshold=0.03712459814230535 8.0524935397487833e-28 0.0044007685711497484 0.0013820887006000889 -0.00075561819747866244 1.4693880191807326e-05 0.00040286876666240079 2.6666666666666212
decision_type=2 2 2 2 2 2 2 2
left_child=2 7 3 5 -5 -1 -3 -2
right_child=1 6 -4 4 -6 -7 -8 -9
leaf_value=0.0031969737998653941 -0.013826742689492039 -0.0046104975822984845 0.014922157214270029 0.019628279299340575 0 -0.0090447346773138287 0.0085002521273583528 -0.002380549662453023
leaf_weight=25.231320131570101 14.55658693611622 11.588402427732946 8.6375619024038297 6.8663088083267239 9.3144965693354589 13.517252311110495 9.1295181140303594 7.1511406153440467
leaf_count=145 73 60 49 36 54 84 68 42
internal_value=0.000379442 -0.00489196 0.00401187 0.00195283 0.00911858 -0.00104265 0.00101597 -0.0105912
internal_weight=105.993 42.4256 63.5669 54.9294 16.1808 38.7486 20.7179 21.7077
internal_count=611 243 368 319 90 229 128 115
is_linear=0
shrinkage=0.02


Tree=157
num_leaves=10
num_cat=0
split_feature=17 17 15 46 2 8 9 42 7
split_gain=3.56482 4.25946 3.97368 3.76257 3.41705 3.27763 2.86548 2.17232 0.683967
threshold=1.4488435298059672e-05 5.3534292977096412e-12 5.9263102859548952e-06 17.500000000000004 632.50000000000011 248.87500000000003 176.72500000000005 2.6666666666665031 179.72500000000002
decision_type=2 2 2 2 2 2 2 2 2
left_child=1 4 3 -2 6 -3 -1 -5 -4
right_child=2 5 8 7 -6 -7 -8 -9 -10
leaf_value=0.015710698945470662 0.015546974489022859 -0.01693476095254097 0 -0.0023313702728473672 -0.0071763541422612907 -0.00058379898420247056 0 0.008228114698300093 -0.008331735248907856
leaf_weight=6.6179866641759935 12.179771423339842 12.192152645438911 6.5025409497320643 16.174125626683239 11.652766406536101 9.1806571036577207 12.421027190983294 12.614728897809981 8.67960027605295
leaf_count=35 70 64 34 96 68 49 71 79 50
internal_value=-7.56179e-05 -0.00386059 0.00333507 0.00659754 0.000772719 -0.0105194 0.00605267 0.00221507 -0.00496151
internal_weight=108.215 52.0646 56.1508 40.9686 30.6918 21.3728 19.039 28.7889 15.1821
internal_count=616 287 329 245 174 113 106 175 84
is_linear=0
shrinkage=0.02


Tree=158
num_leaves=10
num_cat=0
split_feature=42 46 34 18 18 15 25 9 9
split_gain=3.79833 4.2845 4.04009 2.3182 4.06135 2.4753 2.05631 1.56661 3.75868
threshold=2.6666666666666772 17.500000000000004 0.84136621178762672 4.2891830357407614e-11 1.2252612406977532e-05 8.3360644767135955e-21 -0.00099715170406094729 222.19375000000005 296.36875000000003
decision_type=2 2 2 2 2 2 2 2 2
left_child=1 6 -2 5 -5 -3 -1 -4 -9
right_child=2 3 7 4 -6 -7 -8 8 -10
leaf_value=-0.0027824482159973709 -0.0050858630600499185 -0.001735423158216386 0.016413669886720949 0.010067054068744389 -0.007577627294205495 -0.012718467301759269 0.010102088409645707 -0.0038452706775928647 0.015176917286488822
leaf_weight=6.7798242419958141 9.7691681161522848 15.188293147832153 8.1565563417971152 7.9937647990882423 11.418252751231192 22.849043130874634 11.152256451547144 8.2007225453853589 6.2719418704509726
leaf_count=40 54 85 50 54 63 125 59 50 41
internal_value=-0.000637547 -0.0031403 0.00492564 -0.00583372 0 -0.00864344 0.00502408 0.00953392 0.0044586
internal_weight=107.78 75.3814 32.3984 57.4494 19.412 38.0373 17.9321 22.6292 14.4727
internal_count=621 426 195 327 117 210 99 141 91
is_linear=0
shrinkage=0.02


Tree=159
num_leaves=9
num_cat=1
split_feature=34 7 22 15 74 34 35 36
split_gain=3.39305 7.01872 2.64628 3.48775 1.53933 1.91275 1.65903 0.199986
threshold=0.9941066698910449 141.34375000000003 -0.0063477503861331898 9.6442019692985729e-09 0 0.64044234940038891 0.00072379976831237456 -0.068304607652162522
decision_type=2 2 2 2 9 2 2 2
left_child=4 -2 -3 -4 -1 7 -7 -6
right_child=1 2 3 -5 5 6 -8 -9
leaf_value=-0.010201870207677512 -0.0074114562389950237 -0.0040032988969301488 0.0039614180392926338 0.017442545532554064 -0.00284157586291729 -0.0011663059678330273 0.0089427788523446915 -0.0098439004605094336
leaf_weight=9.3626091554760933 14.621702119708059 4.8673021085560313 19.399082068353891 14.783432859927414 7.4121909886598587 23.635041236877445 7.5574013702571383 7.3756756931543332
leaf_count=48 78 27 118 87 38 118 61 43
internal_value=0.000259677 0.00385657 0.00830526 0.0102924 -0.00312863 -0.00137416 0.00129828 -0.00711643
internal_weight=109.014 53.6715 39.0498 34.1825 55.3429 45.9803 31.1924 14.7879
internal_count=618 310 232 205 308 260 179 81
cat_boundaries=0 1
cat_threshold=1
is_linear=0
shrinkage=0.02


Tree=160
num_leaves=7
num_cat=0
split_feature=7 22 22 16 7 15
split_gain=3.91232 2.77258 3.15471 4.09763 3.86502 0.814198
threshold=42.531250000000007 0.0036115116351242388 -0.00055466677671657451 0.99210650156495062 95.425000000000011 1.4579370332665009e-22
decision_type=2 2 2 2 2 2
left_child=-1 2 3 -2 -4 -3
right_child=1 5 4 -5 -6 -7
leaf_value=0.014237419515101895 0.0042951786243674277 0.00076410023936173787 -0.017345322752239444 -0.0099320368620944965 -0.0027862825772910307 0.0120245078717601
leaf_weight=6.017598830163478 35.6404491327703 6.2553283758461458 9.12939305603504 9.2956281974911672 33.48260897025466 6.0205052979290485
leaf_count=30 209 41 50 45 191 41
internal_value=-0.000138343 -0.00119707 -0.00251451 0.00106933 -0.00636925 0.00722832
internal_weight=105.842 99.8239 87.5481 44.9361 42.612 12.2758
internal_count=607 577 495 254 241 82
is_linear=0
shrinkage=0.02


Tree=161
num_leaves=6
num_cat=0
split_feature=25 8 36 10 10
split_gain=4.17328 4.1175 3.49901 13.855 11.884
threshold=-0.0028168693504235752 42.225000000000009 0.18549731484652918 1.0000000180025095e-35 1.0000000180025095e-35
decision_type=2 2 2 2 2
left_child=-1 -2 3 -3 -4
right_child=1 2 4 -5 -6
leaf_value=0.014410260613701079 0.013505441105723557 0.01695900859700282 -0.011598585488467964 -0.0086840136795812289 0.01295150181460036
leaf_weight=7.8947841040790072 7.3552837967872611 9.140910252928732 11.318875461816789 47.199335820972919 20.519075810909271
leaf_count=49 38 60 54 223 172
internal_value=0.00130479 2.15542e-05 -0.00117474 -0.00419573 0.00395344
internal_weight=103.428 95.5335 88.1782 56.3402 31.838
internal_count=596 547 509 283 226
is_linear=0
shrinkage=0.02


Tree=162
num_leaves=8
num_cat=0
split_feature=17 14 9 18 1 14 40
split_gain=3.74881 3.97928 5.3819 3.92215 3.40137 2.7641 2.98671
threshold=1.6270429809356859e-05 0.93398665933614122 309.21250000000003 2.2737168667955049e-06 42.500000000000007 0.99881911446459359 6.4653750000002228
decision_type=2 2 2 2 2 2 2
left_child=4 2 3 -2 5 6 -1
right_child=1 -3 -4 -5 -6 -7 -8
leaf_value=0.0063737053055487368 -0.0057567037840577885 0.016027062799014679 0.013348392302191538 0.0083465942799190295 -0.016012314900246485 -0.012174605080720437 -0.0047472591164283836
leaf_weight=17.149779446423054 31.989324923604727 7.1463529281318179 9.9590728729963285 9.1673769839107973 7.5142355225980273 7.5169071853160849 19.477704674005508
leaf_count=93 182 45 61 56 41 42 110
internal_value=-0.000394452 0.00300025 0.0007913 -0.00234949 -0.00432131 -0.00188776 0.000331364
internal_weight=109.921 58.2621 51.1158 41.1567 51.6586 44.1444 36.6275
internal_count=630 344 299 238 286 245 203
is_linear=0
shrinkage=0.02


Tree=163
num_leaves=8
num_cat=2
split_feature=12 72 16 36 34 23 78
split_gain=5.02621 3.4339 4.20797 3.29568 3.24619 3.23346 1.45766
threshold=1.1500000000000001 0 0.94906929683830954 -0.92132370586975854 1.0820064797765772 0.43043341562081494 1
decision_type=2 9 2 2 2 2 1
left_child=1 6 3 -3 -2 -4 -1
right_child=4 2 5 -5 -6 -7 -8
leaf_value=0.0006267870911836217 -0.015415037387099087 -0.0050366489228633165 0.0049738407710644078 0.0094473821179751685 0 -0.010663785214048494 -0.010410987783908632
leaf_weight=7.3347858898341656 10.420615524053575 6.0560671910643569 8.784569129347803 45.342688456177711 11.355424940586088 9.9775468036532384 8.7534780874848384
leaf_count=43 56 35 44 275 62 60 47
internal_value=0.000422113 0.00265405 0.00460763 0.00756274 -0.00788296 -0.00315732 -0.00528545
internal_weight=108.025 86.2491 70.1609 51.3988 21.776 18.7621 16.0883
internal_count=622 504 414 310 118 104 90
cat_boundaries=0 1 2
cat_threshold=1 2
is_linear=0
shrinkage=0.02


Tree=164
num_leaves=10
num_cat=1
split_feature=7 41 23 77 2 12 17 15 17
split_gain=4.09212 5.80583 3.10993 2.74172 2.52796 2.57069 2.1641 1.84016 0.978287
threshold=141.34375000000003 16.830500000000033 0.2754794822982255 0 632.50000000000011 1.1500000000000001 6.7896605566953326e-07 1.1878472079855391e-09 7.6082377866581403e-05
decision_type=2 2 2 1 2 2 2 2 2
left_child=2 3 7 -2 5 -3 -6 -1 -4
right_child=1 4 8 -5 6 -7 -8 -9 -10
leaf_value=-0.0034659803261047279 0.0015896112929691816 0.0052175704167194492 -0.0049337835250002782 0.016928625320607748 -0.014874878140421207 -0.0067707592617875156 -0.00075641906780046938 -0.019122612702358183 0.0046682302912372129
leaf_weight=7.0677568688988703 9.244043592363596 24.325930744409561 7.295987240970133 11.61756032332778 7.4442115947604206 8.7217972278594953 11.199119012802838 7.7723701819777489 7.6898249685764313
leaf_count=39 55 151 38 67 44 48 69 41 42
internal_value=-0.000393836 0.00211228 -0.00655545 0.0107898 -0.00141425 0.00177151 -0.00716957 -0.0127343 0
internal_weight=102.379 72.5527 29.8259 20.8616 51.6911 33.0477 18.6433 14.8401 14.9858
internal_count=594 434 160 122 312 199 113 80 80
cat_boundaries=0 1
cat_threshold=1
is_linear=0
shrinkage=0.02


Tree=165
num_leaves=10
num_cat=0
split_feature=35 3 11 11 35 17 17 1 8
split_gain=3.0782 5.42748 3.95762 3.96893 3.24138 3.0473 3.10708 1.38839 0.746104
threshold=-0.00020872011423304337 1.0000000180025095e-35 0.00024071326802092252 5.2845704563377509e-05 0.00050083474687013412 0.0002413723225787437 8.7699743101575124e-08 22.500000000000004 184.90000000000001
decision_type=2 2 2 2 2 2 2 2 2
left_child=1 -1 3 4 -2 6 -3 -5 -7
right_child=2 5 -4 7 -6 8 -8 -9 -10
leaf_value=0.011214550531261058 -0.0080928675188710816 -0.0058440032822020841 -0.0054592195588032645 0.017013867386100945 0.0084282475801946474 -0.014934197815824776 0.0083535809026784365 0.0052839149287006813 -0.005055963975484766
leaf_weight=8.2940296158194524 8.8568344861269015 15.532878234982492 11.58249733224511 12.719422943890097 8.1642173416912538 10.671899110078813 8.7650845348834974 10.17830169200897 9.4948274046182615
leaf_count=59 40 74 60 94 63 50 41 72 48
internal_value=0.000732234 -0.00257053 0.00421444 0.00723272 0 -0.00546395 -0.00035753 0.0124901 -0.0110254
internal_weight=104.26 52.7587 51.5013 39.9188 17.0211 44.4647 24.298 22.8977 20.1667
internal_count=601 272 329 269 103 213 115 166 98
is_linear=0
shrinkage=0.02


Tree=166
num_leaves=6
num_cat=0
split_feature=14 22 9 34 34
split_gain=5.69275 3.68497 3.96678 7.22992 3.72945
threshold=0.99785712775562041 -0.0044334587513831644 92.975000000000009 1.0162740684562779 0.90393541456382354
decision_type=2 2 2 2 2
left_child=1 -1 4 -4 -3
right_child=-2 2 3 -5 -6
leaf_value=-0.0066520232790943327 -0.011825001785412171 0.006764400570349779 0.00090786181927566504 0.01485759428496604 -0.0096337498440034353
leaf_weight=13.495896998792885 11.353424102067946 7.9523472711443928 37.637110311537981 24.862069118767977 12.892713405191897
leaf_count=75 68 40 215 153 68
internal_value=0.000893252 0.00255127 0.00417389 0.00669812 -0.00307995
internal_weight=108.194 96.8401 83.3442 62.4992 20.8451
internal_count=619 551 476 368 108
is_linear=0
shrinkage=0.02


Tree=167
num_leaves=9
num_cat=0
split_feature=7 22 46 40 36 7 16 22
split_gain=3.61115 4.09432 3.08458 3.06063 2.493 2.4221 3.03242 2.30532
threshold=251.50000000000003 0.0024048797018599009 19.500000000000004 8.3497499999994051 0.22043108117252033 224.72500000000002 0.089574477925991727 0.00052261446681021561
decision_type=2 2 2 2 2 2 2 2
left_child=2 3 5 -2 -5 6 -1 -4
right_child=1 -3 7 4 -6 -7 -8 -9
leaf_value=0.0019061827751830141 -0.021079352286600465 0.0049082385996970816 0.019056447479154401 0.00032534806776200189 -0.012406095925214616 0.0090221471185311635 -0.0086994365787838417 0.0022900126898410056
leaf_weight=25.777029056102037 6.1591542437672642 9.8869533874094468 5.6603704988956443 13.05259505659342 9.2767123803496343 8.3294276818633062 16.516103677451611 9.0247702412307245
leaf_count=147 33 63 34 73 55 50 91 53
internal_value=-0.000608345 -0.00544493 0.00218245 -0.00928608 -0.0050118 -0.000100089 -0.00220216 0.00993806
internal_weight=103.683 38.3754 65.3077 28.4885 22.3293 50.6226 42.2931 14.6851
internal_count=599 224 375 161 128 288 238 87
is_linear=0
shrinkage=0.02


Tree=168
num_leaves=7
num_cat=0
split_feature=25 35 10 10 2 46
split_gain=3.39332 2.63549 12.1279 4.94898 3.59397 2.21354
threshold=-0.002698104182168295 -0.00018946796957748085 1.0000000180025095e-35 1.0000000180025095e-35 632.50000000000011 17.500000000000004
decision_type=2 2 2 2 2 2
left_child=-1 2 -2 -3 -5 -4
right_child=1 3 5 4 -6 -7
leaf_value=0.0098451758071017199 0.013752080948243713 -0.008563493941892656 -0.0010933995270665606 0.011245894808190883 -0.0017692462525170469 -0.012607073712432477
leaf_weight=9.6769389510154706 9.7584020271897298 12.622990265488623 10.221696697175501 18.504877418279651 13.371378950774668 30.672200351953506
leaf_count=57 63 58 51 138 91 142
internal_value=-0.0007676 -0.00200049 -0.00510361 0.00143437 0.00571608 -0.00996717
internal_weight=104.828 95.1515 50.6523 44.4992 31.8763 40.8939
internal_count=600 543 256 287 229 193
is_linear=0
shrinkage=0.02


Tree=169
num_leaves=6
num_cat=0
split_feature=34 14 14 18 17
split_gain=5.10971 5.05468 6.56842 3.1167 0.321801
threshold=0.6219762201643001 0.99941777587941838 0.96157383386465967 1.1116437270013685e-15 7.0183724596326939e-05
decision_type=2 2 2 2 2
left_child=4 2 3 -2 -1
right_child=1 -3 -4 -5 -6
leaf_value=-0.013182475205700442 -0.0015923805565939775 -0.011089165853259223 0.0213127223768474 0.0065408902051777434 -0.0043854953133070753
leaf_weight=7.2087238878011686 37.346213936805725 8.3521914482116681 7.2927068658173075 34.775133538991213 7.4867824241518974
leaf_count=39 215 47 52 210 41
internal_value=0.000797798 0.00270341 0.00434849 0.00228305 -0.00964799
internal_weight=102.462 87.7662 79.4141 72.1213 14.6955
internal_count=604 524 477 425 80
is_linear=0
shrinkage=0.02


Tree=170
num_leaves=6
num_cat=0
split_feature=22 62 36 16 36
split_gain=4.12783 2.06886 5.485 2.23027 1.9412
threshold=0.0036115116351242388 1.0000000180025095e-35 0.50778523553225696 0.99210650156495062 -0.59255400426122595
decision_type=2 2 2 2 2
left_child=1 4 3 -3 -1
right_child=-2 2 -4 -5 -6
leaf_value=-0.00078987303283455578 0.011037958817022518 0.00063540057434611206 0.015179247602779311 -0.0081101337584908711 -0.013033510624437
leaf_weight=14.069907620549204 12.157678253948687 49.880980044603348 8.2344078794121724 13.827823072671888 8.6108515411615354
leaf_count=73 79 272 93 64 42
internal_value=0.000503917 -0.000888071 0.00071625 -0.00126607 -0.00604569
internal_weight=106.782 94.624 71.9432 63.7088 22.6808
internal_count=623 544 429 336 115
is_linear=0
shrinkage=0.02


Tree=171
num_leaves=7
num_cat=0
split_feature=22 34 36 10 10 14
split_gain=4.11666 3.67061 3.7763 3.80458 3.24838 1.93398
threshold=0.0036115116351242388 0.50486859703068065 0.3260706393681792 1.0000000180025095e-35 1.0000000180025095e-35 1.6764329655998524e-05
decision_type=2 2 2 2 2 2
left_child=1 -1 4 -4 -3 -2
right_child=5 2 3 -5 -6 -7
leaf_value=-0.012983931487489398 0.001621291062753329 0.0066294325710338688 -0.0034524069025164382 0.0156374619889664 -0.0037380060343070345 0.017827957701173999
leaf_weight=7.9089557826519004 6.671684190630911 14.112756699323652 5.3693894147872916 10.512193836271761 55.868454836308956 6.5623033046722412
leaf_count=43 41 86 25 102 271 47
internal_value=0.000715067 -0.000738903 0.000456423 0.00900578 -0.00149879 0.0107671
internal_weight=107.006 93.7718 85.8628 15.8816 69.9812 13.234
internal_count=615 527 484 127 357 88
is_linear=0
shrinkage=0.02


Tree=172
num_leaves=10
num_cat=1
split_feature=74 23 18 7 17 11 13 42 18
split_gain=3.24182 3.56307 4.76151 4.37845 4.97206 3.72422 2.69349 2.64559 2.10362
threshold=0 0.44958335947478595 2.2018086887861377e-10 193.53750000000002 9.7463355261334387e-07 5.8437698083874448e-05 1.0000000180025095e-35 2.6666666666666248 2.3060422931080701e-32
decision_type=9 2 2 2 2 2 2 2 2
left_child=7 2 8 6 -5 -4 -3 -1 -2
right_child=1 3 5 4 -6 -7 -8 -9 -10
leaf_value=-0.013840983712626327 -0.0036454706793050385 0.0028600547640038544 -0.0045712548568185895 -0.0099935404235416934 0.0073608526862192058 0.01430203278889397 0.021336163605057017 0 -0.014904132453973731
leaf_weight=12.979354105889799 23.46144238114357 7.3222927711904031 6.5317999236285669 11.201313685625793 13.298843637108801 7.9094082750380039 6.8672946728765965 10.393183540552853 10.393950041383503
leaf_count=69 123 43 39 66 89 48 41 59 57
internal_value=-0.00170363 3.3868e-05 -0.00348903 0.0045598 -0.000418924 0.00563381 0.0130129 -0.00815238 -0.00760257
internal_weight=110.359 86.9863 48.2966 38.6897 24.5002 14.4412 14.1896 23.3725 33.8554
internal_count=634 506 267 239 155 87 84 128 180
cat_boundaries=0 1
cat_threshold=1
is_linear=0
shrinkage=0.02


Tree=173
num_leaves=10
num_cat=0
split_feature=2 17 22 35 15 35 11 17 14
split_gain=2.94629 3.71636 2.61406 3.26766 3.91317 3.20352 3.5612 2.47442 1.69209
threshold=647.50000000000011 3.3007068877535021e-05 -0.0017990560665464561 -0.0011001398397474367 7.5258549479176458e-07 -0.00065173361945023605 0.00013233336979933755 0.0002413723225787437 1.4716287010676802e-05
decision_type=2 2 2 2 2 2 2 2 2
left_child=2 -2 5 7 -5 -1 -7 -4 -3
right_child=1 8 3 4 -6 6 -8 -9 -10
leaf_value=0.0057264320081685735 -0.013601733033509603 -0.0055538347925445479 0.0043170892468406509 0.012934769905428578 -7.9405213336179969e-05 0 -0.019011613026167364 -0.0089079054618084602 0.0073778304807299465
leaf_weight=7.8213910609483746 11.964756973087789 6.6500141024589521 10.287906467914583 21.514652878046036 14.124030146747826 8.1202106177806836 6.5802541747689238 9.8827903643250448 7.298938374966383
leaf_count=45 67 38 56 132 79 55 35 51 47
internal_value=-8.53613e-05 -0.00585582 0.00179775 0.00415088 0.00775194 -0.0037068 -0.00915298 -0.00199389 0.000852317
internal_weight=104.245 25.9137 78.3312 55.8094 35.6387 22.5219 14.7005 20.1707 13.949
internal_count=605 152 453 318 211 135 90 107 85
is_linear=0
shrinkage=0.02


Tree=174
num_leaves=7
num_cat=0
split_feature=34 41 8 16 14 15
split_gain=3.43765 4.64532 2.75413 2.59332 2.12716 1.39859
threshold=0.64044234940038891 28.509999999999767 263.65000000000003 0.032515520349341347 0.005091650624215357 7.006129044821723e-19
decision_type=2 2 2 2 2 2
left_child=4 2 3 -2 -1 -3
right_child=1 5 -4 -5 -6 -7
leaf_value=-0.014617999698461384 0.0051644715541912236 0.0034666149465020454 -0.0092094324212229749 -0.0028651483799291759 0 0.01777511888959089
leaf_weight=7.7751410678029043 35.01123895123601 6.7289299704134447 10.16088095679879 27.249373115599155 7.0495805218815804 7.5375556200742722
leaf_count=41 201 38 63 152 39 50
internal_value=0.000463272 0.00206191 0 0.00156559 -0.0080452 0.0120885
internal_weight=101.513 86.688 72.4215 62.2606 14.8247 14.2665
internal_count=584 504 416 353 80 88
is_linear=0
shrinkage=0.02


Tree=175
num_leaves=9
num_cat=0
split_feature=22 9 9 22 1 17 17 2
split_gain=4.28665 3.61119 5.62239 3.95866 4.26337 3.06654 3.01692 0.481279
threshold=0.0037353679877192903 213.03125000000003 232.30625000000003 -0.00055466677671657451 17.500000000000004 0.0011687994696595728 5.3534292977096412e-12 632.50000000000011
decision_type=2 2 2 2 2 2 2 2
left_child=1 3 -3 4 -1 -4 -5 -2
right_child=7 2 5 6 -6 -7 -8 -9
leaf_value=0.015711552722542585 0.014400604417462298 -0.018463255705969378 -0.0056333077386291879 0.0075485737241070055 -0.00020821419366232481 0.0068727928314583058 -0.0078753827038046294 0.0041831547529227794
leaf_weight=11.651767838746311 6.0645932145416719 9.9202688857913 24.166748225688934 5.7066936939954784 12.775967076420782 10.15453966706991 17.78395077958703 7.1485079415142536
leaf_count=69 36 58 134 31 70 64 100 50
internal_value=-0.000190897 -0.00180472 -0.00589575 0.00189307 0.00746864 -0.00167347 -0.00372815 0.00997818
internal_weight=105.373 92.1599 44.2416 47.9184 24.4277 34.3213 23.4906 13.2131
internal_count=612 526 256 270 139 198 131 86
is_linear=0
shrinkage=0.02


Tree=176
num_leaves=8
num_cat=0
split_feature=11 40 16 23 25 40 17
split_gain=3.42 3.43173 3.20862 2.94781 2.73293 3.67779 1.92869
threshold=5.7438018274676478e-05 5.4485624999997535 0.99244621565186242 0.30803479173214465 0.00038912630874167898 10.450874999999543 4.8125772569988476e-16
decision_type=2 2 2 2 2 2 2
left_child=2 -2 3 -1 5 -3 -6
right_child=1 4 -4 -5 6 -7 -8
leaf_value=-0.0076754036263067408 0.011809811901365876 -0.0068980639075067896 -0.014994290579604641 0.0054178397513168098 -0.0028242951272550399 0.0068169924902523075 0.0095643923556114618
leaf_weight=12.225757379084827 13.331391502171753 24.524641122668982 7.9306074306368819 13.099561709910629 5.6242872141301659 9.9986670799553377 16.326365388929844
leaf_count=68 78 144 39 78 33 63 100
internal_value=0.000481769 0.00303883 -0.00464247 -0.000726444 0.000694479 -0.00267691 0.00614393
internal_weight=103.061 69.8054 33.2559 25.3253 56.474 34.5233 21.9507
internal_count=603 418 185 146 340 207 133
is_linear=0
shrinkage=0.02


Tree=177
num_leaves=9
num_cat=0
split_feature=7 35 14 8 34 8 18 17
split_gain=4.22822 3.25051 4.36422 3.78195 2.76831 2.33017 2.51781 1.90423
threshold=278.73125000000005 0.00059987817969796677 0.97480624365247293 84.425000000000011 0.92501375545974929 192.60000000000002 1.9910753910039096e-31 2.8886025913689777e-06
decision_type=2 2 2 2 2 2 2 2
left_child=1 2 3 -1 -2 6 -3 -6
right_child=4 5 -4 -5 7 -7 -8 -9
leaf_value=-0.014653168719120455 0 0 0.0079376162793639155 -0.0025756330043059166 0.0030968954468137922 -0.0039377837905952232 0.017253004765157207 0.018096191992779512
leaf_weight=15.375798024237154 13.512464568018915 6.2982264086604136 8.58102138340473 34.416273154318333 7.6280503831803825 6.4690796397626391 6.7588630840182304 8.8448987454175931
leaf_count=72 78 48 43 171 46 50 64 60
internal_value=0.000512754 -0.00189139 -0.004297 -0.00663837 0.00681161 0.0048668 0.00962563 0.0120687
internal_weight=107.885 77.8993 58.3731 49.7921 29.9854 19.5262 13.0571 16.4729
internal_count=632 448 286 243 184 162 112 106
is_linear=0
shrinkage=0.02


Tree=178
num_leaves=8
num_cat=1
split_feature=14 16 25 72 23 18 18
split_gain=3.61011 3.82013 5.06137 2.62175 2.5841 4.08144 1.84554
threshold=0.99838885430289326 0.94906929683830954 -0.00053669237020314219 0 0.60240489988895429 2.2018086887861377e-10 1.5050689607213108e-08
decision_type=2 2 2 9 2 2 2
left_child=1 4 -3 -4 5 -1 -6
right_child=-2 2 3 -5 6 -7 -8
leaf_value=-0.0028900141079618298 -0.0083972527441229447 -0.013229942214856363 -0.0036388327805609907 0.011928569872188686 0.016052350838749303 0.0091152664827000573 0.0029042147073257423
leaf_weight=22.816242981702089 10.961491368710993 10.54098577052355 7.3350644335150719 7.4379711374640447 12.929582979530098 19.977130513638258 8.7466096989810449
leaf_count=128 62 56 44 42 83 120 55
internal_value=0.00182303 0.00321565 -0.00313003 0.00407804 0.00580868 0.00265754 0.0113735
internal_weight=100.745 89.7836 25.314 14.773 64.4696 42.7934 21.6762
internal_count=590 528 142 86 386 248 138
cat_boundaries=0 1
cat_threshold=8
is_linear=0
shrinkage=0.02


Tree=179
num_leaves=7
num_cat=1
split_feature=72 12 2 25 62 34
split_gain=2.88837 3.68915 2.27263 2.06855 1.95686 1.24877
threshold=0 1.1500000000000001 607.50000000000011 -0.00072476396187415065 1.0000000180025095e-35 0.95032042402388395
decision_type=9 2 2 2 2 2
left_child=5 2 -2 -3 -4 -1
right_child=1 3 4 -5 -6 -7
leaf_value=-0.0098031645575655177 0.01345500252829524 0.003179405224598445 -0.0022391932546388504 -0.0095836279946410058 0.0058785310654139531 0
leaf_weight=9.8533050045371073 11.363167453557251 7.1631235480308559 15.09966656565666 11.09744495898485 38.369276113808155 7.9267577379941931
leaf_count=54 69 39 76 63 251 44
internal_value=0.00161687 0.00323151 0.00549473 -0.00436039 0.0034769 -0.00537971
internal_weight=100.873 83.0927 64.8321 18.2606 53.4689 17.7801
internal_count=596 498 396 102 327 98
cat_boundaries=0 1
cat_threshold=1
is_linear=0
shrinkage=0.02


Tree=180
num_leaves=9
num_cat=0
split_feature=1 17 12 14 14 18 42 14
split_gain=3.039 7.50554 3.56466 5.361 3.49484 2.98592 4.60569 3.38466
threshold=32.500000000000007 8.8759554076092314e-09 1.1500000000000001 6.1333500617358347e-07 8.9806241036225092e-05 2.2018086887861377e-10 2.6666666666667664 3.3125565848923193e-07
decision_type=2 2 2 2 2 2 2 2
left_child=2 -2 5 -4 -3 7 -7 -1
right_child=1 4 3 -5 -6 6 -8 -9
leaf_value=-0.0088918255568048461 -0.019843593177512605 -0.0067139653374060221 0.0054072843422867103 -0.01622336324168612 0.012054332787707806 0.015172553450915987 -0.002865906380368198 0.0034587451395531781
leaf_weight=11.781787786632774 9.812624931335451 7.1860341504216176 6.7793846279382732 9.7264380045235139 6.4819392114877701 14.294774129986765 7.7673629038035861 27.825432151556015
leaf_count=60 56 42 39 54 41 91 49 167
internal_value=-0.00115244 -0.00732549 0.000695005 -0.00719495 0.00199271 0.00298361 0.00871274 -0.000195867
internal_weight=101.656 23.4806 78.1752 16.5058 13.668 61.6694 22.0621 39.6072
internal_count=599 139 460 93 83 367 140 227
is_linear=0
shrinkage=0.02


Tree=181
num_leaves=5
num_cat=0
split_feature=7 17 7 14
split_gain=2.61923 2.19673 3.05416 2.48139
threshold=389.64375000000007 6.0764733748976133e-27 72.600000000000009 5.7882808130751923e-29
decision_type=2 2 2 2
left_child=1 -1 -3 -4
right_child=-2 2 3 -5
leaf_value=0.0066260367554875702 0.0086152930041612959 0.008634344552473654 -0.013227060347634531 -0.0019798269913064714
leaf_weight=12.067464526742695 12.296355813741682 8.0299280956387502 8.5476883910596353 61.414496153593063
leaf_count=71 73 44 45 362
internal_value=0.000282976 -0.000870911 -0.00217604 -0.00360555
internal_weight=102.356 90.0596 77.9921 69.9622
internal_count=595 522 451 407
is_linear=0
shrinkage=0.02


Tree=182
num_leaves=7
num_cat=1
split_feature=74 35 36 22 22 16
split_gain=3.01483 2.8483 2.82409 2.71436 3.53361 0.236754
threshold=0 -0.00069393931273161607 -1.0079313783708466 0.0024048797018599009 -0.00055466677671657451 0.036217291622352731
decision_type=9 2 2 2 2 2
left_child=1 -1 -2 4 -4 -5
right_child=2 -3 3 5 -6 -7
leaf_value=0.0016873259688269296 -0.010819795008302839 -0.012216227897638722 0.0044472251347042755 0.012761360601250533 -0.0050785370394402464 0.0040844925581352649
leaf_weight=8.1283124983310717 6.1815682277083388 14.270278830081223 35.185976840555668 7.8275545537471753 26.22634207457304 6.07380760461092
leaf_count=46 36 79 206 52 153 38
internal_value=-0.000692549 -0.00705781 0.00104853 0.00223029 0.00026689 0.00990141
internal_weight=103.894 22.3986 81.4952 75.3137 61.4123 13.9014
internal_count=610 125 485 449 359 90
cat_boundaries=0 1
cat_threshold=1
is_linear=0
shrinkage=0.02


Tree=183
num_leaves=9
num_cat=0
split_feature=17 8 8 8 7 2 35 8
split_gain=2.41552 2.83476 3.57943 2.64765 2.91632 2.36643 2.36161 1.7498
threshold=3.0604489569722517e-05 43.375000000000007 97.625000000000014 73.125000000000014 251.50000000000003 617.50000000000011 -0.0013938389336848676 208.32500000000002
decision_type=2 2 2 2 2 2 2 2
left_child=3 -2 -3 -1 6 -6 -5 -4
right_child=1 2 7 4 5 -7 -8 -9
leaf_value=-0.01175993924421001 0.020017717511261832 -0.0070968163305277126 0.010837239940741997 -0.0036059380273935327 0.0015267905323399673 -0.012090188796664432 0.0089754460982481646 0.0016865326664966412
leaf_weight=7.3027881532907477 3.5847910717129698 9.6270643696188909 15.731148205697535 7.3904734104871777 8.6237515360116976 9.0356322601437551 17.238576009869576 21.400780074298382
leaf_count=37 18 53 92 38 52 53 108 136
internal_value=0.00163097 0.00470277 0.00300846 -0.00140016 0.000480604 -0.00539349 0.00497263 0.00590317
internal_weight=99.935 50.3438 46.759 49.5912 42.2884 17.6594 24.629 37.1319
internal_count=587 299 281 288 251 105 146 228
is_linear=0
shrinkage=0.02


Tree=184
num_leaves=8
num_cat=0
split_feature=12 35 36 11 35 8 16
split_gain=4.12083 4.25776 5.44333 2.93942 2.8563 2.49719 2.12817
threshold=1.1500000000000001 -0.0010490039299402342 -0.53835781661261939 0.00028071893013765148 -0.00069393931273161607 182.12500000000003 0.99210650156495062
decision_type=2 2 2 2 2 2 2
left_child=1 2 5 6 -2 -1 -3
right_child=4 3 -4 -5 -6 -7 -8
leaf_value=-0.0052431844795786187 0.00078506729042332121 0.0091778400268092957 -0.014978595186403621 -0.0064553160053700803 -0.013550496912748239 0.0087047721248880629 -0.00074238288319427085
leaf_weight=8.5197700485587173 7.4701939076185253 32.956319626420736 11.313310906291006 6.6587057262659064 13.997136551886795 9.6673556417226774 9.9680518805980665
leaf_count=47 40 221 53 35 75 59 54
internal_value=-0.000886239 0.0011809 -0.00463905 0.00478547 -0.00848205 0.00192541 0.00677308
internal_weight=100.551 79.0835 29.5004 49.5831 21.4673 18.1871 42.9244
internal_count=584 469 159 310 115 106 275
is_linear=0
shrinkage=0.02


Tree=185
num_leaves=10
num_cat=0
split_feature=8 7 17 60 23 1 8 8 34
split_gain=2.27485 4.90769 3.21625 4.42142 3.11409 3.91276 2.29774 1.85971 1.26372
threshold=96.575000000000017 215.51250000000002 1.6270429809356859e-05 1.0000000180025095e-35 0.16705627698688072 22.500000000000004 167.62500000000003 128.27500000000003 1.0651756704368769
decision_type=2 2 2 2 2 2 2 2 2
left_child=4 6 8 -4 -1 -6 7 -2 -3
right_child=1 2 3 -5 5 -7 -8 -9 -10
leaf_value=-0.015301175333465747 0.0098137407693253895 -0.010851283903531269 0.012429031924444896 -0.0039699931274365906 0.0077263881523425074 -0.0098691328820424105 0.015332895300640198 -0.0029973295133059971 -0.0011019393896918586
leaf_weight=7.8611080497503307 6.9828745909035232 15.122641250491144 9.8969571851193905 15.019202165305614 9.4915518611669558 8.6766481325030309 10.006470043212174 8.7041596509516221 10.533653035759924
leaf_count=41 38 85 70 94 52 49 60 53 62
internal_value=-0.000521085 0.00116737 -0.00236208 0.0025406 -0.00555041 -0.000440225 0.00816739 0.00259215 -0.0072651
internal_weight=102.295 76.266 50.5725 24.9162 26.0293 18.1682 25.6935 15.687 25.6563
internal_count=604 462 311 164 142 101 151 91 147
is_linear=0
shrinkage=0.02


Tree=186
num_leaves=8
num_cat=1
split_feature=11 35 34 23 23 73 16
split_gain=1.98679 2.77098 3.8875 3.20533 5.04946 2.95398 1.73183
threshold=0.00034496585817470955 -0.00018946796957748085 1.0542872257618583 0.11956833144428146 0.43354913459608824 0 0.097506265053800695
decision_type=2 2 2 2 2 1 2
left_child=1 2 5 -3 -5 -1 -4
right_child=-2 3 6 4 -6 -7 -8
leaf_value=-0.013947356379913942 -0.0096212461929783381 -0.0083803117970051143 0.006097954201105006 0.013510217130149479 -0.00092377525560458562 0 -0.0042454727231452192
leaf_weight=16.570908412337303 10.225824937224386 6.9580172002315512 14.280654124915602 16.070556711405516 20.539986833930016 8.5036610588431376 9.7415488809347135
leaf_count=84 61 43 76 104 146 43 50
internal_value=-0.00163512 -0.000596466 -0.00387064 0.00296259 0.00544339 -0.00926129 0.00166164
internal_weight=102.891 92.6653 49.0968 43.5686 36.6105 25.0746 24.0222
internal_count=607 546 253 293 250 127 126
cat_boundaries=0 1
cat_threshold=2
is_linear=0
shrinkage=0.02


Tree=187
num_leaves=8
num_cat=1
split_feature=12 2 14 7 72 14 22
split_gain=2.51272 2.64097 3.24174 2.7849 2.60841 1.7997 1.31002
threshold=1.1500000000000001 647.50000000000011 1.1453436690953691e-09 215.51250000000002 0 1.9518154905834549e-07 -0.0011717145429738186
decision_type=2 2 2 2 9 2 2
left_child=1 2 6 -3 -4 -2 -1
right_child=5 3 4 -5 -6 -7 -8
leaf_value=0.001985087038340183 0 0.0024312811560288257 -0.0024640984950661756 -0.011133099083872444 0.0084472257853484209 -0.011108652409044448 -0.0087076500196107375
leaf_weight=6.5944523327052584 9.7174446284770983 10.72763115540147 9.7252076119184512 10.768184944987295 39.086877815425396 11.344166964292524 8.9266993179917318
leaf_count=36 52 64 54 69 239 64 47
internal_value=0 0.00152402 0.00359438 -0.00428983 0.006147 -0.00603464 -0.0039563
internal_weight=106.891 85.8291 64.3332 21.4958 48.8121 21.0616 15.5212
internal_count=625 509 376 133 293 116 83
cat_boundaries=0 1
cat_threshold=1
is_linear=0
shrinkage=0.02


Tree=188
num_leaves=7
num_cat=0
split_feature=34 42 14 22 8 16
split_gain=3.3146 3.23243 3.03347 3.27013 3.57912 2.82028
threshold=0.64044234940038891 2.6666666666661931 0.99946694193566366 -0.0032937872113878472 94.52500000000002 0.03712459814230535
decision_type=2 2 2 2 2 2
left_child=1 -1 3 5 -5 -2
right_child=2 -3 -4 4 -6 -7
leaf_value=0.0015853655430406333 0.0022332828709783793 -0.014631465510133541 -0.0085720550735580697 -0.0028382631148791029 0.0074275559279362866 -0.013239514989629702
leaf_weight=7.317987963557246 8.7838960513472575 10.304517000913618 9.6260904893279058 16.981662273406982 49.477730058133602 7.5624484382569781
leaf_count=40 54 55 52 94 301 42
internal_value=-9.83754e-05 -0.0078515 0.00138379 0.00270121 0.00471231 -0.00492971
internal_weight=110.054 17.6225 92.4318 82.8057 66.4594 16.3463
internal_count=638 95 543 491 395 96
is_linear=0
shrinkage=0.02


Tree=189
num_leaves=7
num_cat=0
split_feature=34 25 9 25 7 7
split_gain=5.17294 4.51225 3.2616 4.58219 4.35559 1.29583
threshold=0.64044234940038891 -0.0029076364766571984 278.70625000000001 -0.00052259483199178865 260.08750000000003 216.41875000000002
decision_type=2 2 2 2 2 2
left_child=5 -2 4 -4 -3 -1
right_child=1 2 3 -5 -6 -7
leaf_value=-0.0047291280471609357 0.013438732317278348 -0.0019657278108965196 -0.0066587989386583104 0.012789072695693279 -0.0175498473241186 -0.01838209727825988
leaf_weight=7.5456250011920911 7.3305258378386489 56.492773395031691 6.7632197029888657 11.254145961254833 7.5486933887004843 7.9576506242156029
leaf_count=41 44 329 44 73 41 42
internal_value=-0.00248497 -0.000509642 -0.00197472 0.00520711 -0.00413649 -0.0127898
internal_weight=104.893 89.3894 82.0588 18.0174 64.0415 15.5033
internal_count=614 531 487 117 370 83
is_linear=0
shrinkage=0.02


Tree=190
num_leaves=8
num_cat=0
split_feature=46 25 25 15 17 42 18
split_gain=2.76257 5.14179 4.67868 4.7623 3.65941 2.9094 1.62311
threshold=17.500000000000004 -0.0025586060453085062 0.00011348817574993905 0.00024189138504982741 0.72398918366609699 2.6666666666667278 7.8989124076590306e-12
decision_type=2 2 2 2 2 2 2
left_child=4 -2 5 -4 6 -3 -1
right_child=1 2 3 -5 -6 -7 -8
leaf_value=-0.0067444136263977075 0.012378940607140043 -0.012899251055828185 -0.0034661585708058323 0.012464871496515857 0.015548751838014366 0 0.0051597834128141876
leaf_weight=7.6852875649929109 7.1352070644497863 25.192321244627237 28.042315281927586 9.0750278159975988 7.6705834083259097 9.0060623511672002 8.5693639889359456
leaf_count=43 44 140 169 56 46 55 51
internal_value=-0.000697238 -0.00256376 -0.00429227 0.000496327 0.00503969 -0.00952649 -0.000185534
internal_weight=102.376 78.4509 71.3157 37.1173 23.9252 34.1984 16.2547
internal_count=604 464 420 225 140 195 94
is_linear=0
shrinkage=0.02


Tree=191
num_leaves=6
num_cat=0
split_feature=14 14 34 7 1
split_gain=4.69617 3.72239 3.5221 5.19907 5.04139
threshold=0.99838885430289326 0.97593924472076587 0.84870895424057069 125.09375000000001 7.5000000000000009
decision_type=2 2 2 2 2
left_child=1 2 4 -4 -1
right_child=-2 -3 3 -5 -6
leaf_value=0.0081913576038342203 -0.011764335014303127 0.0150080190742476 -0.007401261854137379 0.0065580806175694339 -0.010479326068586561
leaf_weight=6.7957023903727558 10.700965914875267 6.7103360109031192 12.728795059025286 44.110958285629749 19.963732477277517
leaf_count=38 62 44 71 273 110
internal_value=0.00010259 0.00168788 0.000383012 0.00325435 -0.00539739
internal_weight=101.01 90.3095 83.5992 56.8398 26.7594
internal_count=598 536 492 344 148
is_linear=0
shrinkage=0.02


Tree=192
num_leaves=8
num_cat=1
split_feature=62 36 36 34 78 23 35
split_gain=3.18653 4.02752 3.00909 3.45382 2.4077 0.790485 0.544473
threshold=1.0000000180025095e-35 0.50778523553225696 -0.36306984671705761 1.0820064797765772 0 0.62572082366496151 0.001873666777245444
decision_type=2 2 2 2 1 2 2
left_child=4 2 5 -4 -1 -2 -3
right_child=1 6 3 -5 -6 -7 -8
leaf_value=-0.014347624680434911 0.0016655270649117634 0.0035471422763648799 -0.0060062780292145859 0.0041383695301482728 -0.0012861493966299807 0.012513168435510931 0.017663669191994424
leaf_weight=9.0281934291124344 7.0035518109798414 3.5863144956529123 35.991509549319744 19.532171562314034 16.137617811560631 6.6292624399065971 5.2141441106796265
leaf_count=48 40 36 185 104 79 44 69
internal_value=-0.000483128 0.00146431 -0.000148457 -0.00232136 -0.00657049 0.00784513 0.0134721
internal_weight=103.123 77.957 69.1565 55.5237 25.1658 13.6328 8.80046
internal_count=605 478 373 289 127 84 105
cat_boundaries=0 1
cat_threshold=4
is_linear=0
shrinkage=0.02


Tree=193
num_leaves=7
num_cat=0
split_feature=34 12 14 14 17 34
split_gain=4.09226 2.43246 5.33883 3.29899 4.24016 3.70508
threshold=0.57359437771909072 1.1500000000000001 2.1246918498532842e-06 0.010695037654311821 4.6700615715333563e-06 0.77293737904356707
decision_type=2 2 2 2 2 2
left_child=-1 3 -3 5 -5 -2
right_child=1 2 -4 4 -6 -7
leaf_value=-0.01177824663766228 0.013294427217481641 0.0055447932289109866 -0.013949175556536818 0.00016207238370947162 0.01549007541475322 -0.0031357181969834812
leaf_weight=10.355097681283949 5.3418324887752524 9.2077488228678721 11.055935900658367 15.856883153319361 13.665280222892759 38.130224596709013
leaf_count=57 31 51 62 95 92 225
internal_value=-0.000399622 0.000911727 -0.00496483 0.00266924 0.00772876 -0.00072833
internal_weight=103.613 93.2579 20.2637 72.9942 29.5222 43.4721
internal_count=613 556 113 443 187 256
is_linear=0
shrinkage=0.02


Tree=194
num_leaves=6
num_cat=0
split_feature=9 14 22 25 7
split_gain=3.16951 2.59811 3.93058 3.20027 2.6551
threshold=44.79375000000001 1.1778891424017637e-31 0.0024048797018599009 0.00076907272149812978 76.90000000000002
decision_type=2 2 2 2 2
left_child=-1 -2 4 -4 -3
right_child=1 2 3 -5 -6
leaf_value=0.011352928232475868 -0.010029989459237927 -0.013485678784850977 -0.0019832292497115379 0.01431968493986983 -0.0013029253859647841
leaf_weight=6.4736076891422263 13.225537002086638 7.504764348268508 7.1303051337599781 10.077349144965408 58.756178330630064
leaf_count=33 72 40 46 69 350
internal_value=-0.00109329 -0.00209565 -0.000663566 0.00749684 -0.00295194
internal_weight=103.168 96.6941 83.4686 17.2077 66.2609
internal_count=610 577 505 115 390
is_linear=0
shrinkage=0.02


Tree=195
num_leaves=8
num_cat=0
split_feature=14 25 25 14 23 25 9
split_gain=3.81705 3.13765 2.86301 3.28389 2.22731 3.5969 1.96907
threshold=0.99770544422574126 0.00028903532886077052 -0.00016623471711376845 0.010695037654311821 0.6338798454575173 0.00096846624811183736 226.70000000000002
decision_type=2 2 2 2 2 2 2
left_child=1 2 3 -1 5 -3 -6
right_child=-2 4 -4 -5 6 -7 -8
leaf_value=-0.0020620517535581222 -0.0088363195643802253 0.011114461571124414 -0.010153086888186684 0.0096738362267987533 0.019885802506480931 -0.0035210019283487505 0.0031936673862939342
leaf_weight=29.59042826667428 12.805169127881525 10.519886728376152 9.4921621866524202 12.617040559649466 7.0498242750763875 14.458325579762457 6.601105734705925
leaf_count=174 71 59 52 78 42 83 45
internal_value=0.000884403 0.00240979 -0.00071875 0.00144998 0.00666078 0.00260251 0.0129925
internal_weight=103.134 90.3288 51.6996 42.2075 38.6291 24.9782 13.6509
internal_count=604 533 304 252 229 142 87
is_linear=0
shrinkage=0.02


Tree=196
num_leaves=12
num_cat=0
split_feature=14 11 11 1 36 1 23 18 36 18 42
split_gain=3.45606 3.90515 3.53867 4.24025 4.05418 3.34841 2.86469 2.74497 2.72523 2.19521 1.81741
threshold=0.0086576332658410363 0.00017908423518370184 0.00012237598663829261 27.500000000000004 0.21773113346772724 22.500000000000004 0.56160080716192018 1.4186397103697818e-34 0.11888346888560959 4.9357835402621772e-12 2.6666666666661265
decision_type=2 2 2 2 2 2 2 2 2 2 2
left_child=2 5 4 6 7 8 -4 -1 -2 -6 -7
right_child=1 -3 3 -5 9 10 -8 -9 -10 -11 -12
leaf_value=-0.0025634043193231153 -0.0044879834228410331 -0.0054757278336380454 0.014705484322648074 -0.0089229025414543344 -0.0052855446095536321 0.0046797683395176544 0 -0.017637842525747266 0.011301847761863651 0.011080853006442076 0.021701576500379752
leaf_weight=9.4523581117391604 10.096547514200216 10.248965773731468 9.3614493384957367 8.1555830612778646 5.7335512191057187 6.1318336017429811 9.5143889933824521 13.321511104702948 6.0431449674069873 5.0761920511722565 7.3057459816336632
leaf_count=44 52 59 52 48 43 37 56 65 51 44 48
internal_value=-1.03684e-07 0.00445366 -0.00304855 0.00213398 -0.00733455 0.00815712 0.00742172 -0.0120045 0.00138856 0.00217946 0.0152119
internal_weight=100.441 39.8262 60.615 27.0314 33.5836 29.5773 18.8758 22.7739 16.1397 10.8097 13.4376
internal_count=599 247 352 156 196 188 108 109 103 87 85
is_linear=0
shrinkage=0.02


Tree=197
num_leaves=11
num_cat=2
split_feature=18 42 9 34 72 17 17 16 78 22
split_gain=3.29043 3.34671 4.06885 3.03929 2.78237 2.08201 3.25141 1.66961 1.4096 0.315205
threshold=8.0524935397487833e-28 2.6666666666666088 185.93125000000003 0.90393541456382354 0 4.5011964723841082e-07 1.6630820804045131e-21 1.3693855849055316e-12 1 -0.00083528138493440347
decision_type=2 2 2 2 9 2 2 2 1 2
left_child=1 2 3 -1 -3 6 -2 -7 -9 -8
right_child=5 4 -4 -5 -6 7 9 8 -10 -11
leaf_value=0.005705936378038865 0.0069845439209909148 0.011309100369911016 -0.017216160661515663 -0.0085847800430426564 -0.0045723905344581851 -0.001794258027356265 -0.0017195965183168342 0.0022637820251226954 0.0122136340475983 -0.0099476586164102872
leaf_weight=9.956854268908506 10.319621384143831 8.2184029184281826 9.9422292038798314 11.601647384464739 7.0174005888402435 6.2402502447366706 5.5921246334910393 11.546015717089176 17.174522023648024 7.8001476190984231
leaf_count=49 62 53 48 64 42 34 32 74 105 50
internal_value=0.000367637 -0.00348692 -0.00720127 -0.00175824 0.00379366 0.00354556 -0.000801811 0.00660129 0.0086263 -0.00728701
internal_weight=105.409 46.7365 31.5007 21.5585 15.2358 58.6727 23.7119 34.9608 28.7205 13.3923
internal_count=613 256 161 113 95 357 144 213 179 82
cat_boundaries=0 1 2
cat_threshold=8 4
is_linear=0
shrinkage=0.02


Tree=198
num_leaves=9
num_cat=0
split_feature=62 36 3 11 8 11 34 18
split_gain=2.9517 3.80862 4.42426 2.86554 2.32622 2.15462 1.91359 0.565203
threshold=1.0000000180025095e-35 0.2120515516081985 1.0000000180025095e-35 7.1397335333030733e-05 239.15000000000003 4.5136858792978994e-05 0.9941066698910449 2.0358068529016871e-25
decision_type=2 2 2 2 2 2 2 2
left_child=3 2 -2 -1 5 -3 -4 -5
right_child=1 4 6 7 -6 -7 -8 -9
leaf_value=0.0033297776769672712 0.010456547290942215 0.00065518709593542042 -0.0077889143822266497 -0.0045892304007241159 -6.5360279363097052e-05 0.016832207275529094 0.00034061478149325622 -0.014384592412495609
leaf_weight=7.3337950408458736 9.0631963424384576 5.741754833608872 24.257882736623287 7.9287776052951839 8.4445100687444192 11.083555310964583 18.758473642170429 8.9894581288099271
leaf_count=39 65 44 112 41 60 102 96 44
internal_value=-0.000219327 0.00163904 -0.00137106 -0.00621419 0.0078871 0.0119947 -0.0041803 -0.0106411
internal_weight=101.601 77.3494 52.0796 24.252 25.2698 16.8253 43.0164 16.9182
internal_count=603 479 273 124 206 146 208 85
is_linear=0
shrinkage=0.02


Tree=199
num_leaves=8
num_cat=0
split_feature=37 25 14 11 34 17 17
split_gain=4.48838 3.05378 2.85072 3.88641 3.13049 3.11064 1.60838
threshold=1.0000000180025095e-35 0.00030223348728215224 0.0047029219018240283 0.00019174050144252333 0.59712566025281688 3.9758045945513429e-15 1.6270429809356859e-05
decision_type=2 2 2 2 2 2 2
left_child=1 -1 4 6 -2 -6 -4
right_child=2 -3 3 -5 5 -7 -8
leaf_value=-0.012948980217387079 -0.011572942252716193 0.0004543181321936756 0.0059721504794440616 -0.003473413498629346 -0.0071173928531970288 0.006194255079854466 0.018259588028170858
leaf_weight=11.132728867232801 6.0421320647001258 13.471911519765852 12.041409388184553 6.8738889917731276 8.0176865048706514 27.844650246202946 10.877260021865366
leaf_count=62 31 64 78 40 48 177 81
internal_value=0.00147858 -0.00564474 0.00404969 0.00868424 0.000489238 0.00294308 0.0125742
internal_weight=96.3017 24.6046 71.697 29.7926 41.9045 35.8623 22.9187
internal_count=581 126 455 199 256 225 159
is_linear=0
shrinkage=0.02


Tree=200
num_leaves=7
num_cat=0
split_feature=40 35 40 40 15 36
split_gain=2.99623 2.4442 3.8678 3.25047 2.99895 0.981895
threshold=13.608750000000329 0.00059987817969796677 8.3728124999997835 7.9426874999999209 0.0007499161654935595 0.48855387319167404
decision_type=2 2 2 2 2 2
left_child=1 2 4 5 -1 -3
right_child=-2 3 -4 -5 -6 -7
leaf_value=-0.0064962185777137742 -0.012519952318791761 0.016504479962628053 0.0077982837602752529 -0.001776705141703131 0.0040647026382663511 0.0039607504712819907
leaf_weight=43.236408941447735 6.8150922283530226 7.5655898600816744 12.731314927339552 12.177381280809639 12.715103320777414 6.8911251984536648
leaf_count=217 39 54 75 79 66 73
internal_value=-0.000593146 0.000318451 -0.00161504 0.0053996 -0.00396164 0.0115565
internal_weight=102.132 95.3169 68.6828 26.6341 55.9515 14.4567
internal_count=603 564 358 206 283 127
is_linear=0
shrinkage=0.02


Tree=201
num_leaves=9
num_cat=0
split_feature=18 35 23 11 41 34 11 23
split_gain=3.39179 3.26625 3.23162 3.09147 2.62524 2.61204 3.38261 2.14506
threshold=7.0109335567925609e-13 0.00027587740495776247 0.088989782209241433 5.2320936625117262e-05 19.567500000000113 0.75379170319503619 0.00023020826986856844 0.45262717397803615
decision_type=2 2 2 2 2 2 2 2
left_child=2 3 -1 -2 -3 -4 -7 -5
right_child=1 4 5 7 -6 6 -8 -9
leaf_value=-0.015235501328315547 -0.0094369170766782588 0.019072476579305619 -0.0090087185304981859 0.011930478728265826 0.0015754941346885225 0.0042556629522287285 -0.0084575696150579645 -0.0011280694735845973
leaf_weight=6.5701385252177706 8.2201719582080859 7.6867241486906988 12.040807679295538 7.8521570935845402 7.3479687385261059 33.671386901289225 9.9011875465512258 9.6268937587738019
leaf_count=35 41 67 64 42 46 202 55 55
internal_value=0 0.00444344 -0.00290366 0 0.0115269 -0.00109742 0.00110723 0.00474173
internal_weight=102.917 40.7339 62.1835 25.6992 15.0347 55.6134 43.5726 17.4791
internal_count=607 251 356 138 113 321 257 97
is_linear=0
shrinkage=0.02


Tree=202
num_leaves=9
num_cat=0
split_feature=16 36 1 36 25 14 9 36
split_gain=3.70769 3.1819 4.51093 3.28652 2.73288 1.71134 0.582122 0.57099
threshold=0.94906929683830954 0.2120515516081985 27.500000000000004 -0.79535034553528938 -0.0014283700306115886 3.0792605656593446e-05 170.91875000000002 0.45093348952726353
decision_type=2 2 2 2 2 2 2 2
left_child=1 3 7 -1 -5 6 -2 -3
right_child=5 2 -4 4 -6 -7 -8 -9
leaf_value=0.0084871833612592783 -0.015761207275682195 0.018985685048433069 -0.0044026910005571405 0.0044162224259903984 -0.0069796512180077376 0 -0.0053882059229584146 0.0071676828773004006
leaf_weight=9.8560957685112935 7.032419145107272 6.8375688791275042 6.8612125553190699 10.205526851117609 29.230205196887255 9.1540480405092222 8.6478949971497041 7.5180450901389122
leaf_count=56 35 48 53 55 150 55 51 66
internal_value=-0.00072074 0.00156447 0.00788797 -0.00114079 -0.00384586 -0.00725048 -0.0110661 0.0140572
internal_weight=95.343 70.5087 21.2168 49.2918 39.4357 24.8344 15.6803 14.3556
internal_count=569 428 167 261 205 141 86 114
is_linear=0
shrinkage=0.02


Tree=203
num_leaves=7
num_cat=0
split_feature=8 8 35 36 25 46
split_gain=2.92953 2.08552 3.55456 4.20986 2.76159 2.55533
threshold=390.25000000000006 263.65000000000003 -0.00022445511752025834 -0.62472688042403968 0.00038912630874167898 19.500000000000004
decision_type=2 2 2 2 2 2
left_child=1 2 3 -1 -3 -4
right_child=-2 4 5 -5 -6 -7
leaf_value=0.0042377351156421168 0.0092444602440259222 -0.013337348313686062 0.00096849182397768245 -0.0093292060545848363 0.0010908355708113425 0.013842458162180923
leaf_weight=12.883534282445906 9.4828987717628461 11.646864816546442 26.66190380230546 24.308432221412659 7.6715606935322276 7.6231211312115184
leaf_count=70 58 69 174 115 45 63
internal_value=-0.000685487 -0.00187737 -0.000180986 -0.00448453 -0.00754076 0.00431218
internal_weight=100.278 90.7954 71.477 37.192 19.3184 34.285
internal_count=594 536 422 185 114 237
is_linear=0
shrinkage=0.02


Tree=204
num_leaves=10
num_cat=0
split_feature=34 1 34 8 62 36 23 9 25
split_gain=3.96741 5.9792 3.44269 2.62915 2.79065 2.61946 2.09838 1.86239 0.127274
threshold=1.0191492471025156 17.500000000000004 0.64689259228861573 94.52500000000002 1.0000000180025095e-35 0.30625666812059699 0.41539459813737478 269.4500000000001 -0.00013621075007823333
decision_type=2 2 2 2 2 2 2 2 2
left_child=1 2 -1 -2 -5 8 -6 -4 -3
right_child=3 5 7 4 6 -7 -8 -9 -10
leaf_value=-0.0078335079282395356 -0.0043932495523654651 -0.009232603309653321 0.010686118246815325 -0.00067503943084197559 0.018537025782878528 0 0.0052088715560816958 -0.00049842321058628681 -0.018739301264093757
leaf_weight=8.5917857587337512 9.7072736397385579 8.7691953331232106 13.533560272306206 12.258830949664114 8.1777525357902068 6.8214915357530108 16.245881866663694 8.2924538664519769 8.3663578778505325
leaf_count=45 54 46 81 58 58 54 117 49 42
internal_value=-1.15078e-05 -0.00370459 0.00202237 0.00417748 0.00666118 -0.0110061 0.0104611 0.0063382 -0.0149824
internal_weight=100.765 54.3748 30.4178 46.3897 36.6825 23.957 24.4236 21.826 17.1356
internal_count=604 317 175 287 233 142 175 130 88
is_linear=0
shrinkage=0.02


Tree=205
num_leaves=6
num_cat=1
split_feature=12 13 16 23 79
split_gain=3.63404 3.21174 1.86519 2.9214 1.8623
threshold=1.1500000000000001 -1.0000000180025095e-35 1.0959907176639772e-13 0.11271717713735301 0
decision_type=2 2 2 2 1
left_child=2 -2 -1 -4 -5
right_child=1 -3 3 4 -6
leaf_value=-0.0051092523148190752 0.000819991317321727 -0.014529714551153339 -0.0069314625461818257 0.0026744791937820139 0.011804031081471504
leaf_weight=12.190504059195517 8.6057872064411658 10.88443376123905 8.889699172228573 48.856733214110136 11.265872489660977
leaf_count=67 49 57 50 300 76
internal_value=-0.000163403 -0.00775008 0.00165668 0.00299344 0.00464849
internal_weight=100.693 19.4902 81.2028 69.0123 60.1226
internal_count=599 106 493 426 376
cat_boundaries=0 1
cat_threshold=2
is_linear=0
shrinkage=0.02


Tree=206
num_leaves=10
num_cat=0
split_feature=12 35 22 36 36 42 35 22 42
split_gain=3.23844 5.21324 4.0974 4.05372 3.82037 3.69976 2.23737 2.21247 1.90559
threshold=1.1500000000000001 -0.00047496613445598379 0.00041710122563975359 -0.53835781661261939 0.11392014636945678 2.6666666666665417 -0.0027852533067788247 -0.00040028087477407071 2.6666666666665635
decision_type=2 2 2 2 2 2 2 2 2
left_child=1 3 4 6 -3 -2 -1 -5 -4
right_child=5 2 8 7 -6 -7 -8 -9 -10
leaf_value=-0.0042924538916852039 -0.016157174885285949 0.010500499966308875 0.0052377778858292579 -0.0021070105585231287 -0.0046410432670119699 0 0.0087068889027740754 -0.017281564473385684 0.01984351927325291
leaf_weight=9.3262515291571635 9.155539698898794 9.3083940446376818 9.7887708358466643 8.3262153416872042 17.599635053426027 11.302386704832314 9.3616920337080938 9.1543697342276555 8.3357806727290136
leaf_count=57 48 46 62 38 124 65 54 43 62
internal_value=-0.000429454 0.00131926 0.00585858 -0.00417667 0.000570502 -0.00738805 0.00202627 -0.0108835 0.0129553
internal_weight=101.659 81.2011 45.0326 36.1685 26.908 20.4579 18.6879 17.4806 18.1246
internal_count=599 486 294 192 170 113 111 81 124
is_linear=0
shrinkage=0.02


Tree=207
num_leaves=6
num_cat=1
split_feature=34 16 74 9 17
split_gain=3.0969 2.6029 2.4413 2.30851 2.28732
threshold=1.7946078237463483 1.0000000180025095e-35 0 74.893750000000011 1.3966444554273875e-06
decision_type=2 2 9 2 2
left_child=1 -1 4 -4 -3
right_child=-2 2 3 -5 -6
leaf_value=-0.011065997309858243 0.011727666211093054 0.00029947975664206515 0.010029375479619811 0 -0.013479293213716902
leaf_weight=8.7094201035797578 6.9599520042538634 7.9850888587534454 9.7047768086194974 63.10307314619422 8.565404396504162
leaf_count=47 39 47 55 392 46
internal_value=-0.000206934 -0.00122434 -8.6854e-05 0.00144153 -0.00685132
internal_weight=105.028 98.0678 89.3583 72.8078 16.5505
internal_count=626 587 540 447 93
cat_boundaries=0 1
cat_threshold=1
is_linear=0
shrinkage=0.02


Tree=208
num_leaves=7
num_cat=0
split_feature=14 14 14 7 11 18
split_gain=3.53932 4.82468 3.5892 3.01867 3.09908 2.52517
threshold=0.99946694193566366 0.012373320003521494 0.00014761158048148067 117.28125000000001 0.00017350663921714628 1.2252612406977532e-05
decision_type=2 2 2 2 2 2
left_child=1 2 5 -3 -5 -1
right_child=-2 3 -4 4 -6 -7
leaf_value=0.0037325121963383691 -0.010959571719147338 -0.0019696250722850066 -0.010353097002489398 0.016250920677373597 -9.6858740765780611e-05 -0.0059901456499691468
leaf_weight=36.187756139785051 9.1704662255942804 7.3727417737245586 13.47077640891075 15.614902619272472 5.4198541566729537 13.782095964998005
leaf_count=211 50 43 79 109 33 79
internal_value=0.000175164 0.00145758 -0.001545 0.0081916 0.0119532 0.000868295
internal_weight=101.019 91.8481 63.4406 28.4075 21.0348 49.9699
internal_count=604 554 369 185 142 290
is_linear=0
shrinkage=0.02


Tree=209
num_leaves=7
num_cat=0
split_feature=9 7 7 8 7 22
split_gain=2.34981 3.97897 5.87506 3.61662 3.5084 0.571391
threshold=44.79375000000001 95.425000000000011 193.53750000000002 115.82500000000002 278.73125000000005 -0.00025624492319958344
decision_type=2 2 2 2 2 2
left_child=-1 5 3 -3 -4 -2
right_child=1 2 4 -5 -6 -7
leaf_value=0.011390988562222537 -0.0039164928323308264 -0.00011591134055837338 -0.0074817925915586503 0.015423485068895832 0.0021026111610334161 -0.014459507296424754
leaf_weight=5.6225811243057242 6.7255967631936073 8.8705926835536975 28.390379007905722 13.572464149445294 29.694711979478598 7.2989995107054693
leaf_count=29 36 51 173 85 180 44
internal_value=-6.48236e-05 -0.000920919 0.000763667 0.00928267 -0.00252777 -0.0104001
internal_weight=100.175 94.5527 80.5281 22.4431 58.0851 14.0246
internal_count=598 569 489 136 353 80
is_linear=0
shrinkage=0.02


Tree=210
num_leaves=7
num_cat=1
split_feature=22 16 16 74 36 9
split_gain=4.21011 2.7187 3.1368 3.17545 1.98868 1.8754
threshold=0.004027141551624671 0.1038013641931556 1.0000000180025095e-35 0 0.3260706393681792 161.39375000000004
decision_type=2 2 2 9 2 2
left_child=1 2 -1 -4 5 -3
right_child=-2 4 3 -5 -6 -7
leaf_value=-0.010577124229887876 0.012267590210295156 -0.00096072986050112664 -0.0053815419681875944 0.0060041139650917012 0.0021059464148818043 -0.012365969373029201
leaf_weight=6.3645280301570883 9.4328392557799798 10.92276641726494 11.520532306283712 39.731691785156727 8.8507631644606573 15.775415048003195
leaf_count=33 62 54 64 245 62 82
internal_value=0.000165201 -0.00111369 0.00148904 0.00327599 -0.0054216 -0.00811962
internal_weight=102.599 93.1657 57.6168 51.2522 35.5489 26.6982
internal_count=602 540 342 309 198 136
cat_boundaries=0 1
cat_threshold=1
is_linear=0
shrinkage=0.02


Tree=211
num_leaves=7
num_cat=0
split_feature=37 36 25 14 40 40
split_gain=2.54962 3.11744 2.80183 2.94966 1.88353 2.56032
threshold=1.0000000180025095e-35 0.57351917651068585 -0.002698104182168295 0.0071852223323096067 6.402562499999477 8.4734999999991505
decision_type=2 2 2 2 2 2
left_child=4 2 -2 -4 -1 -6
right_child=1 -3 3 -5 5 -7
leaf_value=0.001570350160319926 0.012425268927345263 0.014168121838209098 -0.003839170986944372 0.0047315456508277851 -0.016652788496062255 -0.00032184159471245036
leaf_weight=10.162754304707052 6.6992632448673239 7.2410620599985114 38.357176974415779 25.996441137045622 7.3931213542819014 8.5941304713487607
leaf_count=52 41 89 207 149 40 41
internal_value=0.00060444 0.00245998 0.00100345 -0.000265694 -0.0046161 -0.00876285
internal_weight=104.444 78.2939 71.0529 64.3536 26.15 15.9873
internal_count=619 486 397 356 133 81
is_linear=0
shrinkage=0.02


Tree=212
num_leaves=11
num_cat=0
split_feature=7 9 34 18 25 8 34 34 9 25
split_gain=3.20291 5.78074 2.60232 4.22495 2.32885 2.15231 2.89665 2.30727 3.03692 0.560929
threshold=215.51250000000002 223.76875000000004 0.94237143413372015 1.0000000180025095e-35 -0.00099715170406094729 91.40000000000002 1.0775347641124251 0.76603048843699129 176.72500000000005 7.593303203929268e-05
decision_type=2 2 2 2 2 2 2 2 2 2
left_child=5 -2 3 -3 -4 6 9 -7 -9 -1
right_child=1 2 4 -5 -6 7 -8 8 -10 -11
leaf_value=0.0004095845291671083 -0.016399539750790237 -0.014980357061689044 -0.0023887309558522315 0.0025118769962889321 0.0095474288116040428 -0.0020235374135281715 -0.007814571858675701 0.018074386209628538 0.001005012764274783 0.0093136431784353723
leaf_weight=6.7222409695386904 8.9491298496723157 8.246567480266096 9.4158227369189262 12.044218149036167 14.916356086730957 5.2154381871223476 9.7475667446851713 11.007478743791582 7.7789914049208155 7.3626475036144257
leaf_count=38 55 42 62 73 94 31 52 65 48 42
internal_value=0.00066893 -0.002599 0.000335977 -0.00468519 0.00477968 0.00442999 0 0.00853029 0.0117176 0.00577065
internal_weight=101.406 53.5721 44.623 20.2908 24.3322 47.8344 23.8325 24.0019 18.7865 14.0849
internal_count=602 326 271 115 156 276 132 144 113 80
is_linear=0
shrinkage=0.02


Tree=213
num_leaves=8
num_cat=0
split_feature=42 34 7 16 9 36 60
split_gain=2.82885 5.17554 3.39635 2.39581 2.36682 2.26273 2.18546
threshold=2.6666666666665386 0.80828582451964703 215.51250000000002 0.97050795078015717 298.95000000000005 -0.2961926656495571 1.0000000180025095e-35
decision_type=2 2 2 2 2 2 2
left_child=3 -2 -3 5 -4 -1 -7
right_child=1 2 4 -5 -6 6 -8
leaf_value=-0.006754538076812827 -0.0063765295354165702 0.018293793050976316 -0.0011350445150386931 -0.010573138418353644 0.011152644441534965 0.010332332060349468 -0.0012872373546352533
leaf_weight=14.602269195020197 13.531619086861609 8.3003559783101064 15.202892333269121 12.566591732203959 8.721031863242386 8.8806866668164748 16.231362052261829
leaf_count=77 77 53 100 65 61 55 102
internal_value=-7.48832e-05 0.00345415 0.00783051 -0.00328294 0.00337123 -0.000625737 0.00283048
internal_weight=98.0368 45.7559 32.2243 52.2809 23.9239 39.7143 25.112
internal_count=590 291 214 299 161 234 157
is_linear=0
shrinkage=0.02


Tree=214
num_leaves=7
num_cat=0
split_feature=16 36 37 16 22 40
split_gain=2.45813 2.92449 3.96397 2.96376 2.46001 2.37188
threshold=1.0000000180025095e-35 0.50778523553225696 1.0000000180025095e-35 2.5744411692942258e-06 -0.0021784718472345559 6.0974999999998554
decision_type=2 2 2 2 2 2
left_child=-1 3 -3 5 -5 -2
right_child=1 2 -4 4 -6 -7
leaf_value=-0.0098146646415386216 0.013128485422963085 -0.0029927043587426746 0.018725213548742344 -0.0096140040090962418 -4.7842864055390958e-05 0
leaf_weight=7.8098360486328593 9.2893394753336924 4.6190056279301643 7.1083112992346269 13.56033183261752 46.16059335321188 11.115651644766329
leaf_count=42 49 22 94 77 251 64
internal_value=0.000210318 0.00122383 0.0101368 -0.000115585 -0.00244132 0.00620708
internal_weight=99.6631 91.8532 11.7273 80.1259 59.7209 20.405
internal_count=599 557 116 441 328 113
is_linear=0
shrinkage=0.02


Tree=215
num_leaves=8
num_cat=1
split_feature=14 72 14 22 16 11 23
split_gain=3.28537 4.11012 4.04591 3.50214 2.72912 2.40504 2.31929
threshold=2.050704486943199e-09 0 0.99770544422574126 0.0015372615910289749 0.024129869820252007 5.7178366838237948e-05 0.54748300267380867
decision_type=2 9 2 2 2 2 2
left_child=5 3 4 -2 -3 -1 -7
right_child=1 2 -4 -5 -6 6 -8
leaf_value=-0.014533457749518856 0.0017941046348684392 0.0066118414977308273 -0.012070705969623905 0.021135477775345347 -0.0027402629301845095 0.0063764976594654198 -0.0075677028744474189
leaf_weight=8.4063040539622325 9.7436333112418669 22.926555868238211 9.266560532152651 6.2743235528469077 24.203806810081005 7.1757255271077183 10.00047195702791
leaf_count=43 60 145 52 42 144 42 54
internal_value=-0.000238304 0.00188287 -0.000606149 0.0105196 0.00172726 -0.00631325 -0.0013818
internal_weight=97.9974 72.4149 56.3969 16.018 47.1304 25.5825 17.1762
internal_count=582 443 341 102 289 139 96
cat_boundaries=0 1
cat_threshold=4
is_linear=0
shrinkage=0.02


Tree=216
num_leaves=6
num_cat=0
split_feature=16 8 11 22 36
split_gain=2.38222 3.89689 4.92974 2.90173 2.45536
threshold=1.0000000180025095e-35 42.225000000000009 5.3128194087434387e-05 0.00100487536940979 0.063879415496558567
decision_type=2 2 2 2 2
left_child=-1 -2 4 -4 -3
right_child=1 2 3 -5 -6
leaf_value=-0.010130244548442649 0.015281470177244509 -0.01359513764575775 0.0054121454208498907 -0.002903404787809608 0
leaf_weight=8.0313661471009237 5.7448301017284384 13.266311809420587 42.409569308161736 25.540367968380451 9.3605261705815774
leaf_count=42 30 64 257 161 71
internal_value=-0.000268251 0.000588039 -0.000435067 0.00220278 -0.0083686
internal_weight=104.353 96.3216 90.5768 67.9499 22.6268
internal_count=625 583 553 418 135
is_linear=0
shrinkage=0.02


Tree=217
num_leaves=7
num_cat=0
split_feature=34 9 15 9 8 22
split_gain=2.74236 3.2832 3.45815 3.33677 4.40887 3.39477
threshold=0.66047857761812223 336.13125000000008 1.9413003585942621e-21 194.85625000000002 107.80000000000003 0.0029366562431985877
decision_type=2 2 2 2 2 2
left_child=-1 3 -3 4 -2 -5
right_child=1 2 -4 5 -6 -7
leaf_value=-0.0084321166350650109 -0.0023691612640215128 -0.00082362582143264448 0.017413960996673947 -0.0086460580506505669 0.010886459270117834 0.0064621281143216174
leaf_weight=14.106911063194273 23.44118844717741 6.5777189284563047 7.8358352482318878 27.242053240537643 15.596487436443565 6.2866722121834746
leaf_count=76 126 40 51 166 101 49
internal_value=-0.000529752 0.000764976 0.00918839 -0.000928728 0.00291655 -0.00553438
internal_weight=101.087 86.98 14.4136 72.5664 39.0377 33.5287
internal_count=609 533 91 442 227 215
is_linear=0
shrinkage=0.02


Tree=218
num_leaves=7
num_cat=0
split_feature=25 22 37 42 25 25
split_gain=2.57078 2.48261 1.80377 1.95954 1.68656 1.34451
threshold=-0.0030584864736464281 0.0036115116351242388 1.0000000180025095e-35 2.6666666666666119 0.0019086712550588209 0.00064195092153671669
decision_type=2 2 2 2 2 2
left_child=-1 2 5 -4 -3 -2
right_child=1 4 3 -5 -6 -7
leaf_value=0.010249304799683792 -0.0025218330826511782 -0.00034274207288190656 -0.0037665749281119432 0.0034379135269938382 0.013067955183052092 -0.014186984454656151
leaf_weight=6.8389621227979651 10.795254334807398 6.1753576993942243 41.160347875207663 21.93186753988266 6.0318670384585857 8.0174119770526868
leaf_count=41 60 40 238 139 42 40
internal_value=-0.000665625 -0.0016213 -0.00293876 -0.001154 0.00631721 -0.00826116
internal_weight=100.951 94.1121 81.9049 63.0922 12.2072 18.8127
internal_count=600 559 477 377 82 100
is_linear=0
shrinkage=0.02


Tree=219
num_leaves=5
num_cat=0
split_feature=8 8 34 9
split_gain=5.52879 3.75075 2.80785 3.26389
threshold=38.625000000000007 61.350000000000001 1.6321298956631438 180.87500000000003
decision_type=2 2 2 2
left_child=-1 -2 3 -3
right_child=1 2 -4 -5
leaf_value=0.01516678175991726 -0.017573594577113202 0.0022681407898951476 0.0077631301345035732 -0.0060889098809013779
leaf_weight=6.0471240356564513 5.7860463783144942 26.7149548381567 9.3390627950429899 52.765564128756523
leaf_count=33 34 150 56 329
internal_value=-0.0018162 -0.00311178 -0.00191772 -0.00321211
internal_weight=100.653 94.6056 88.8196 79.4805
internal_count=602 569 535 479
is_linear=0
shrinkage=0.02


Tree=220
num_leaves=8
num_cat=1
split_feature=34 74 35 35 14 18 22
split_gain=2.48955 3.13185 4.1868 2.85648 4.10069 0.551294 0.533147
threshold=0.64044234940038891 0 -0.0007240417943112867 0.0010162044419416187 0.012373320003521494 3.5577376055658094e-25 -0.002357472805772599
decision_type=2 9 2 2 2 2 2
left_child=5 2 -2 4 -3 -1 -5
right_child=1 3 -4 6 -6 -7 -8
leaf_value=-0.01084752015623653 0.0060898595826376417 -0.0032575893986519218 -0.012210402831802454 0.0034709769448787132 0.0079932463025277813 -0.0021791714681401665 0.01582922193532561
leaf_weight=8.278662174940111 6.5926100313663509 31.589742135256529 12.765015438199041 4.3541207946836948 20.244180675595999 8.3345552161335927 6.637311823666094
leaf_count=43 40 174 70 39 116 47 66
internal_value=-0.000337767 0.0010493 -0.00569018 0.00327648 0.00109108 -0.00721004 0.0121317
internal_weight=98.7962 82.183 19.3576 62.8254 51.8339 16.6132 10.9914
internal_count=595 505 110 395 290 90 105
cat_boundaries=0 1
cat_threshold=1
is_linear=0
shrinkage=0.02


Tree=221
num_leaves=12
num_cat=0
split_feature=35 3 22 47 52 50 34 36 15 36 34
split_gain=3.93519 4.58036 4.00478 4.56084 3.94476 3.79691 3.51097 2.22428 2.05635 2.01416 1.17139
threshold=-0.00018946796957748085 1.0000000180025095e-35 -0.0017990560665464561 1.0000000180025095e-35 1.0000000180025095e-35 1.0000000180025095e-35 1.0883914392902689 0.19039595902711673 3.5189473822592702e-07 -0.48837954009433793 0.89300006218404737
decision_type=2 2 2 2 2 2 2 2 2 2 2
left_child=1 -1 3 7 9 8 -6 -2 -4 -3 -7
right_child=2 4 5 -5 6 10 -8 -9 -10 -11 -12
leaf_value=0.0088889479881789305 -0.0044309267667126187 0.0074052652719049121 0.017305254059235348 -0.015990944943108203 -0.017451089047947451 0.0051827186055551982 -0.0013533739547379464 0.011608594685849991 0.0021290953875579845 -0.0052385116696546967 -0.0060910534699782116
leaf_weight=8.0999030321836454 5.3793996721506137 8.1927212253212947 13.976709894835951 6.2873411774635306 14.945020973682405 6.0970163680613023 9.7842159420251829 5.9925043694674969 6.3659815378487101 10.024166300892828 6.5083926096558571
leaf_count=59 27 42 96 29 75 42 48 58 39 45 50
internal_value=0 -0.00387427 0.00391963 -0.00340984 -0.00656551 0.00800948 -0.0116153 0.00379137 0.0131595 0.000225027 -0.000216986
internal_weight=101.653 51.046 50.6073 17.6592 42.9461 32.9481 24.7292 11.3719 20.3427 18.2169 12.6054
internal_count=610 269 341 114 210 227 123 85 135 87 92
is_linear=0
shrinkage=0.02


Tree=222
num_leaves=10
num_cat=0
split_feature=9 17 9 15 8 9 7 22 34
split_gain=3.29228 3.85383 3.13487 5.96493 4.52353 2.30228 1.53751 1.45997 0.987433
threshold=277.56250000000006 0.0023654098582104512 194.85625000000002 1.0000000180025095e-35 147.90000000000001 232.30625000000003 94.206250000000026 0.00012258162728471337 0.95032042402388395
decision_type=2 2 2 2 2 2 2 2 2
left_child=2 7 3 6 -5 8 -1 -2 -4
right_child=1 -3 5 4 -6 -7 -8 -9 -10
leaf_value=0.0017527779687316366 -0.0058729553980665233 0.015268844084175436 -0.00566239729685353 -0.011093624742056369 0.0047672029846829739 -0.00092389130848434065 0.014736980387721803 0.005359305940268547 -0.018181743588439964
leaf_weight=8.5390692129731196 9.3136612325906807 8.0716929435729963 7.5860899053514066 19.630118861794475 9.709777817130087 11.018819879740475 8.2086701728403551 7.1769152134656897 8.6790598407387716
leaf_count=47 54 57 44 110 57 73 53 46 57
internal_value=-0.00134755 0.00476347 -0.00351052 -0.000156713 -0.00566275 -0.00875776 0.00892665 -0.000614564 -0.0133564
internal_weight=97.9339 24.5623 73.3716 46.0876 29.3399 27.284 16.7477 16.4906 16.2651
internal_count=598 157 441 267 167 174 100 100 101
is_linear=0
shrinkage=0.02


Tree=223
num_leaves=6
num_cat=0
split_feature=14 14 8 15 1
split_gain=3.45746 2.90787 3.98372 3.23575 2.87546
threshold=0.99785712775562041 0.97315257266493649 84.425000000000011 1.8327631628894457e-15 17.500000000000004
decision_type=2 2 2 2 2
left_child=1 2 3 -1 -4
right_child=-2 -3 4 -5 -6
leaf_value=0.00020341741082036932 -0.0097965022259944561 0.013253853223377189 0.0066016469361545541 -0.015509666137848963 -0.0014890412358802337
leaf_weight=9.4291381314396876 11.289902202785013 6.7295193411409846 34.990664754062891 9.0029994547367078 31.892439711838961
leaf_count=51 65 44 213 48 197
internal_value=0.000111618 0.00148363 0.000342903 -0.00756591 0.0026902
internal_weight=103.335 92.0448 85.3152 18.4321 66.8831
internal_count=618 553 509 99 410
is_linear=0
shrinkage=0.02


Tree=224
num_leaves=6
num_cat=0
split_feature=34 11 14 8 16
split_gain=2.93446 5.14383 3.43296 3.16515 2.59425
threshold=1.8637843640831624 2.3465577954619181e-05 2.9155164259586752e-14 73.90000000000002 0.0088109266279781193
decision_type=2 2 2 2 2
left_child=1 -1 4 -4 -3
right_child=-2 2 3 -5 -6
leaf_value=0.014758576577697802 0.011208779768333288 -0.001536274620773671 -0.011595083217987346 0.00058221269053059844 -0.018947698524713466
leaf_weight=6.0613453015685073 6.7581439837813368 7.3981757238507253 8.7454205304384214 63.418133947998285 7.556125782430172
leaf_count=32 41 42 49 396 41
internal_value=-0.000528446 -0.00155341 -0.00291104 -0.000949843 -0.0113462
internal_weight=99.9373 93.1792 87.1179 72.1636 14.9543
internal_count=601 560 528 445 83
is_linear=0
shrinkage=0.02


Tree=225
num_leaves=9
num_cat=1
split_feature=8 35 74 34 14 35 35 8
split_gain=2.55662 4.5551 2.20727 3.33901 3.12026 2.73511 2.26743 1.72241
threshold=91.40000000000002 -0.00038838477049003497 0 1.0249187141028446 3.8664965637135799e-07 -0.00069393931273161607 1.0000000180025095e-35 64.125000000000014
decision_type=2 2 9 2 2 2 2 2
left_child=1 -1 5 6 -5 -2 -4 -3
right_child=2 7 3 4 -6 -7 -8 -9
leaf_value=-0.015857080945671748 0.0055395629867550453 0.0064778970334177259 -0.0041381681905413659 0.00019860111013484332 0.01517791516104464 -0.0094003533582963598 0.0058859532037396859 -0.0053112077449175869
leaf_weight=8.2204524800181407 7.0697704628109959 10.259399950504305 18.718239136040211 9.6166669353842753 15.719771977514027 10.69356508925557 15.507846552878616 7.5483844056725493
leaf_count=45 41 58 97 58 101 61 117 43
internal_value=0.000838986 -0.00439076 0.00270953 0.00458116 0.00994363 -0.00315619 0.000271589 0.001145
internal_weight=103.354 26.0282 77.3259 59.5625 25.3364 17.7633 34.2261 17.8078
internal_count=621 146 475 373 159 102 214 101
cat_boundaries=0 1
cat_threshold=1
is_linear=0
shrinkage=0.02


Tree=226
num_leaves=8
num_cat=0
split_feature=14 14 11 11 14 23 14
split_gain=3.22062 3.03925 5.26094 2.58995 3.58727 2.51957 1.49743
threshold=0.99996024242785275 6.5116436607785458e-11 5.7178366838237948e-05 6.3098717788029831e-05 2.4513676225009688e-06 0.26034794023009977 2.5238668405257158e-33
decision_type=2 2 2 2 2 2 2
left_child=1 2 -1 4 -3 -5 -4
right_child=-2 3 6 5 -6 -7 -8
leaf_value=-0.01612163488682427 -0.012097292388249966 0.022544417492386049 -0.0032951159276867394 0.0084315411156159013 0.003832717846206046 -0.0021569208031717536 0.0078353261316959077
leaf_weight=8.8154307790100592 6.7846460267901412 4.9370741024613407 8.4384735189378279 11.04136881418526 19.138991519808769 33.657755509018898 8.2312185578048211
leaf_count=49 36 28 45 68 118 217 50
internal_value=0.000202097 0.00126806 -0.00441803 0.0034942 0.00865506 0.000454566 0.00199374
internal_weight=101.045 94.2603 25.4851 68.7752 24.0761 44.6991 16.6697
internal_count=611 575 144 431 146 285 95
is_linear=0
shrinkage=0.02


Tree=227
num_leaves=7
num_cat=0
split_feature=14 2 35 46 2 14
split_gain=2.14658 2.80069 3.03851 1.6248 1.94016 1.11934
threshold=1.1778891424017637e-31 612.50000000000011 -0.0011001398397474367 19.500000000000004 637.50000000000011 0.032795306439164514
decision_type=2 2 2 2 2 2
left_child=-1 2 -2 4 -3 -4
right_child=1 3 5 -5 -6 -7
leaf_value=-0.0048017204410639655 -0.00024579298945856938 -0.0052225894915767469 0.016843311565019559 0.0074943831134488817 0.0029049256465734303 0.0049501023094604127
leaf_weight=13.404107391834257 9.7718799151480216 21.758200351148844 11.496288612484934 10.149461122229694 22.562891114503145 8.1057921051979047
leaf_count=72 55 134 71 74 136 51
internal_value=0.00220758 0.00344225 0.0083264 0.000597615 -0.000979859 0.0126955
internal_weight=97.2486 83.8445 29.374 54.4706 44.3211 19.6021
internal_count=593 521 177 344 270 122
is_linear=0
shrinkage=0.02


Tree=228
num_leaves=7
num_cat=1
split_feature=22 18 25 14 25 68
split_gain=3.20959 2.03982 5.87059 3.75499 2.89948 1.61272
threshold=0.0041638008591550662 2.2018086887861377e-10 -0.0017808325771482309 1.8584396429352639e-07 -0.0017808325771482309 0
decision_type=2 2 2 2 2 1
left_child=1 4 -3 -4 -1 -6
right_child=-2 2 3 -5 5 -7
leaf_value=0.0043273461290924131 0.0089193303217011376 -0.011727211897664269 0.014820734405957808 -0.00016912594873126464 -0.0086260468030233944 0.00029986288738634005
leaf_weight=10.507966019213198 10.914568018168209 8.2841570563614351 11.152578424662353 13.100323077291248 35.256838720291853 8.6989728920161706
leaf_count=64 74 49 62 81 203 48
internal_value=-0.000737274 -0.0021045 0.00169508 0.00680022 -0.00447221 -0.00675874
internal_weight=97.9154 87.0008 32.5371 24.2529 54.4638 43.9558
internal_count=581 507 192 143 315 251
cat_boundaries=0 1
cat_threshold=4
is_linear=0
shrinkage=0.02


Tree=229
num_leaves=9
num_cat=0
split_feature=37 42 15 18 25 13 25 1
split_gain=2.88019 2.44461 3.77917 4.05866 2.94938 2.49118 2.31373 1.69978
threshold=1.0000000180025095e-35 2.6666666666666119 8.3360644767135955e-21 7.8989124076590306e-12 -0.00047527591800548911 -1.0000000180025095e-35 0.00030223348728215224 7.5000000000000009
decision_type=2 2 2 2 2 2 2 2
left_child=6 2 4 -4 -2 -3 -1 -7
right_child=1 5 3 -5 -6 7 -8 -9
leaf_value=-0.012529247200396498 0.013523998300383186 -0.0026625705132347194 -0.011476070823938634 0.0032592044267525056 -0.0012726335273736168 0.0004149910045370073 -0.00015414614811603698 0.013368397835296458
leaf_weight=12.037905625998976 8.1132990904152411 8.6318744570016879 18.941740516573194 10.543304931372402 11.265466481447218 7.1241231486201313 13.19986282289028 13.302616996690629
leaf_count=67 52 59 100 64 67 44 64 103
internal_value=-0.000770036 0.00108128 -0.00155608 -0.00607612 0.00498749 0.00561999 -0.00653806 0.00936094
internal_weight=103.16 77.9224 48.8638 29.485 19.3788 29.0586 25.2378 20.4267
internal_count=620 489 283 164 119 206 131 147
is_linear=0
shrinkage=0.02


Tree=230
num_leaves=8
num_cat=0
split_feature=34 15 15 7 25 35 23
split_gain=2.56812 4.03065 2.91542 2.49102 1.85982 2.92451 2.8457
threshold=1.2262552329956098 6.9160537140819826e-09 4.0188273431033682e-33 45.937500000000007 0.00041160789952436307 -0.0013938389336848676 0.72013826929955571
decision_type=2 2 2 2 2 2 2
left_child=3 2 -2 -1 6 -6 -5
right_child=1 -3 -4 4 5 -7 -8
leaf_value=0.01012151269572727 0.0053631361452144829 0.012670046048640591 -0.01076058767566467 -0.0021423451173687696 -0.0099780598913663081 0.0052017549619167427 -0.013819191600697759
leaf_weight=4.7657441496849051 8.6808416619896906 12.85319174826145 7.1094376742839804 28.97477962076664 5.928823288530114 17.373201858252287 12.08883175626397
leaf_count=25 65 75 41 173 34 110 67
internal_value=-0.000142959 0.0047288 -0.0017476 -0.00228569 -0.00343692 0.000840946 -0.00596937
internal_weight=97.7749 28.6435 15.7903 69.1314 64.3656 23.302 41.0636
internal_count=590 181 106 409 384 144 240
is_linear=0
shrinkage=0.02


Tree=231
num_leaves=10
num_cat=0
split_feature=34 8 22 36 34 18 40 40 8
split_gain=2.34166 3.49127 7.38332 5.48662 3.25903 3.25376 2.89761 1.90931 0.0321764
threshold=0.92501375545974929 199.15000000000001 -0.002408307478804507 0.21773113346772724 1.2521183867743872 1.0723573197752367e-09 5.5940624999993824 7.2928124999998554 289.37500000000006
decision_type=2 2 2 2 2 2 2 2 2
left_child=5 3 -3 4 -2 6 -1 -7 -4
right_child=1 2 8 -5 -6 7 -8 -9 -10
leaf_value=-0.00014450524849737623 0.00087286701320078491 -0.0050715280619146397 0.02018201674963753 0.011954588886989012 -0.01344957638489705 0.0097353273592442318 -0.013272876162651276 -0.0031524941985914641 0.0095307075907192177
leaf_weight=13.946897074580194 11.211101248860365 8.7229986898601073 8.6218186095356923 7.9124932251870623 11.513426601886747 8.755746662616728 14.002096675336359 7.0453379973769179 6.3224181979894629
leaf_count=77 56 61 60 67 58 53 79 43 40
internal_value=0.000261475 0.0030661 0.00870244 -0.00123578 -0.00639177 -0.00307638 -0.00716021 0.00378621 0.0169325
internal_weight=98.0543 54.3043 23.6672 30.637 22.7245 43.7501 27.949 15.8011 14.9442
internal_count=594 342 161 181 114 252 156 96 100
is_linear=0
shrinkage=0.02


Tree=232
num_leaves=7
num_cat=0
split_feature=1 15 14 9 9 9
split_gain=5.27725 4.15235 2.59284 2.93625 3.15225 1.22903
threshold=32.500000000000007 2.7808011756172034e-07 0.99427044007079035 304.09375000000006 180.87500000000003 194.85625000000002
decision_type=2 2 2 2 2 2
left_child=2 5 3 4 -1 -2
right_child=1 -3 -4 -5 -6 -7
leaf_value=0.0071660883393839369 0.0056860477137601981 -0.017007949775101509 -0.0056291707122093342 0.013723376367262568 -0.0024073050894129464 -0.0056064944763158479
leaf_weight=27.902552764862776 6.5556278154253977 9.2142214775085431 9.4931241460144502 11.652374796569346 24.28358143940568 6.8685769401490688
leaf_count=157 38 56 57 78 152 44
internal_value=0.000762526 -0.00739797 0.00342813 0.00493358 0.00263702 0
internal_weight=95.9701 22.6384 73.3316 63.8385 52.1861 13.4242
internal_count=582 138 444 387 309 82
is_linear=0
shrinkage=0.02


Tree=233
num_leaves=9
num_cat=0
split_feature=34 15 42 11 15 15 7 2
split_gain=2.26475 2.15971 2.06793 4.32374 2.92206 2.64463 2.27019 1.95179
threshold=0.64044234940038891 6.9160537140819826e-09 2.6666666666664196 7.1058388466335742e-05 4.5791993396687585e-05 9.6442019692985729e-09 278.73125000000005 617.50000000000011
decision_type=2 2 2 2 2 2 2 2
left_child=1 -1 3 4 -2 6 -4 -7
right_child=2 -3 5 -5 -6 7 -8 -9
leaf_value=0.00052882704903691781 0.0085069902491895586 -0.012933176819403133 -0.0040459047161934556 -0.010560812035053838 -0.0054798796776116604 0.016355550391085227 0.0067841700181187686 0.0030865911320977486
leaf_weight=9.0365601032972354 15.790095161646606 7.3877470418810836 15.867273654788734 12.192844450473784 7.9070715606212607 9.9675587452948111 13.054469391703604 10.691562972962855
leaf_count=50 94 39 101 67 42 65 87 68
internal_value=0.000914482 -0.00557684 0.00228133 -0.00122807 0.00356411 0.00491435 0.000705324 0.0102251
internal_weight=101.895 16.4243 85.4709 35.89 23.6972 49.5809 28.9217 20.6591
internal_count=613 89 524 203 136 321 188 133
is_linear=0
shrinkage=0.02


Tree=234
num_leaves=6
num_cat=0
split_feature=14 14 37 42 25
split_gain=2.33453 2.50888 2.45531 2.60692 2.49109
threshold=0.99995067840542273 0.96676282025172477 1.0000000180025095e-35 2.6666666666663006 0.00030223348728215224
decision_type=2 2 2 2 2
left_child=1 2 4 -4 -1
right_child=-2 -3 3 -5 -6
leaf_value=-0.013514276788530864 -0.011544269020240881 0.0091612579202136422 -0.0039324356932432039 0.0040062355961410449 0
leaf_weight=10.264778301119806 6.5592261254787436 9.6541898474097234 26.808466460555792 39.081875819712877 9.5489333570003492
leaf_count=59 36 68 151 256 46
internal_value=-0.000845689 0 -0.00112309 0.000676068 -0.00713946
internal_weight=101.917 95.3582 85.7041 65.8903 19.8137
internal_count=616 580 512 407 105
is_linear=0
shrinkage=0.02


Tree=235
num_leaves=8
num_cat=0
split_feature=17 62 36 36 9 36 7
split_gain=3.86912 3.95853 4.05175 4.46127 3.15412 2.84919 1.55746
threshold=0.72398918366609699 1.0000000180025095e-35 -0.37539867980668834 0.50778523553225696 230.26875000000004 -0.09248095891889295 238.28750000000002
decision_type=2 2 2 2 2 2 2
left_child=1 6 -3 -4 5 -2 -1
right_child=4 2 3 -5 -6 -7 -8
leaf_value=-0.003558391403893441 -0.0071975138065170285 0.012626847945426676 -0.0046694502662848374 0.011476027710065666 0.016959854974317814 0.0096655734633872264 -0.016019539239409325
leaf_weight=10.035281814634802 7.4040276110172281 7.3512737788259974 46.712378032505512 6.8741211257874957 6.6162849329411975 6.5709380581974992 9.7505294755101186
leaf_count=54 36 50 243 85 44 49 52
internal_value=-0.000885528 -0.00291792 -0.000241802 -0.00231608 0.00657027 0.000446702 -0.0104632
internal_weight=101.315 80.7236 60.9378 53.5865 20.5913 13.975 19.7858
internal_count=613 484 378 328 129 85 106
is_linear=0
shrinkage=0.02


Tree=236
num_leaves=9
num_cat=1
split_feature=35 10 10 35 86 35 16 16
split_gain=2.55388 11.3856 4.71724 3.01118 2.81456 2.52258 2.02847 1.10386
threshold=0.00059987817969796677 1.0000000180025095e-35 1.0000000180025095e-35 -0.0013985688898764488 0 -0.0013523896962553592 0.0027383823321441916 0.96160306815294516
decision_type=2 2 2 2 9 2 2 2
left_child=2 -2 5 6 -5 -1 -4 -3
right_child=1 7 3 4 -6 -7 -8 -9
leaf_value=0.017068966587690394 -0.010414163240179374 0.017477060871261302 -0.0034029313486661212 0.0034705933750737066 -0.0078601498565570201 0 -0.017240802556870043 0.0039092768667575422
leaf_weight=6.0017600581049919 10.680039726197721 13.542610274627807 10.872091732919218 22.283338025212288 12.91022641956806 6.2013562992215139 8.8972050845622999 5.2151587232947341
leaf_count=51 52 138 55 109 62 34 49 43
internal_value=0.000286096 0.00515218 -0.00180291 -0.004388 -0.000622472 0.00883641 -0.0104498 0.0143973
internal_weight=96.6038 29.4378 67.166 54.9629 35.1936 12.2031 19.7693 18.7578
internal_count=593 233 360 275 171 85 104 181
cat_boundaries=0 1
cat_threshold=4
is_linear=0
shrinkage=0.02


Tree=237
num_leaves=8
num_cat=0
split_feature=8 36 8 8 9 18 34
split_gain=1.64825 2.62111 3.44137 2.53581 2.5265 1.32167 0.810847
threshold=46.550000000000004 0.20673012635435892 283.07500000000005 270.77500000000003 194.85625000000002 8.7352667305267257e-08 0.94737833351786593
decision_type=2 2 2 2 2 2 2
left_child=-1 2 4 5 -2 -3 -4
right_child=1 3 6 -5 -6 -7 -8
leaf_value=0.009671941060907038 0 0.0043678313931588969 0.0010467970821704928 -0.0023205012992387514 -0.0086819772018848513 0.016772202069034164 0.012326046510872555
leaf_weight=7.76993604004383 26.249905645847321 11.70855568349362 6.606012396514414 9.2549893558025342 23.968743391335011 6.5560606978833667 5.645403791218996
leaf_count=42 131 98 38 59 123 63 43
internal_value=0.00135551 0.000473099 -0.0017236 0.00555561 -0.00412487 0.00977131 0.00723496
internal_weight=97.7596 89.9897 62.4701 27.5196 50.2186 18.2646 12.2514
internal_count=597 555 335 220 254 161 81
is_linear=0
shrinkage=0.02


Tree=238
num_leaves=9
num_cat=0
split_feature=42 41 35 18 11 23 23 11
split_gain=2.39376 3.01801 2.69706 2.53283 2.46416 3.23587 2.04178 0.995979
threshold=2.6666666666663046 17.110499999998869 -0.0025222493614878946 1.0734767152283075e-05 7.1058388466335742e-05 0.2379448776749471 0.32465469580787815 4.3195578924942194e-05
decision_type=2 2 2 2 2 2 2 2
left_child=4 6 -3 -4 5 -1 -2 -7
right_child=1 2 3 -5 -6 7 -8 -9
leaf_value=-0.0081720295412217175 0 -0.0096921766217345391 -0.00033572903490202257 0.011554152229556193 -0.011823382469126601 0 0.015828088364596135 0.0093368181518189517
leaf_weight=12.842761605978014 5.8219420202076426 8.4972962997853738 31.294312134385109 7.9600702188909045 10.280347183346747 10.397454261779787 8.4872245863080007 7.9692615792155257
leaf_count=71 36 53 195 51 58 57 57 50
internal_value=-4.91074e-05 0.00236563 0 0.0021534 -0.00377297 -0.000650151 0.0100949 0.00445003
internal_weight=103.551 62.0608 47.7517 39.2544 41.4898 31.2095 14.3092 18.3667
internal_count=628 392 299 246 236 178 93 107
is_linear=0
shrinkage=0.02


Tree=239
num_leaves=7
num_cat=1
split_feature=74 35 1 18 23 7
split_gain=2.55178 4.10643 3.75727 3.22485 3.0833 2.84636
threshold=0 -0.00032017830453279504 42.500000000000007 1.1732299055082225e-06 0.5352517862732985 272.86875000000003
decision_type=9 2 2 2 2 2
left_child=1 -1 3 5 -5 -2
right_child=2 -3 -4 4 -6 -7
leaf_value=0.0046223904385095564 -0.0011065820993360605 -0.012918612339991229 -0.0080144795111399755 0.019853295252592641 0 0.0086862900576009528
leaf_weight=7.9091812074184444 39.241833984851837 11.616790208965538 10.923239421099423 7.8971552010625583 5.7072565779089928 15.475412286818026
leaf_count=49 232 61 65 55 37 99
internal_value=0.000575612 -0.00564211 0.00223365 0.00405065 0.0124769 0.00166159
internal_weight=98.7709 19.526 79.2449 68.3217 13.6044 54.7172
internal_count=598 110 488 423 92 331
cat_boundaries=0 1
cat_threshold=1
is_linear=0
shrinkage=0.02


Tree=240
num_leaves=7
num_cat=1
split_feature=11 14 15 11 79 37
split_gain=2.80376 4.17321 3.37672 2.90003 2.50054 2.99729
threshold=5.1333026300266623e-05 0.010695037654311821 5.7942600100030645e-16 0.00043001315316808995 0 1.0000000180025095e-35
decision_type=2 2 2 2 1 2
left_child=1 2 -1 4 5 -2
right_child=3 -3 -4 -5 -6 -7
leaf_value=-0.0010100471717068267 -0.0046463452294409503 0.0054805925138318593 -0.019477531223901938 -0.0084876365469879148 0.012421224480737986 0.0053675859928209099
leaf_weight=9.0820342637598568 15.495668783783911 9.5090565085411054 7.4327437654137603 6.48118633031845 12.215819947421549 39.52119960077107
leaf_count=57 79 57 40 36 76 270
internal_value=0.00111854 -0.00432346 -0.0103017 0.00315223 0.00447019 0.00240743
internal_weight=99.7377 26.0238 16.5148 73.7139 67.2327 55.0169
internal_count=615 154 97 461 425 349
cat_boundaries=0 1
cat_threshold=2
is_linear=0
shrinkage=0.02


Tree=241
num_leaves=6
num_cat=0
split_feature=14 14 9 35 34
split_gain=4.08973 3.99818 4.5613 3.29107 2.3182
threshold=0.99941777587941838 0.97315257266493649 109.5125 -0.0029762209385178749 0.89928461736471288
decision_type=2 2 2 2 2
left_child=1 2 4 -4 -1
right_child=-2 -3 3 -5 -6
leaf_value=0.0024590762537712442 -0.0096228046458857446 0.016386856366604814 -0.0059137786852735642 0.0067551893944024785 -0.010772577139547381
leaf_weight=7.0123653076589134 9.427336920052765 7.869047174230217 8.4193984083831293 51.492796018719673 12.961523544043301
leaf_count=39 54 56 55 323 72
internal_value=0.00211027 0.00353255 0.00200524 0.00480847 -0.00594542
internal_weight=97.1825 87.7551 79.8861 59.9122 19.9739
internal_count=599 545 489 378 111
is_linear=0
shrinkage=0.02


Tree=242
num_leaves=7
num_cat=0
split_feature=7 7 11 59 3 22
split_gain=1.95345 2.40413 2.17414 2.25969 1.86994 1.41152
threshold=53.781250000000007 102.575 0.00024956257621367464 1.0000000180025095e-35 1.0000000180025095e-35 -0.00055466677671657451
decision_type=2 2 2 2 2 2
left_child=-1 5 3 -3 -4 -2
right_child=1 2 4 -5 -6 -7
leaf_value=0.0088254938937398636 -0.00073172926057889611 -0.0040259663034488127 0.00049512044970487831 0.004496200355191866 -0.011165508203640763 -0.013979829722491484
leaf_weight=7.369828335940837 7.0117921680212021 15.752761512994764 9.1244925931096077 43.306962942704558 9.8524551764130592 7.5072698593139631
leaf_count=39 40 91 56 286 54 45
internal_value=-0.000349943 -0.0012312 0.000121546 0.00209403 -0.00551437 -0.00842787
internal_weight=99.9256 92.5557 78.0367 59.0597 18.9769 14.5191
internal_count=611 572 487 377 110 85
is_linear=0
shrinkage=0.02


Tree=243
num_leaves=7
num_cat=0
split_feature=14 14 1 14 1 16
split_gain=3.3819 4.36166 3.38368 2.25028 1.70873 1.48653
threshold=0.99427044007079035 0.92507425460169368 32.500000000000007 1.2822448377114248e-06 12.500000000000002 1.3693855849055316e-12
decision_type=2 2 2 2 2 2
left_child=1 2 5 -4 -2 -1
right_child=4 -3 3 -5 -6 -7
leaf_value=-0.0044268802824787689 -0.015652810538571042 0.014928436784572166 0 -0.013945177507143969 -0.00059625540414734056 0.0035519652855621944
leaf_weight=9.9947585202753526 6.8216693699359876 7.3660160265862933 8.8545522950589675 9.3060895092785341 6.470288161188364 49.084512274712324
leaf_count=62 37 51 52 58 46 294
internal_value=-0.000244856 0.00119933 -0.000207337 -0.00759098 -0.00929791 0.00205106
internal_weight=97.8979 84.6059 77.2399 18.1606 13.292 59.0793
internal_count=600 517 466 110 83 356
is_linear=0
shrinkage=0.02


Tree=244
num_leaves=8
num_cat=0
split_feature=11 11 23 8 14 14 35
split_gain=2.50772 2.97596 2.37038 2.11822 1.81325 2.56727 1.4556
threshold=5.1333026300266623e-05 7.1628299076680995e-05 0.39127306077101154 42.225000000000009 0.99427044007079035 1.0000000180025095e-35 -0.00012442813949196157
decision_type=2 2 2 2 2 2 2
left_child=3 2 -2 -1 5 -3 -5
right_child=1 4 -4 6 -6 -7 -8
leaf_value=0.0036950178347609102 0.01730303874486739 -0.0084591892185478489 0 -0.013383995334925328 -0.0074908179571311715 0.0033294731464139082 -0.0023372678302698876
leaf_weight=6.5705618634820011 6.7391535826027376 7.7564368993043891 6.2986512817442417 10.663745954632764 10.541565906256436 42.481624659150839 11.63967159762978
leaf_count=36 42 40 47 55 64 264 76
internal_value=-0.000335707 0.00156202 0.00987503 -0.00527805 -0.000255055 0.0012627 -0.00822411
internal_weight=102.691 73.8174 13.0378 28.874 60.7796 50.2381 22.3034
internal_count=624 457 89 167 368 304 131
is_linear=0
shrinkage=0.02


Tree=245
num_leaves=9
num_cat=0
split_feature=42 18 34 18 36 34 18 36
split_gain=2.88648 3.61838 3.30375 3.27597 2.54355 2.17556 1.87974 0.423532
threshold=2.6666666666666772 1.0723573197752367e-09 0.84870895424057069 0.011733820157203102 -0.60981748462033469 1.0432238917940999 3.7387980102858807e-10 0.13877679517628125
decision_type=2 2 2 2 2 2 2 2
left_child=1 4 -2 7 -1 -6 -4 -3
right_child=2 3 6 -5 5 -7 -8 -9
leaf_value=-0.016901822918973197 -0.0051564975894525635 0.0038576536449018133 0.014929798352142478 -0.0067014304519347149 -0.0077227357510859154 0.0012913315579970073 0.0014812267099332617 0.012751231051190304
leaf_weight=7.076372690498828 8.5184478983283061 8.8513316102325934 9.4300047531723994 7.4977461360394946 24.133994657546282 16.498393461108208 9.1564554497599584 6.2683141082525244
leaf_count=43 49 47 64 46 133 99 61 49
internal_value=-0.001022 -0.00320046 0.00432949 0.0031221 -0.00632355 -0.00397544 0.0090247 0.00847928
internal_weight=97.4311 70.3262 27.1049 22.6174 47.7088 40.6324 18.5865 15.1196
internal_count=591 417 174 142 275 232 125 96
is_linear=0
shrinkage=0.02


Tree=246
num_leaves=9
num_cat=0
split_feature=40 46 36 46 15 36 8 16
split_gain=2.55833 3.11784 2.76844 4.62014 2.21625 1.39304 1.33167 0.732996
threshold=9.8024999999997835 19.500000000000004 -0.16155547948209445 17.500000000000004 6.6697804727908132e-05 -0.21488331375404326 107.80000000000003 0.00040959520291023826
decision_type=2 2 2 2 2 2 2 2
left_child=1 2 6 -4 7 -3 -1 -2
right_child=4 5 3 -5 -6 -7 -8 -9
leaf_value=-0.013519885375057217 0.015667124755335136 0.012626666922189183 0.012142043707761792 -0.0036376207235935772 -0.0019271393953006653 0.00071965450762688987 -0.0037305808048877904 0.0047234125885062131
leaf_weight=9.170031666755678 7.0554815120995071 7.1495266705751446 9.4853532463312131 23.909755051136017 6.8583288267254821 10.126421676948665 20.995011579245329 8.444261755794285
leaf_count=48 45 37 62 157 37 76 111 53
internal_value=0.00080359 -0.00080578 -0.00292519 0.000892609 0.00666456 0.00639685 -0.00723733 0.0107163
internal_weight=103.194 80.8361 63.5602 33.3951 22.3581 17.2759 30.165 15.4997
internal_count=626 491 378 219 135 113 159 98
is_linear=0
shrinkage=0.02


Tree=247
num_leaves=7
num_cat=0
split_feature=8 34 12 17 42 17
split_gain=2.51834 2.04382 2.14924 4.30453 4.10816 1.00899
threshold=42.225000000000009 0.66047857761812223 1.1500000000000001 0.98482223229604215 2.6666666666666248 2.1010635703826148e-05
decision_type=2 2 2 2 2 2
left_child=-1 5 3 -3 -4 -2
right_child=1 2 4 -5 -6 -7
leaf_value=0.010304067640522272 -0.013449413294171313 0.0035547642487273276 -0.013228879030699974 -0.011710866765228178 0.0042251399624526507 -0.0020075350206369131
leaf_weight=6.429233342409133 7.0856365486979476 53.758304888382554 11.698374498635532 7.451894834637641 8.0260164700448495 8.0348805338144285
leaf_count=34 39 345 63 50 50 43
internal_value=-0.000816634 -0.00172129 -0.000343875 0.00144147 -0.00597601 -0.00824322
internal_weight=102.484 96.0551 80.9346 61.2102 19.7244 15.1205
internal_count=624 590 508 395 113 82
is_linear=0
shrinkage=0.02


Tree=248
num_leaves=8
num_cat=0
split_feature=34 15 2 7 11 22 46
split_gain=2.59539 3.46423 2.16165 2.14814 2.42934 2.17005 1.69706
threshold=0.9941066698910449 5.4228940155071757e-05 637.50000000000011 141.34375000000003 7.1058388466335742e-05 0.0010826981761006751 17.500000000000004
decision_type=2 2 2 2 2 2 2
left_child=1 2 6 -2 -5 -6 -1
right_child=3 -3 -4 4 5 -7 -8
leaf_value=0.0042541689756020089 -0.0028388884029246692 -0.011222253922848343 0.0070614131801209666 0.014438114140827019 0.0078329651324704937 -0.0031907312606182787 -0.0062057645846521261
leaf_weight=7.5601320974528816 13.65035257861018 13.52338347584009 11.710692889988421 9.3254140056669694 13.484538720920684 12.3555964641273 18.611734617501497
leaf_count=44 74 78 71 60 89 79 106
internal_value=0.000136456 -0.00291034 0.000114856 0.00345937 0.00608099 0.00241589 -0.00291808
internal_weight=100.222 51.4059 37.8826 48.8159 35.1655 25.8401 26.1719
internal_count=601 299 221 302 228 168 150
is_linear=0
shrinkage=0.02


Tree=249
num_leaves=9
num_cat=0
split_feature=25 2 25 14 14 25 25 15
split_gain=2.75515 3.83113 7.14432 3.68231 3.14705 2.71934 2.55669 2.41194
threshold=0.00030223348728215224 642.50000000000011 0.00096846624811183736 0.97315257266493649 3.8604103824750926e-05 -0.002698104182168295 0.0012403924137516676 9.2418712750875736e-19
decision_type=2 2 2 2 2 2 2 2
left_child=3 2 -2 5 -4 -1 -3 -7
right_child=1 6 4 -5 -6 7 -8 -9
leaf_value=0.0041512897693981952 0.021685926190252822 -0.013481927362325523 -0.0068179661762327783 0.0072901699862590588 0.0077995703704090537 -0.0018280620919509777 0.0026753247420204245 -0.012192631106770333
leaf_weight=8.1236729286611062 8.6388032566756028 6.3229617811739427 10.1649586558342 9.693323150277136 11.301250986754892 18.266952531412244 6.8240506611764431 21.403471864759922
leaf_count=52 54 36 58 62 74 116 46 118
internal_value=-0.000289903 0.00341347 0.00735729 -0.00318953 0.000615242 -0.00554377 -0.00507498 -0.0077299
internal_weight=100.739 43.252 30.105 57.4874 21.4662 47.7941 13.147 39.6704
internal_count=616 268 186 348 132 286 82 234
is_linear=0
shrinkage=0.02


end of trees

feature_importances:
lambda_zscore=157
lambda_val=152
rvol=105
hmm_bull_prob=100
occ_first_bar_ret=91
hmm_neutral_prob=86
har_rv_forecast=80
atr_5=76
atr=71
hmm_strong_prob=69
hmm_stress_prob=69
lambda_aligned=66
tsmom_return_30m=65
hmm_bear_prob=63
atr_20=60
trend_dir_ord=55
rr_planned=54
tsmom_conviction=53
minute_of_day=42
bd_lambda=28
minute=26
risk_pts=22
open_type_cat=22
stop_mult=21
score=20
dir_long=19
har_vol_regime_cat=16
reward_pts_planned=13
hmm_state_ord=10
bd_overnight=8
occ_dir_cat=7
trend_dir_cat=5
bd_occ=4
tsmom_bias_cat=4
rvol_regime_cat=4
bd_tsmom=3
occ_conviction_cat=3
bd_rvol=2
overnight_type_cat=2
bd_hmm=1
vol_regime_cat=1

parameters:
[boosting: gbdt]
[objective: binary]
[metric: binary_logloss]
[tree_learner: serial]
[device_type: cpu]
[data_sample_strategy: bagging]
[data: ]
[valid: ]
[num_iterations: 250]
[learning_rate: 0.02]
[num_leaves: 12]
[num_threads: 6]
[seed: 42]
[deterministic: 0]
[force_col_wise: 0]
[force_row_wise: 0]
[histogram_pool_size: -1]
[max_depth: 4]
[min_data_in_leaf: 40]
[min_sum_hessian_in_leaf: 0.001]
[bagging_fraction: 0.7]
[pos_bagging_fraction: 1]
[neg_bagging_fraction: 1]
[bagging_freq: 1]
[bagging_seed: 400]
[bagging_by_query: 0]
[feature_fraction: 0.6]
[feature_fraction_bynode: 1]
[feature_fraction_seed: 30056]
[extra_trees: 0]
[extra_seed: 12879]
[early_stopping_round: 0]
[early_stopping_min_delta: 0]
[first_metric_only: 0]
[max_delta_step: 0]
[lambda_l1: 0.3]
[lambda_l2: 1]
[linear_lambda: 0]
[min_gain_to_split: 0]
[drop_rate: 0.1]
[max_drop: 50]
[skip_drop: 0.5]
[xgboost_dart_mode: 0]
[uniform_drop: 0]
[drop_seed: 17869]
[top_rate: 0.2]
[other_rate: 0.1]
[min_data_per_group: 100]
[max_cat_threshold: 32]
[cat_l2: 10]
[cat_smooth: 10]
[max_cat_to_onehot: 4]
[top_k: 20]
[monotone_constraints: ]
[monotone_constraints_method: basic]
[monotone_penalty: 0]
[feature_contri: ]
[forcedsplits_filename: ]
[refit_decay_rate: 0.9]
[cegb_tradeoff: 1]
[cegb_penalty_split: 0]
[cegb_penalty_feature_lazy: ]
[cegb_penalty_feature_coupled: ]
[path_smooth: 0]
[interaction_constraints: ]
[verbosity: -1]
[saved_feature_importance_type: 0]
[use_quantized_grad: 0]
[num_grad_quant_bins: 4]
[quant_train_renew_leaf: 0]
[stochastic_rounding: 1]
[linear_tree: 0]
[max_bin: 255]
[max_bin_by_feature: ]
[min_data_in_bin: 3]
[bin_construct_sample_cnt: 200000]
[data_random_seed: 175]
[is_enable_sparse: 1]
[enable_bundle: 1]
[use_missing: 1]
[zero_as_missing: 0]
[feature_pre_filter: 1]
[pre_partition: 0]
[two_round: 0]
[header: 0]
[label_column: ]
[weight_column: ]
[group_column: ]
[ignore_column: ]
[categorical_feature: 68,69,70,71,72,73,74,75,76,77,78,79,80,81,82,83,84,85,86,87]
[forcedbins_filename: ]
[precise_float_parser: 0]
[parser_config_file: ]
[objective_seed: 16083]
[num_class: 1]
[is_unbalance: 0]
[scale_pos_weight: 1]
[sigmoid: 1]
[boost_from_average: 1]
[reg_sqrt: 0]
[alpha: 0.9]
[fair_c: 1]
[poisson_max_delta_step: 0.7]
[tweedie_variance_power: 1.5]
[lambdarank_truncation_level: 30]
[lambdarank_norm: 1]
[label_gain: ]
[lambdarank_position_bias_regularization: 0]
[eval_at: ]
[multi_error_top_k: 1]
[auc_mu_weights: ]
[num_machines: 1]
[local_listen_port: 12400]
[time_out: 120]
[machine_list_filename: ]
[machines: ]
[gpu_platform_id: -1]
[gpu_device_id: -1]
[gpu_use_dp: 0]
[num_gpu: 1]

end of parameters

pandas_categorical:[["compressed", "elevated", "normal"], ["normal"], ["bear", "bull", "strong_bear", "strong_bull"], ["contango", "deep_contango"], ["mixed", "range", "reversal", "trend"], ["expansion", "neutral", "rotation"], ["high", "low", "normal"], ["bear", "bull", "neutral", "stress", "strong_bull", "unavailable"], ["mean_rev", "neutral"], ["long", "neutral", "short"], ["long", "neutral", "short"], ["low", "normal"], ["bearish", "bullish", "neutral"], ["neutral"], ["headwind", "neutral", "strong_headwind", "tailwind"], ["neutral", "nq_extended"], ["extreme_long", "extreme_short", "neutral"], ["bullish", "neutral"], ["climax", "high", "normal", "thin"], [""]]
